"Jul 1, 2014",72.48,74.13,72.35,74.03,"2,142,900",73.76
"Jun 30, 2014",70.92,72.07,70.92,72.07,"1,777,300",71.81
"Jun 27, 2014",70.74,71.17,70.25,70.94,"1,693,500",70.68
"Jun 26, 2014",71.72,71.87,70.38,70.96,"812,600",70.70
"Jun 25, 2014",70.58,71.70,70.06,71.63,"1,282,700",71.37
"Jun 24, 2014",71.78,72.30,70.63,70.67,"1,530,400",70.41
"Jun 23, 2014",71.61,71.96,70.79,71.24,"1,334,900",70.98
"Jun 20, 2014",71.16,71.95,70.87,71.57,"2,183,400",71.31
"Jun 19, 2014",71.13,71.32,70.34,70.93,"1,273,400",70.67
"Jun 18, 2014",71.58,71.88,70.55,71.22,"1,383,300",70.96
"Jun 17, 2014",70.59,71.62,70.59,71.48,"1,381,700",71.22
"Jun 16, 2014",71.47,71.94,70.60,70.88,"1,566,800",70.33
"Jun 13, 2014",72.18,72.45,70.91,71.42,"1,350,800",70.87
"Jun 12, 2014",71.34,72.04,71.20,71.76,"1,360,400",71.21
"Jun 11, 2014",71.67,72.39,71.35,71.75,"2,494,300",71.20
"Jun 10, 2014",71.75,72.25,71.50,71.86,"1,640,900",71.31
"Jun 9, 2014",71.88,72.50,71.47,71.79,"1,742,000",71.24
"Jun 6, 2014",72.28,72.35,71.24,71.63,"1,586,600",71.08
"Jun 5, 2014",71.51,72.00,71.23,71.87,"2,728,800",71.32
"Jun 4, 2014",71.26,71.86,71.14,71.61,"1,937,900",71.06
"Jun 3, 2014",71.33,72.08,70.84,71.45,"2,230,800",70.90
"Jun 2, 2014",71.21,72.00,70.60,71.64,"2,659,900",71.09
"May 30, 2014",71.85,72.00,69.41,70.67,"3,893,800",70.12
"May 29, 2014",70.48,70.85,69.81,70.79,"2,756,600",70.24
"May 28, 2014",70.55,70.75,69.84,70.10,"3,492,700",69.56
"May 27, 2014",71.03,71.28,70.32,70.93,"3,163,700",70.38
"May 23, 2014",69.12,70.61,68.73,70.55,"3,201,700",70.01
"May 22, 2014",68.43,69.22,67.88,68.68,"1,567,900",68.15
"May 21, 2014",67.52,68.44,67.37,68.41,"1,689,600",67.88
"May 20, 2014",68.36,68.38,66.92,67.52,"2,908,500",67.00
"May 19, 2014",69.10,69.41,68.14,68.32,"3,778,900",67.79
"May 16, 2014",68.09,68.93,67.32,68.48,"5,204,400",67.95
"May 15, 2014",68.67,68.95,67.11,67.93,"3,209,300",67.41
"May 14, 2014",68.54,69.60,67.55,68.51,"3,024,300",67.98
"May 13, 2014",69.27,69.34,68.56,68.76,"2,302,100",68.23
"May 12, 2014",67.93,69.18,67.41,69.13,"2,739,400",68.60
"May 9, 2014",67.92,68.56,66.68,67.41,"3,870,000",66.89
"May 8, 2014",66.81,68.93,66.71,67.95,"5,370,000",67.43
"May 7, 2014",67.75,68.61,66.35,66.81,"56,028,000",66.29
"May 6, 2014",67.93,68.08,66.25,67.34,"12,780,200",66.82
"May 5, 2014",63.87,64.45,63.02,64.25,"1,352,900",63.75
"May 2, 2014",64.72,64.99,63.18,64.27,"1,340,700",63.77
"May 1, 2014",62.92,64.90,62.58,63.49,"1,886,300",63.00
"Apr 30, 2014",61.10,63.67,60.37,63.50,"2,537,500",63.01
"Apr 29, 2014",60.98,61.55,60.01,60.92,"2,165,600",60.45
"Apr 28, 2014",62.91,62.92,60.32,60.78,"3,070,800",60.31
"Apr 25, 2014",64.85,65.03,62.19,62.34,"1,926,600",61.86
"Apr 24, 2014",65.43,65.48,63.54,65.38,"2,751,900",64.88
"Apr 23, 2014",63.98,64.61,63.78,64.60,"2,698,400",64.10
"Apr 22, 2014",61.61,63.79,61.61,63.44,"2,283,000",62.95
"Apr 21, 2014",60.97,62.18,60.82,61.89,"1,256,000",61.41
"Apr 17, 2014",59.34,61.66,58.92,60.89,"1,909,200",60.42
"Apr 16, 2014",59.46,59.46,58.11,59.31,"1,791,600",58.85
"Apr 15, 2014",59.06,59.36,57.27,58.94,"2,501,400",58.49
"Apr 14, 2014",58.45,59.57,58.11,58.82,"1,941,900",58.37
"Apr 11, 2014",59.27,59.96,58.46,58.53,"2,190,300",58.08
"Apr 10, 2014",62.55,62.55,59.62,59.86,"2,039,600",59.40
"Apr 9, 2014",61.04,62.56,61.04,62.47,"1,925,600",61.99
"Apr 8, 2014",60.62,60.98,60.05,60.17,"2,205,500",59.71
"Apr 7, 2014",61.00,61.94,58.83,60.36,"4,327,400",59.89
"Apr 4, 2014",64.56,64.74,60.04,61.80,"3,883,000",61.32
"Apr 3, 2014",64.74,65.58,63.47,63.93,"2,159,200",63.44
"Apr 2, 2014",64.74,65.31,63.84,64.64,"2,097,900",64.14
"Apr 1, 2014",64.55,65.26,64.22,65.05,"2,196,200",64.55
"Mar 31, 2014",64.50,65.33,64.24,64.41,"1,481,900",63.91
"Mar 28, 2014",62.99,64.68,62.87,64.11,"1,433,000",63.62
"Mar 27, 2014",62.77,63.11,61.84,62.78,"2,524,700",62.30
"Mar 26, 2014",64.39,64.88,62.12,62.81,"2,841,400",62.33
"Mar 25, 2014",63.69,64.98,63.28,64.00,"1,614,500",63.51
"Mar 24, 2014",64.03,64.36,62.35,63.16,"2,481,100",62.67
"Mar 21, 2014",65.64,65.83,63.64,63.90,"2,326,700",63.41
"Mar 20, 2014",64.32,65.39,64.30,65.31,"1,996,600",64.81
"Mar 19, 2014",64.01,64.88,63.79,64.41,"1,755,800",63.91
"Mar 18, 2014",63.25,64.01,62.79,63.82,"1,310,900",63.33
"Mar 17, 2014",63.03,63.99,62.76,63.41,"1,396,800",62.65
"Mar 14, 2014",62.77,63.25,62.21,62.68,"1,393,900",61.93
"Mar 13, 2014",63.40,64.50,62.04,62.68,"3,537,700",61.93
"Mar 12, 2014",61.77,63.31,60.45,63.18,"2,359,800",62.43
"Mar 11, 2014",62.98,63.65,61.81,62.02,"1,619,100",61.28
"Mar 10, 2014",62.93,63.42,62.47,62.80,"1,351,900",62.05
"Mar 7, 2014",63.95,63.95,62.45,62.75,"1,513,300",62.00
"Mar 6, 2014",63.29,63.91,63.05,63.64,"1,216,200",62.88
"Mar 5, 2014",63.16,64.23,62.94,63.08,"2,465,600",62.33
"Mar 4, 2014",62.50,64.10,62.28,63.35,"3,676,100",62.59
"Mar 3, 2014",61.15,62.47,60.85,61.74,"1,534,000",61.00
"Feb 28, 2014",61.15,61.97,60.79,61.70,"1,522,500",60.96
"Feb 27, 2014",61.19,62.22,60.78,61.38,"1,646,000",60.65
"Feb 26, 2014",60.00,63.49,59.97,61.90,"4,912,500",61.16
"Feb 25, 2014",60.00,60.00,58.39,59.00,"2,692,900",58.30
"Feb 24, 2014",58.51,59.99,58.51,59.57,"2,067,200",58.86
"Feb 21, 2014",59.43,59.50,58.40,58.55,"1,799,800",57.85
"Feb 20, 2014",58.04,59.03,57.70,59.00,"2,228,200",58.30
"Feb 19, 2014",58.19,58.42,57.49,57.70,"1,459,800",57.01
"Feb 18, 2014",58.51,58.51,57.73,58.37,"1,587,200",57.67
"Feb 14, 2014",57.50,58.38,57.44,58.08,"2,818,000",57.39
"Feb 13, 2014",57.43,59.51,57.38,59.08,"2,261,400",58.37
"Feb 12, 2014",58.20,59.80,58.20,58.94,"2,586,400",58.24
"Feb 11, 2014",56.20,58.16,56.19,58.07,"1,734,400",57.38
"Feb 10, 2014",56.19,56.48,55.57,56.31,"1,234,700",55.64
"Feb 7, 2014",55.47,56.84,55.13,56.57,"1,703,900",55.89
"Feb 6, 2014",53.99,55.87,53.62,55.20,"1,805,300",54.54
"Feb 5, 2014",53.72,54.73,53.19,53.98,"901,700",53.34
"Feb 4, 2014",53.51,54.16,53.10,54.01,"1,348,700",53.37
"Feb 3, 2014",54.80,55.17,52.96,53.26,"1,142,100",52.62
"Jan 31, 2014",53.83,55.29,53.83,54.64,"1,578,400",53.99
"Jan 30, 2014",54.82,55.27,54.09,55.05,"1,198,900",54.39
"Jan 29, 2014",53.94,55.94,53.37,54.07,"2,397,400",53.42
"Jan 28, 2014",54.40,54.80,52.96,54.72,"2,522,300",54.07
"Jan 27, 2014",54.62,55.25,53.74,54.45,"2,103,100",53.80
"Jan 24, 2014",55.70,55.99,54.15,54.49,"1,742,600",53.84
"Jan 23, 2014",56.73,57.15,55.74,56.05,"1,555,100",55.38
"Jan 22, 2014",56.20,57.18,55.85,57.15,"2,552,600",56.47
"Jan 21, 2014",56.61,56.82,55.88,56.11,"1,659,700",55.44
"Jan 17, 2014",55.26,56.42,55.23,56.14,"3,118,100",55.47
"Jan 16, 2014",56.76,56.96,55.15,55.43,"2,408,400",54.77
"Jan 15, 2014",55.68,57.18,55.52,56.97,"2,718,700",56.29
"Jan 14, 2014",53.32,55.84,52.74,55.27,"3,485,500",54.61
"Jan 13, 2014",53.62,53.78,52.39,52.64,"1,394,400",52.01
"Jan 10, 2014",53.94,54.02,52.87,53.30,"1,669,100",52.66
"Jan 9, 2014",54.00,54.17,52.76,53.23,"1,233,900",52.59
"Jan 8, 2014",53.11,53.92,52.86,53.78,"2,296,800",53.14
"Jan 7, 2014",52.82,53.06,52.49,52.99,"1,335,900",52.36
"Jan 6, 2014",52.80,53.40,52.43,52.49,"1,263,400",51.86
"Jan 3, 2014",52.45,52.96,51.96,52.85,"1,166,100",52.22
"Jan 2, 2014",52.85,52.88,51.89,52.65,"1,453,700",52.02
"Dec 31, 2013",52.87,53.30,52.54,52.88,"865,500",52.25
"Dec 30, 2013",52.79,52.85,52.19,52.70,"1,096,200",52.07
"Dec 27, 2013",52.89,53.06,52.61,52.78,"804,300",52.15
"Dec 26, 2013",52.83,52.95,52.46,52.72,"701,000",52.09
"Dec 24, 2013",52.31,52.79,52.24,52.62,"744,800",51.99
"Dec 23, 2013",52.28,52.28,51.80,52.06,"1,298,800",51.44
"Dec 20, 2013",51.43,52.02,51.33,51.65,"2,888,900",51.03
"Dec 19, 2013",52.95,53.01,51.31,51.44,"3,036,600",50.83
"Dec 18, 2013",53.45,53.45,52.01,53.15,"4,278,700",52.52
"Dec 17, 2013",50.35,54.54,50.30,53.56,"8,723,000",52.67
"Dec 16, 2013",49.71,50.55,48.36,50.10,"12,153,400",49.27
"Dec 13, 2013",46.03,46.15,45.61,45.65,"1,587,600",44.89
"Dec 12, 2013",46.45,46.49,45.73,45.75,"1,367,800",44.99
"Dec 11, 2013",46.76,46.99,46.06,46.11,"1,300,500",45.35
"Dec 10, 2013",47.37,47.41,46.48,46.60,"1,599,700",45.83
"Dec 9, 2013",47.09,47.54,46.55,47.37,"2,071,900",46.59
"Dec 6, 2013",48.31,48.31,46.95,46.96,"2,755,200",46.18
"Dec 5, 2013",45.53,47.68,45.06,47.59,"4,594,700",46.80
"Dec 4, 2013",44.48,44.90,44.42,44.50,"2,644,300",43.76
"Dec 3, 2013",44.93,44.97,44.61,44.78,"1,618,900",44.04
"Dec 2, 2013",45.49,46.21,44.94,45.00,"2,445,400",44.26
"Nov 29, 2013",44.99,45.09,44.66,44.73,"1,140,100",43.99
"Nov 27, 2013",44.50,44.81,43.73,44.67,"1,908,600",43.93
"Nov 26, 2013",43.79,44.86,43.55,44.75,"1,871,200",44.01
"Nov 25, 2013",43.93,44.00,43.40,43.71,"1,600,100",42.99
"Nov 22, 2013",43.06,43.52,42.95,43.30,"1,121,900",42.58
"Nov 21, 2013",42.93,43.22,42.72,43.05,"1,543,400",42.34
"Nov 20, 2013",43.25,43.26,42.45,42.70,"1,108,500",41.99
"Nov 19, 2013",43.84,44.25,42.93,42.95,"1,229,600",42.24
"Nov 18, 2013",44.61,44.72,43.86,43.96,"1,346,300",43.23
"Nov 15, 2013",42.98,44.81,42.89,44.61,"4,836,900",43.87
"Nov 14, 2013",44.90,45.09,42.58,42.95,"5,966,000",42.24
"Nov 13, 2013",44.35,45.38,44.35,45.38,"986,300",44.63
"Nov 12, 2013",44.56,45.18,44.31,45.13,"1,343,800",44.38
"Nov 11, 2013",44.44,44.58,43.89,44.21,"914,000",43.48
"Nov 8, 2013",43.73,44.39,43.10,44.35,"3,606,900",43.62
"Nov 7, 2013",45.36,45.50,43.58,43.66,"3,230,900",42.94
"Nov 6, 2013",45.18,45.49,44.97,45.37,"1,040,500",44.62
"Nov 5, 2013",45.04,45.20,44.59,45.03,"1,248,400",44.28
"Nov 4, 2013",45.09,45.30,44.60,45.04,"1,391,100",44.29
"Nov 1, 2013",45.79,45.89,44.57,44.72,"2,207,400",43.98
"Oct 31, 2013",45.00,45.61,45.00,45.43,"1,739,400",44.68
"Oct 30, 2013",46.06,46.06,44.40,44.85,"2,074,000",44.11
"Oct 29, 2013",45.87,46.28,45.58,45.80,"2,216,200",45.04
"Oct 28, 2013",45.35,45.75,45.22,45.51,"1,904,800",44.76
"Oct 25, 2013",45.18,45.90,45.18,45.63,"2,191,200",44.87
"Oct 24, 2013",45.28,45.70,44.96,45.49,"3,002,100",44.74
"Oct 23, 2013",46.51,46.57,44.71,45.39,"5,667,300",44.64
"Oct 22, 2013",47.06,47.06,46.46,46.87,"4,781,400",46.09
"Oct 21, 2013",46.15,47.21,46.05,47.05,"4,336,000",46.27
"Oct 18, 2013",46.28,46.28,45.05,46.06,"2,741,700",45.30
"Oct 17, 2013",44.09,45.13,44.00,45.10,"2,328,600",44.35
"Oct 16, 2013",44.08,44.60,43.87,44.50,"1,699,900",43.76
"Oct 15, 2013",44.27,44.44,43.58,43.74,"1,876,100",43.02
"Oct 14, 2013",43.13,44.31,43.01,44.23,"2,018,300",43.50
"Oct 11, 2013",43.25,43.50,42.78,43.29,"1,897,900",42.57
"Oct 10, 2013",43.31,43.67,42.58,43.51,"3,246,400",42.79
"Oct 9, 2013",42.97,43.06,41.83,42.20,"2,759,400",41.50
"Oct 8, 2013",43.11,43.47,42.36,42.60,"2,168,200",41.89
"Oct 7, 2013",43.50,43.50,42.88,43.00,"1,458,700",42.29
"Oct 4, 2013",43.42,43.73,43.29,43.50,"1,724,600",42.78
"Oct 3, 2013",43.39,43.59,42.83,43.30,"2,281,700",42.58
"Oct 2, 2013",43.07,43.45,42.94,43.41,"1,736,600",42.69
"Oct 1, 2013",43.14,43.63,42.98,43.42,"2,741,100",42.70
"Sep 30, 2013",42.10,43.29,41.97,43.08,"3,522,900",42.37
"Sep 27, 2013",42.11,42.77,41.84,42.70,"2,199,800",41.99
"Sep 26, 2013",42.47,42.66,42.04,42.27,"1,687,400",41.57
"Sep 25, 2013",42.52,42.60,41.42,42.21,"2,058,400",41.51
"Sep 24, 2013",41.85,42.59,41.64,42.41,"2,975,300",41.71
"Sep 23, 2013",42.58,42.69,41.49,41.87,"2,971,100",41.18
"Sep 20, 2013",41.16,42.58,40.83,41.62,"8,719,200",40.93
"Sep 19, 2013",40.75,40.80,40.15,40.75,"2,501,700",40.08
"Sep 18, 2013",40.22,40.68,39.84,40.67,"2,364,800",40.00
"Sep 17, 2013",39.75,40.36,39.50,40.12,"3,724,700",39.46
"Sep 16, 2013",39.37,39.68,39.04,39.28,"2,155,600",38.40
"Sep 13, 2013",39.16,39.28,38.70,38.99,"1,448,000",38.12
"Sep 12, 2013",39.33,39.45,38.61,39.03,"2,000,600",38.16
"Sep 11, 2013",39.23,39.47,38.68,39.25,"2,392,700",38.37
"Sep 10, 2013",39.00,39.67,38.95,39.66,"2,434,400",38.78
"Sep 9, 2013",38.87,39.00,38.63,38.77,"1,636,400",37.90
"Sep 6, 2013",39.18,39.18,38.23,38.56,"1,715,500",37.70
"Sep 5, 2013",39.15,39.20,38.72,38.79,"1,437,200",37.92
"Sep 4, 2013",38.58,39.13,38.16,38.98,"1,258,800",38.11
"Sep 3, 2013",38.82,39.13,38.04,38.35,"1,735,100",37.49
"Aug 30, 2013",38.96,38.99,38.29,38.51,"2,507,300",37.65
"Aug 29, 2013",38.40,39.00,38.13,38.95,"3,595,500",38.08
"Aug 28, 2013",38.93,39.45,37.90,38.28,"6,780,600",37.43
"Aug 27, 2013",37.84,37.84,36.35,36.55,"2,986,300",35.73
"Aug 26, 2013",36.95,37.72,36.85,37.48,"1,389,000",36.64
"Aug 23, 2013",36.79,37.05,36.48,36.74,"1,831,200",35.92
"Aug 22, 2013",36.22,37.13,36.08,36.61,"994,000",35.79
"Aug 21, 2013",36.64,36.99,36.38,36.59,"1,442,500",35.77
"Aug 20, 2013",36.34,37.10,36.28,36.79,"1,741,700",35.97
"Aug 19, 2013",36.32,36.41,36.08,36.25,"2,338,900",35.44
"Aug 16, 2013",35.97,36.35,35.89,36.25,"1,354,300",35.44
"Aug 15, 2013",36.14,36.94,35.75,36.02,"2,511,100",35.22
"Aug 14, 2013",37.90,37.94,37.15,37.22,"1,527,100",36.39
"Aug 13, 2013",37.84,38.12,37.32,38.02,"1,375,400",37.17
"Aug 12, 2013",36.84,37.80,36.74,37.70,"988,000",36.86
"Aug 9, 2013",37.18,37.24,36.74,36.83,"1,385,800",36.01
"Aug 8, 2013",37.60,37.60,37.28,37.32,"1,939,600",36.49
"Aug 7, 2013",36.97,37.31,36.68,37.29,"1,803,500",36.46
"Aug 6, 2013",36.93,36.95,36.70,36.86,"1,073,000",36.04
"Aug 5, 2013",37.22,37.40,36.96,37.02,"1,177,300",36.19
"Aug 2, 2013",37.29,37.49,36.93,37.49,"1,518,300",36.65
"Aug 1, 2013",37.03,37.52,36.83,37.40,"1,949,900",36.57
"Jul 31, 2013",37.01,37.06,36.56,36.68,"1,312,400",35.86
"Jul 30, 2013",36.75,37.00,36.34,36.85,"1,165,100",36.03
"Jul 29, 2013",36.62,36.90,36.38,36.59,"1,309,400",35.77
"Jul 26, 2013",36.53,36.85,36.35,36.78,"1,225,600",35.96
"Jul 25, 2013",36.50,36.98,36.30,36.90,"2,551,200",36.08
"Jul 24, 2013",37.27,37.99,36.86,36.89,"2,050,600",36.07
"Jul 23, 2013",38.08,38.16,37.51,37.61,"1,650,100",36.77
"Jul 22, 2013",38.23,38.23,37.54,37.79,"986,900",36.95
"Jul 19, 2013",37.75,38.15,37.51,37.85,"1,775,700",37.01
"Jul 18, 2013",38.75,38.88,37.45,37.60,"3,705,000",36.76
"Jul 17, 2013",39.01,39.74,38.86,38.92,"2,399,200",38.05
"Jul 16, 2013",38.16,39.14,38.16,38.87,"3,125,400",38.00
"Jul 15, 2013",38.98,39.08,37.96,38.01,"2,155,100",37.16
"Jul 12, 2013",38.69,38.98,38.68,38.95,"1,834,200",38.08
"Jul 11, 2013",37.53,38.60,37.48,38.59,"1,676,900",37.73
"Jul 10, 2013",37.58,38.35,37.44,38.33,"1,736,300",37.47
"Jul 9, 2013",37.72,37.97,37.38,37.58,"1,385,500",36.74
"Jul 8, 2013",38.93,39.03,37.19,37.27,"2,264,300",36.44
"Jul 5, 2013",38.62,39.18,38.16,38.81,"1,444,700",37.94
"Jul 3, 2013",38.39,38.87,38.13,38.59,"1,520,300",37.73
"Jul 2, 2013",37.95,38.98,37.82,38.48,"4,037,700",37.62
"Jul 1, 2013",37.85,37.87,37.34,37.61,"2,714,700",36.77
"Jun 28, 2013",37.00,37.62,36.76,37.38,"2,299,800",36.55
"Jun 27, 2013",37.48,37.84,37.29,37.32,"2,635,900",36.49
"Jun 26, 2013",37.39,37.72,36.99,37.25,"2,066,100",36.42
"Jun 25, 2013",37.13,37.59,36.81,37.10,"2,601,900",36.27
"Jun 24, 2013",36.98,36.99,36.10,36.69,"3,685,800",35.87
"Jun 21, 2013",37.04,37.48,36.62,37.38,"8,003,000",36.55
"Jun 20, 2013",37.71,37.94,36.92,37.06,"3,163,800",36.23
"Jun 19, 2013",38.69,38.87,38.07,38.07,"2,403,500",37.22
"Jun 18, 2013",38.04,38.80,37.98,38.75,"2,738,300",37.89
"Jun 17, 2013",37.80,38.34,37.73,38.09,"2,472,700",37.24
"Jun 14, 2013",37.14,37.80,37.05,37.59,"2,176,200",36.75
"Jun 13, 2013",35.74,37.16,35.62,37.11,"2,910,600",36.28
"Jun 12, 2013",36.66,36.68,35.72,35.98,"2,130,700",34.97
"Jun 11, 2013",36.43,36.76,36.26,36.29,"2,169,900",35.27
"Jun 10, 2013",37.50,37.51,36.79,36.83,"2,636,000",35.80
"Jun 7, 2013",36.76,37.33,36.15,37.29,"3,073,300",36.25
"Jun 6, 2013",37.19,37.22,36.44,36.75,"2,973,100",35.72
"Jun 5, 2013",37.74,37.77,36.82,37.00,"1,501,900",35.96
"Jun 4, 2013",37.40,38.19,37.39,37.80,"3,312,000",36.74
"Jun 3, 2013",37.68,37.73,36.59,37.30,"2,721,000",36.25
"May 31, 2013",37.33,38.27,37.11,37.73,"3,343,200",36.67
"May 30, 2013",36.20,38.23,36.10,37.82,"8,260,700",36.76
"May 29, 2013",34.37,34.70,34.15,34.43,"2,285,800",33.47
"May 28, 2013",34.53,34.61,34.01,34.44,"2,091,900",33.48
"May 24, 2013",33.86,34.10,33.68,34.10,"1,511,800",33.14
"May 23, 2013",34.24,34.35,33.84,33.97,"2,851,300",33.02
"May 22, 2013",34.98,35.24,34.23,34.56,"3,387,300",33.59
"May 21, 2013",34.61,35.13,34.44,35.09,"2,074,300",34.11
"May 20, 2013",34.24,34.55,34.24,34.44,"1,388,100",33.48
"May 17, 2013",34.49,34.78,34.36,34.43,"2,744,300",33.47
"May 16, 2013",34.17,34.52,33.90,34.21,"2,474,900",33.25
"May 15, 2013",33.66,34.19,33.54,34.18,"1,694,700",33.22
"May 14, 2013",33.58,33.82,33.33,33.70,"1,593,800",32.76
"May 13, 2013",33.83,34.13,33.59,33.62,"1,495,200",32.68
"May 10, 2013",33.96,34.14,33.83,34.06,"1,564,400",33.11
"May 9, 2013",33.48,34.08,33.40,33.87,"2,976,900",32.92
"May 8, 2013",32.63,33.52,32.58,33.50,"2,543,700",32.56
"May 7, 2013",32.92,32.95,32.47,32.54,"1,609,300",31.63
"May 6, 2013",32.05,32.90,31.96,32.80,"3,284,800",31.88
"May 3, 2013",32.16,32.39,31.85,31.88,"4,690,100",30.99
"May 2, 2013",31.55,32.23,31.31,32.09,"3,253,600",31.19
"May 1, 2013",32.06,32.07,31.25,31.32,"3,706,800",30.44
"Apr 30, 2013",32.47,32.47,31.55,31.96,"5,251,100",31.06
"Apr 29, 2013",32.35,32.79,32.20,32.53,"2,043,000",31.62
"Apr 26, 2013",32.59,32.59,31.96,32.11,"3,094,500",31.21
"Apr 25, 2013",32.81,33.19,32.53,32.63,"2,512,600",31.72
"Apr 24, 2013",32.37,32.84,32.04,32.62,"3,206,200",31.71
"Apr 23, 2013",31.86,32.42,31.72,32.37,"2,554,200",31.46
"Apr 22, 2013",31.36,31.84,30.57,31.58,"3,639,500",30.70
"Apr 19, 2013",31.25,31.88,30.83,31.26,"3,718,000",30.38
"Apr 18, 2013",33.10,33.28,31.25,31.37,"4,105,600",30.49
"Apr 17, 2013",33.75,33.77,32.28,32.40,"6,401,000",31.49
"Apr 16, 2013",34.08,34.60,33.86,34.58,"2,249,100",33.61
"Apr 15, 2013",34.68,34.73,33.72,33.78,"2,463,400",32.83
"Apr 12, 2013",35.50,35.53,34.56,34.91,"1,612,500",33.93
"Apr 11, 2013",35.24,35.92,35.01,35.63,"1,828,200",34.63
"Apr 10, 2013",34.81,35.50,34.79,35.38,"1,481,700",34.39
"Apr 9, 2013",34.71,35.13,34.22,34.78,"1,600,800",33.81
"Apr 8, 2013",34.25,34.67,33.97,34.66,"1,235,700",33.69
"Apr 5, 2013",34.01,34.42,33.33,34.33,"1,444,900",33.37
"Apr 4, 2013",34.24,34.68,33.96,34.60,"1,534,800",33.63
"Apr 3, 2013",34.88,35.08,34.10,34.31,"1,829,700",33.35
"Apr 2, 2013",35.57,35.61,34.77,34.88,"2,302,000",33.90
"Apr 1, 2013",35.82,36.00,35.19,35.34,"1,850,100",34.35
"Mar 28, 2013",35.80,35.93,35.48,35.92,"1,474,000",34.91
"Mar 27, 2013",35.47,35.73,35.25,35.64,"1,486,100",34.64
"Mar 26, 2013",35.67,35.98,35.56,35.79,"955,600",34.79
"Mar 25, 2013",35.87,35.89,35.25,35.52,"1,288,800",34.52
"Mar 22, 2013",35.77,36.04,35.38,35.80,"1,730,600",34.80
"Mar 21, 2013",35.41,35.76,35.13,35.56,"2,781,600",34.56
"Mar 20, 2013",35.68,36.08,35.35,35.93,"2,963,600",34.74
"Mar 19, 2013",35.39,35.82,35.04,35.30,"3,340,000",34.13
"Mar 18, 2013",35.58,35.90,35.05,35.26,"2,868,900",34.09
"Mar 15, 2013",36.70,36.78,35.81,36.00,"3,444,700",34.81
"Mar 14, 2013",36.05,36.98,36.03,36.66,"4,344,900",35.44
"Mar 13, 2013",35.50,36.11,35.26,35.99,"2,749,500",34.80
"Mar 12, 2013",35.22,35.54,35.00,35.45,"2,247,700",34.27
"Mar 11, 2013",35.08,35.66,34.97,35.26,"2,817,300",34.09
"Mar 8, 2013",35.05,35.41,34.98,35.27,"1,968,800",34.10
"Mar 7, 2013",34.69,35.13,34.40,34.97,"3,073,800",33.81
"Mar 6, 2013",34.31,34.77,34.21,34.71,"2,461,000",33.56
"Mar 5, 2013",33.70,34.36,33.68,34.33,"3,051,000",33.19
"Mar 4, 2013",33.56,33.70,33.01,33.54,"1,700,500",32.43
"Mar 1, 2013",33.92,34.09,33.26,33.70,"3,150,000",32.58
"Feb 28, 2013",33.69,34.31,33.33,34.22,"3,478,600",33.09
"Feb 27, 2013",33.80,34.37,33.63,33.69,"3,597,100",32.57
"Feb 26, 2013",33.13,33.40,32.66,33.13,"3,455,600",32.03
"Feb 25, 2013",34.13,34.22,32.94,32.95,"3,063,200",31.86
"Feb 22, 2013",33.97,34.47,33.71,34.09,"1,896,400",32.96
"Feb 21, 2013",34.47,34.68,32.96,33.67,"6,185,300",32.55
"Feb 20, 2013",35.48,35.73,34.67,34.67,"3,326,200",33.52
"Feb 19, 2013",35.00,35.55,34.80,35.54,"2,439,600",34.36
"Feb 15, 2013",35.58,35.78,34.98,35.14,"2,531,700",33.97
"Feb 14, 2013",35.09,35.67,34.99,35.64,"3,237,200",34.46
"Feb 13, 2013",35.36,35.49,34.89,35.17,"2,659,000",34.00
"Feb 12, 2013",35.20,35.35,34.78,35.14,"3,122,400",33.97
"Feb 11, 2013",35.38,35.69,35.00,35.40,"2,999,900",34.23
"Feb 8, 2013",35.28,35.53,35.05,35.32,"3,296,600",34.15
"Feb 7, 2013",35.64,35.64,34.54,34.96,"4,243,500",33.80
"Feb 6, 2013",35.23,35.79,35.09,35.64,"2,081,100",34.46
"Feb 5, 2013",35.08,35.57,35.06,35.41,"2,939,200",34.24
"Feb 4, 2013",35.75,36.21,35.14,35.18,"4,340,100",34.01
"Feb 1, 2013",35.92,36.30,35.82,36.26,"2,797,300",35.06
"Jan 31, 2013",35.52,36.09,35.25,35.77,"6,776,400",34.58
"Jan 30, 2013",34.49,35.33,34.49,35.05,"2,518,500",33.89
"Jan 29, 2013",34.30,34.71,34.18,34.57,"2,373,200",33.42
"Jan 28, 2013",34.40,34.53,34.11,34.48,"3,846,200",33.34
"Jan 25, 2013",33.83,34.29,33.82,34.16,"3,508,900",33.03
"Jan 24, 2013",33.71,34.31,33.59,33.93,"4,456,700",32.80
"Jan 23, 2013",34.85,35.00,34.17,34.42,"2,279,100",33.28
"Jan 22, 2013",34.45,34.61,34.33,34.44,"1,380,900",33.30
"Jan 18, 2013",34.54,34.75,34.31,34.44,"1,883,000",33.30
"Jan 17, 2013",34.78,34.97,34.59,34.81,"2,106,500",33.66
"Jan 16, 2013",33.81,34.61,33.77,34.56,"2,766,900",33.41
"Jan 15, 2013",34.30,34.44,33.82,33.87,"3,373,600",32.75
"Jan 14, 2013",33.84,34.62,33.64,34.57,"4,925,800",33.42
"Jan 11, 2013",33.54,34.37,33.49,34.34,"4,787,100",33.20
"Jan 10, 2013",33.46,33.59,33.02,33.52,"4,459,100",32.41
"Jan 9, 2013",32.50,32.96,32.36,32.81,"2,945,600",31.72
"Jan 8, 2013",32.45,32.70,32.09,32.10,"2,096,900",31.04
"Jan 7, 2013",32.37,32.49,32.10,32.32,"1,682,200",31.25
"Jan 4, 2013",32.70,32.77,32.19,32.50,"2,711,300",31.42
"Jan 3, 2013",32.34,32.98,32.34,32.71,"2,329,500",31.63
"Jan 2, 2013",32.43,33.06,32.24,32.54,"3,671,600",31.46
"Dec 31, 2012",31.33,31.78,30.97,31.65,"2,664,400",30.60
"Dec 28, 2012",31.06,31.47,30.96,31.15,"1,961,700",30.12
"Dec 27, 2012",31.08,31.49,30.69,31.37,"2,754,500",30.33
"Dec 26, 2012",31.22,31.57,30.77,30.88,"1,633,900",29.86
"Dec 24, 2012",31.29,31.33,30.98,31.15,"799,500",30.12
"Dec 21, 2012",31.14,31.57,31.01,31.36,"3,506,400",30.32
"Dec 20, 2012",32.05,32.24,31.42,31.90,"2,378,800",30.84
"Dec 19, 2012",32.29,32.50,31.94,31.99,"2,502,300",30.93
"Dec 18, 2012",32.23,32.50,31.69,32.27,"4,141,400",31.20
"Dec 17, 2012",31.39,32.00,31.02,31.99,"7,058,300",30.93
"Dec 14, 2012",33.16,33.27,30.50,31.14,"9,871,400",30.11
"Dec 13, 2012",35.00,35.01,33.59,33.70,"6,619,400",32.58
"Dec 12, 2012",34.79,34.88,34.45,34.57,"4,927,400",33.26
"Dec 11, 2012",34.66,34.88,34.33,34.56,"4,362,500",33.25
"Dec 10, 2012",34.38,34.52,34.10,34.45,"2,684,500",33.14
"Dec 7, 2012",34.23,34.56,33.95,34.25,"8,505,000",32.95
"Dec 6, 2012",34.54,35.15,34.46,35.12,"1,196,300",33.79
"Dec 5, 2012",35.03,35.16,34.50,34.53,"1,587,500",33.22
"Dec 4, 2012",34.79,35.16,34.69,34.92,"1,689,900",33.60
"Dec 3, 2012",35.39,35.58,34.63,34.81,"1,750,400",33.49
"Nov 30, 2012",34.59,35.43,33.90,35.10,"4,163,400",33.77
"Nov 29, 2012",34.88,35.43,34.72,35.10,"1,906,000",33.77
"Nov 28, 2012",33.62,34.65,33.61,34.56,"2,070,200",33.25
"Nov 27, 2012",33.86,34.53,33.60,34.12,"2,054,700",32.83
"Nov 26, 2012",33.75,34.24,33.41,34.04,"1,656,200",32.75
"Nov 23, 2012",33.00,33.74,32.85,33.55,"817,700",32.28
"Nov 21, 2012",32.78,32.96,32.52,32.82,"780,200",31.58
"Nov 20, 2012",33.32,33.48,32.50,32.81,"1,190,500",31.57
"Nov 19, 2012",32.28,32.83,32.01,32.75,"1,666,400",31.51
"Nov 16, 2012",32.21,32.38,31.68,31.94,"2,388,800",30.73
"Nov 15, 2012",33.14,33.22,32.09,32.25,"1,374,500",31.03
"Nov 14, 2012",33.68,33.89,32.87,33.03,"1,205,400",31.78
"Nov 13, 2012",33.26,33.82,33.18,33.28,"1,111,300",32.02
"Nov 12, 2012",33.58,33.85,33.22,33.61,"760,700",32.34
"Nov 9, 2012",34.00,34.00,33.42,33.48,"1,418,600",32.21
"Nov 8, 2012",34.99,34.99,33.83,33.84,"1,326,500",32.56
"Nov 7, 2012",34.78,35.11,33.89,33.96,"2,075,100",32.67
"Nov 6, 2012",34.32,35.28,34.21,35.28,"2,004,500",33.94
"Nov 5, 2012",33.00,34.42,32.99,34.32,"1,388,100",33.02
"Nov 2, 2012",34.71,34.85,33.94,33.97,"1,922,300",32.68
"Nov 1, 2012",33.29,34.56,33.05,34.50,"1,872,500",33.19
"Oct 31, 2012",33.62,33.70,32.81,33.03,"2,285,100",31.78
"Oct 26, 2012",33.70,33.99,33.40,33.83,"1,262,300",32.55
"Oct 25, 2012",33.07,33.74,33.04,33.70,"1,539,600",32.42
"Oct 24, 2012",33.53,33.59,32.59,32.73,"1,352,200",31.49
"Oct 23, 2012",32.96,33.35,32.82,33.24,"1,095,300",31.98
"Oct 22, 2012",33.48,33.69,33.00,33.40,"1,270,700",32.13
"Oct 19, 2012",34.12,34.18,32.90,33.19,"1,908,800",31.93
"Oct 18, 2012",34.07,34.40,33.81,34.05,"1,275,200",32.76
"Oct 17, 2012",34.09,34.60,33.88,34.11,"1,341,000",32.82
"Oct 16, 2012",33.30,34.59,33.23,34.35,"1,860,200",33.05
"Oct 15, 2012",33.10,33.36,32.80,33.19,"1,714,400",31.93
"Oct 12, 2012",32.73,33.01,32.54,32.98,"2,673,300",31.73
"Oct 11, 2012",33.01,33.48,32.56,32.93,"1,376,800",31.68
"Oct 10, 2012",33.68,33.71,32.55,32.59,"1,447,600",31.35
"Oct 9, 2012",33.50,33.74,33.04,33.59,"2,077,000",32.32
"Oct 8, 2012",34.00,34.23,33.71,33.88,"1,003,900",32.60
"Oct 5, 2012",34.72,35.28,34.17,34.44,"1,511,700",33.13
"Oct 4, 2012",34.57,34.57,34.00,34.42,"1,142,500",33.12
"Oct 3, 2012",34.53,35.05,34.43,34.57,"2,725,500",33.26
"Oct 2, 2012",34.90,34.90,34.10,34.42,"1,709,600",33.12
"Oct 1, 2012",35.14,35.54,34.55,34.69,"2,009,100",33.37
"Sep 28, 2012",34.45,35.02,34.10,34.87,"2,590,800",33.55
"Sep 27, 2012",33.18,34.99,32.97,34.90,"4,113,400",33.58
"Sep 26, 2012",32.74,33.54,32.39,33.46,"4,126,800",32.19
"Sep 25, 2012",34.56,34.99,32.93,33.01,"3,400,900",31.76
"Sep 24, 2012",35.00,35.14,34.23,34.60,"4,419,000",33.29
"Sep 21, 2012",34.33,36.12,34.33,35.51,"6,864,000",34.16
"Sep 20, 2012",34.58,34.91,33.22,33.75,"4,025,000",32.47
"Sep 19, 2012",35.13,35.42,34.75,35.05,"2,079,700",33.72
"Sep 18, 2012",35.08,35.17,34.65,35.16,"1,054,400",33.83
"Sep 17, 2012",35.19,35.39,34.88,35.28,"1,529,800",33.79
"Sep 14, 2012",35.09,35.50,34.70,35.06,"3,402,400",33.58
"Sep 13, 2012",35.28,35.40,34.45,35.07,"2,187,500",33.59
"Sep 12, 2012",35.22,35.50,35.01,35.23,"1,380,300",33.74
"Sep 11, 2012",35.04,35.57,34.83,34.96,"1,242,000",33.48
"Sep 10, 2012",35.96,36.19,34.95,35.00,"1,623,800",33.52
"Sep 7, 2012",36.71,36.83,36.10,36.20,"1,584,600",34.67
"Sep 6, 2012",35.64,36.81,35.19,36.61,"2,288,300",35.06
"Sep 5, 2012",35.61,35.62,35.05,35.18,"1,618,400",33.69
"Sep 4, 2012",36.37,36.59,35.33,35.89,"2,152,700",34.37
"Aug 31, 2012",36.29,36.80,35.91,36.57,"1,326,600",35.02
"Aug 30, 2012",36.50,36.50,35.85,36.02,"1,367,100",34.50
"Aug 29, 2012",36.39,36.86,36.22,36.60,"1,195,200",35.05
"Aug 28, 2012",35.83,36.42,35.68,36.27,"1,532,000",34.74
"Aug 27, 2012",36.07,36.13,35.64,35.77,"1,330,600",34.26
"Aug 24, 2012",36.02,36.34,35.84,36.05,"1,303,000",34.53
"Aug 23, 2012",36.24,36.30,35.72,36.02,"1,206,000",34.50
"Aug 22, 2012",36.25,36.68,36.04,36.49,"1,325,100",34.95
"Aug 21, 2012",36.00,36.56,35.70,36.38,"1,923,100",34.84
"Aug 20, 2012",36.95,36.95,35.41,35.96,"2,546,800",34.44
"Aug 17, 2012",37.75,37.88,36.40,36.84,"2,998,500",35.28
"Aug 16, 2012",36.70,37.14,36.70,36.91,"2,588,100",35.35
"Aug 15, 2012",36.05,36.63,36.00,36.58,"1,598,400",35.03
"Aug 14, 2012",36.73,36.77,35.98,36.15,"2,432,400",34.62
"Aug 13, 2012",37.15,37.15,36.09,36.27,"2,111,600",34.74
"Aug 10, 2012",37.23,37.43,36.77,37.15,"1,466,200",35.58
"Aug 9, 2012",37.04,37.57,37.01,37.32,"999,600",35.74
"Aug 8, 2012",37.46,37.70,37.25,37.48,"1,717,300",35.90
"Aug 7, 2012",37.28,37.63,37.06,37.40,"1,542,400",35.82
"Aug 6, 2012",37.19,37.44,37.00,37.07,"1,130,300",35.50
"Aug 3, 2012",37.15,37.46,36.67,37.11,"1,433,300",35.54
"Aug 2, 2012",36.35,37.14,36.10,36.54,"1,315,100",35.00
"Aug 1, 2012",37.11,37.12,36.41,36.69,"1,542,300",35.14
"Jul 31, 2012",36.24,37.64,36.22,36.90,"2,359,700",35.34
"Jul 30, 2012",36.32,36.70,35.72,35.97,"1,204,400",34.45
"Jul 27, 2012",35.79,36.47,35.55,36.13,"1,149,800",34.60
"Jul 26, 2012",35.01,35.73,35.00,35.44,"1,310,100",33.94
"Jul 25, 2012",34.13,34.75,33.82,34.21,"2,047,000",32.76
"Jul 24, 2012",34.68,35.09,33.77,34.18,"975,800",32.74
"Jul 23, 2012",34.64,34.80,33.73,34.49,"1,510,100",33.03
"Jul 20, 2012",35.95,36.00,35.25,35.28,"1,496,100",33.79
"Jul 19, 2012",34.53,36.40,34.42,36.04,"3,467,500",34.52
"Jul 18, 2012",32.99,34.05,32.91,33.79,"2,123,000",32.36
"Jul 17, 2012",33.10,33.22,32.57,33.04,"1,803,800",31.64
"Jul 16, 2012",32.97,33.09,32.38,32.74,"1,376,100",31.36
"Jul 13, 2012",32.55,33.25,32.48,33.15,"1,679,100",31.75
"Jul 12, 2012",32.92,32.99,32.14,32.58,"2,114,000",31.20
"Jul 11, 2012",33.41,33.55,32.93,33.10,"1,894,000",31.70
"Jul 10, 2012",33.60,34.07,33.25,33.43,"2,133,800",32.02
"Jul 9, 2012",34.50,34.60,33.12,33.29,"2,197,400",31.88
"Jul 6, 2012",35.50,35.52,34.07,34.48,"1,471,600",33.02
"Jul 5, 2012",35.74,35.96,35.47,35.58,"857,600",34.08
"Jul 3, 2012",35.56,35.80,35.44,35.74,"980,300",34.23
"Jul 2, 2012",35.77,36.19,35.27,35.49,"2,185,500",33.99
"Jun 29, 2012",35.02,35.94,35.02,35.90,"1,899,000",34.38
"Jun 28, 2012",34.51,34.74,33.93,34.31,"1,694,100",32.86
"Jun 27, 2012",34.42,35.06,34.33,34.90,"1,141,500",33.42
"Jun 26, 2012",34.30,34.62,33.96,34.39,"1,865,600",32.94
"Jun 25, 2012",34.38,34.64,34.04,34.21,"2,359,200",32.76
"Jun 22, 2012",34.46,35.05,34.38,34.80,"5,552,000",33.33
"Jun 21, 2012",35.25,35.39,34.39,34.48,"2,317,300",33.02
"Jun 20, 2012",34.80,35.54,34.79,35.27,"2,926,700",33.78
"Jun 19, 2012",34.92,35.00,34.40,34.70,"1,915,200",33.23
"Jun 18, 2012",33.95,35.08,33.81,34.76,"1,716,300",33.29
"Jun 15, 2012",33.36,34.34,33.34,34.07,"1,828,900",32.63
"Jun 14, 2012",33.79,33.80,32.65,33.31,"2,370,900",31.90
"Jun 13, 2012",33.91,34.49,33.65,34.04,"2,058,000",32.46
"Jun 12, 2012",33.31,34.17,33.31,33.92,"1,847,100",32.34
"Jun 11, 2012",34.09,34.26,33.14,33.24,"1,544,300",31.69
"Jun 8, 2012",32.83,34.04,32.50,33.84,"2,511,900",32.27
"Jun 7, 2012",33.43,33.48,32.86,32.95,"2,310,100",31.42
"Jun 6, 2012",31.80,32.99,31.58,32.97,"2,529,900",31.44
"Jun 5, 2012",30.58,31.49,30.39,31.41,"3,605,300",29.95
"Jun 4, 2012",31.22,31.65,30.18,30.53,"3,973,200",29.11
"Jun 1, 2012",32.43,32.67,30.86,30.98,"3,889,200",29.54
"May 31, 2012",33.28,33.38,32.47,33.10,"1,915,700",31.56
"May 30, 2012",33.95,34.05,32.87,33.06,"2,623,700",31.52
"May 29, 2012",33.55,34.51,33.21,34.45,"1,916,300",32.85
"May 25, 2012",32.60,33.40,32.57,33.15,"1,545,700",31.61
"May 24, 2012",33.46,33.52,32.43,32.51,"2,748,700",31.00
"May 23, 2012",31.69,33.59,31.50,33.52,"4,773,500",31.96
"May 22, 2012",30.94,31.42,30.83,31.27,"2,847,500",29.82
"May 21, 2012",30.00,30.91,29.70,30.91,"2,836,000",29.47
"May 18, 2012",30.23,30.25,29.71,30.02,"2,285,500",28.62
"May 17, 2012",30.70,30.94,30.05,30.07,"1,887,200",28.67
"May 16, 2012",31.06,31.66,30.71,30.77,"1,945,200",29.34
"May 15, 2012",31.19,31.66,30.91,31.05,"2,149,300",29.61
"May 14, 2012",30.68,31.45,30.47,31.13,"1,859,400",29.68
"May 11, 2012",30.69,31.15,30.61,30.94,"2,903,900",29.50
"May 10, 2012",31.20,31.35,30.63,30.88,"2,229,000",29.44
"May 9, 2012",31.17,31.24,30.72,31.07,"2,459,600",29.63
"May 8, 2012",31.09,31.67,30.90,31.55,"2,853,300",30.08
"May 7, 2012",31.56,31.99,31.21,31.30,"1,984,800",29.84
"May 4, 2012",32.93,33.36,31.57,31.63,"3,860,400",30.16
"May 3, 2012",34.71,34.73,33.29,33.36,"1,836,800",31.81
"May 2, 2012",34.13,34.86,33.86,34.78,"884,800",33.16
"May 1, 2012",34.53,34.95,34.17,34.46,"1,176,200",32.86
"Apr 30, 2012",34.42,34.62,34.09,34.48,"1,346,400",32.88
"Apr 27, 2012",35.09,35.31,34.50,34.60,"1,700,700",32.99
"Apr 26, 2012",34.69,35.25,34.41,35.06,"1,624,200",33.43
"Apr 25, 2012",34.53,35.27,34.16,34.98,"4,019,600",33.35
"Apr 24, 2012",33.19,33.26,32.38,32.68,"3,724,600",31.16
"Apr 23, 2012",33.77,33.83,33.14,33.23,"4,391,200",31.68
"Apr 20, 2012",35.75,35.75,33.61,34.28,"8,040,000",32.69
"Apr 19, 2012",36.98,37.19,35.61,35.71,"2,896,900",34.05
"Apr 18, 2012",37.55,37.81,37.11,37.48,"883,700",35.74
"Apr 17, 2012",37.37,37.95,37.22,37.74,"1,129,600",35.99
"Apr 16, 2012",37.39,37.57,37.00,37.05,"1,763,300",35.33
"Apr 13, 2012",37.92,37.93,37.21,37.28,"894,100",35.55
"Apr 12, 2012",37.63,38.45,37.50,38.15,"1,252,500",36.38
"Apr 11, 2012",37.05,38.21,36.90,37.48,"1,594,400",35.74
"Apr 10, 2012",37.39,37.74,36.57,36.80,"2,007,200",35.09
"Apr 9, 2012",37.24,37.70,37.07,37.58,"1,219,800",35.83
"Apr 5, 2012",37.47,37.99,37.35,37.61,"1,379,200",35.86
"Apr 4, 2012",38.05,38.13,37.09,37.41,"1,312,500",35.67
"Apr 3, 2012",38.61,38.99,38.13,38.37,"1,231,300",36.59
"Apr 2, 2012",38.89,39.01,38.11,38.69,"1,437,000",36.89
"Mar 30, 2012",38.46,39.22,38.15,38.97,"2,421,000",37.16
"Mar 29, 2012",37.65,38.37,37.50,38.34,"1,302,400",36.56
"Mar 28, 2012",38.83,38.87,37.79,37.97,"1,669,100",36.20
"Mar 27, 2012",38.69,39.02,38.38,38.78,"1,759,700",36.98
"Mar 26, 2012",38.46,38.85,37.97,38.84,"1,667,800",37.03
"Mar 23, 2012",37.81,38.17,37.52,38.10,"1,486,300",36.33
"Mar 22, 2012",38.18,38.34,37.86,37.95,"1,968,000",36.19
"Mar 21, 2012",38.09,38.60,37.85,38.36,"1,360,400",36.58
"Mar 20, 2012",37.70,38.15,37.50,38.03,"1,764,200",36.26
"Mar 19, 2012",37.77,38.16,37.62,38.06,"1,005,800",36.29
"Mar 16, 2012",37.84,38.80,37.67,37.90,"2,352,000",36.14
"Mar 15, 2012",37.14,37.77,36.89,37.76,"1,624,800",36.00
"Mar 14, 2012",37.60,38.37,37.00,37.11,"2,228,200",35.26
"Mar 13, 2012",36.95,37.67,36.88,37.63,"1,290,200",35.75
"Mar 12, 2012",36.73,36.86,36.10,36.60,"872,400",34.78
"Mar 9, 2012",36.52,36.82,36.05,36.77,"1,330,700",34.94
"Mar 8, 2012",36.30,36.82,36.10,36.42,"1,747,800",34.60
"Mar 7, 2012",35.51,35.97,35.26,35.75,"1,285,700",33.97
"Mar 6, 2012",34.69,35.48,34.60,35.31,"1,993,600",33.55
"Mar 5, 2012",36.52,36.55,35.29,35.45,"2,488,100",33.68
"Mar 2, 2012",37.25,37.30,36.33,36.60,"1,960,100",34.78
"Mar 1, 2012",37.74,37.80,37.16,37.32,"1,255,000",35.46
"Feb 29, 2012",36.94,37.70,36.71,37.61,"3,450,300",35.74
"Feb 28, 2012",36.83,37.42,36.56,37.01,"2,158,100",35.17
"Feb 27, 2012",36.21,37.19,35.54,36.98,"2,621,600",35.14
"Feb 24, 2012",37.35,37.40,36.17,36.32,"1,932,500",34.51
"Feb 23, 2012",35.80,37.26,35.71,37.19,"4,760,600",35.34
"Feb 22, 2012",35.34,36.32,35.34,35.90,"2,433,300",34.11
"Feb 21, 2012",35.48,35.88,35.28,35.47,"2,044,900",33.70
"Feb 17, 2012",35.67,35.79,34.84,35.24,"1,840,200",33.48
"Feb 16, 2012",35.03,35.95,34.72,35.86,"1,676,900",34.07
"Feb 15, 2012",34.92,35.48,34.81,34.98,"1,986,400",33.24
"Feb 14, 2012",34.57,34.94,34.19,34.51,"1,831,900",32.79
"Feb 13, 2012",34.85,35.17,34.02,34.81,"1,436,000",33.08
"Feb 10, 2012",34.58,35.40,34.35,34.49,"889,800",32.77
"Feb 9, 2012",35.01,35.31,34.79,35.13,"1,179,000",33.38
"Feb 8, 2012",34.55,35.00,34.44,34.88,"1,503,200",33.14
"Feb 7, 2012",34.34,34.64,33.95,34.58,"1,507,600",32.86
"Feb 6, 2012",35.00,35.05,34.14,34.30,"1,885,300",32.59
"Feb 3, 2012",35.28,35.48,34.97,35.13,"2,381,600",33.38
"Feb 2, 2012",34.80,35.18,34.75,35.00,"3,618,800",33.26
"Feb 1, 2012",34.39,34.90,34.14,34.62,"3,936,100",32.89
"Jan 31, 2012",34.00,34.08,33.37,33.94,"1,622,500",32.25
"Jan 30, 2012",33.60,34.01,33.35,33.73,"1,659,000",32.05
"Jan 27, 2012",33.84,34.48,33.80,33.98,"2,946,800",32.29
"Jan 26, 2012",33.96,34.43,33.84,34.08,"2,553,700",32.38
"Jan 25, 2012",34.55,34.55,33.70,33.95,"3,035,200",32.26
"Jan 24, 2012",33.59,34.24,33.59,33.87,"3,077,800",32.18
"Jan 23, 2012",33.85,33.90,33.28,33.66,"2,012,400",31.98
"Jan 20, 2012",33.51,34.04,33.34,33.81,"2,346,200",32.13
"Jan 19, 2012",33.88,34.35,33.60,33.62,"3,154,600",31.94
"Jan 18, 2012",33.00,35.00,32.78,33.94,"4,427,400",32.25
"Jan 17, 2012",31.70,32.26,31.47,31.65,"3,178,200",30.07
"Jan 13, 2012",31.52,32.00,31.21,31.57,"2,427,500",30.00
"Jan 12, 2012",31.20,31.93,30.82,31.68,"1,987,300",30.10
"Jan 11, 2012",30.69,31.65,30.59,31.20,"2,710,300",29.65
"Jan 10, 2012",30.52,31.13,30.38,30.65,"2,682,900",29.12
"Jan 9, 2012",29.30,30.39,29.25,30.22,"3,348,500",28.71
"Jan 6, 2012",28.41,28.55,28.02,28.31,"2,435,700",26.90
"Jan 5, 2012",28.46,28.75,28.18,28.49,"2,007,500",27.07
"Jan 4, 2012",28.89,29.09,28.10,28.45,"2,025,400",27.03
"Jan 3, 2012",29.48,30.17,28.89,28.95,"2,303,200",27.51
"Dec 30, 2011",28.96,29.16,28.66,28.86,"836,400",27.42
"Dec 29, 2011",28.76,29.21,28.75,29.12,"1,022,100",27.67
"Dec 28, 2011",29.36,29.37,28.65,28.74,"1,337,500",27.31
"Dec 27, 2011",29.27,29.53,29.03,29.34,"799,300",27.88
"Dec 23, 2011",29.22,29.61,28.85,29.39,"1,176,700",27.93
"Dec 22, 2011",27.98,29.14,27.88,29.02,"2,787,400",27.57
"Dec 21, 2011",28.83,29.06,27.55,27.91,"2,752,300",26.52
"Dec 20, 2011",27.93,29.00,27.92,28.83,"2,961,300",27.39
"Dec 19, 2011",28.83,28.83,27.39,27.55,"3,112,400",26.18
"Dec 16, 2011",28.92,29.17,28.17,28.80,"9,036,400",27.36
"Dec 15, 2011",28.87,29.25,28.59,28.64,"2,391,700",27.21
"Dec 14, 2011",28.96,29.36,28.27,28.71,"2,112,500",27.17
"Dec 13, 2011",29.54,30.09,29.07,29.24,"3,292,800",27.67
"Dec 12, 2011",28.62,29.63,27.59,29.46,"3,672,900",27.87
"Dec 9, 2011",30.03,30.65,29.79,30.61,"3,370,300",28.96
"Dec 8, 2011",31.18,31.64,30.59,30.68,"2,939,700",29.03
"Dec 7, 2011",30.64,31.39,30.44,31.22,"2,501,900",29.54
"Dec 6, 2011",30.93,31.20,30.06,30.81,"2,705,800",29.15
"Dec 5, 2011",31.52,31.94,30.78,31.04,"2,898,000",29.37
"Dec 2, 2011",30.28,31.64,30.16,31.16,"5,768,900",29.48
"Dec 1, 2011",29.82,30.38,29.12,29.91,"4,861,200",28.30
"Nov 30, 2011",29.43,30.11,28.98,29.92,"3,658,600",28.31
"Nov 29, 2011",28.65,29.36,28.52,28.87,"3,150,000",27.32
"Nov 28, 2011",29.33,29.54,28.12,28.58,"4,765,300",27.04
"Nov 25, 2011",28.96,29.13,28.31,28.44,"895,100",26.91
"Nov 23, 2011",29.00,29.38,28.67,28.97,"2,381,900",27.41
"Nov 22, 2011",29.61,30.22,29.10,29.41,"2,401,400",27.83
"Nov 21, 2011",29.37,29.74,28.79,29.45,"3,638,900",27.87
"Nov 18, 2011",31.47,31.58,29.51,29.86,"3,227,900",28.25
"Nov 17, 2011",32.04,32.12,30.95,31.20,"1,734,900",29.52
"Nov 16, 2011",32.77,33.30,31.87,32.10,"1,718,000",30.37
"Nov 15, 2011",32.97,33.52,32.71,32.99,"1,623,100",31.21
"Nov 14, 2011",34.12,34.31,32.83,33.09,"1,606,300",31.31
"Nov 11, 2011",33.34,34.39,33.24,34.29,"1,155,300",32.44
"Nov 10, 2011",33.66,33.76,32.89,33.11,"956,000",31.33
"Nov 9, 2011",34.05,34.54,33.07,33.23,"1,544,600",31.44
"Nov 8, 2011",34.73,34.86,33.87,34.73,"947,500",32.86
"Nov 7, 2011",34.34,34.60,33.61,34.58,"1,728,900",32.72
"Nov 4, 2011",33.62,34.70,33.62,34.38,"1,711,300",32.53
"Nov 3, 2011",33.51,34.50,32.81,34.33,"3,144,900",32.48
"Nov 2, 2011",33.43,33.50,32.40,32.60,"2,143,900",30.85
"Nov 1, 2011",32.69,33.42,32.28,33.00,"1,619,600",31.22
"Oct 31, 2011",33.02,34.19,32.98,33.77,"3,576,700",31.95
"Oct 28, 2011",33.71,33.99,31.09,33.59,"7,159,600",31.78
"Oct 27, 2011",34.07,34.75,33.47,33.76,"4,317,000",31.94
"Oct 26, 2011",34.79,35.13,33.64,33.77,"2,313,700",31.95
"Oct 25, 2011",34.84,35.36,34.36,34.44,"2,461,400",32.59
"Oct 24, 2011",34.08,35.61,34.00,35.35,"2,569,000",33.45
"Oct 21, 2011",34.32,34.50,33.42,33.84,"2,717,000",32.02
"Oct 20, 2011",34.53,34.82,33.12,33.98,"2,714,100",32.15
"Oct 19, 2011",35.44,35.45,34.50,34.63,"3,031,200",32.77
"Oct 18, 2011",34.93,35.97,34.91,35.84,"1,394,800",33.91
"Oct 17, 2011",35.35,35.69,34.81,35.06,"2,129,800",33.17
"Oct 14, 2011",34.98,35.81,34.78,35.70,"3,500,400",33.78
"Oct 13, 2011",33.39,34.93,33.28,34.06,"6,020,700",32.23
"Oct 12, 2011",33.54,33.86,32.91,33.65,"2,889,400",31.84
"Oct 11, 2011",33.62,33.91,33.00,33.33,"1,300,200",31.54
"Oct 10, 2011",33.00,34.06,33.00,33.66,"3,758,300",31.85
"Oct 7, 2011",33.15,33.43,32.53,32.88,"1,824,000",31.11
"Oct 6, 2011",32.75,33.15,32.29,32.95,"2,484,400",31.18
"Oct 5, 2011",32.27,32.70,31.60,32.61,"3,511,900",30.86
"Oct 4, 2011",31.93,32.73,30.86,32.34,"3,720,500",30.60
"Oct 3, 2011",32.79,33.23,31.67,31.89,"3,663,900",30.17
"Sep 30, 2011",33.12,33.38,32.43,32.77,"5,167,400",31.01
"Sep 29, 2011",33.34,33.56,32.27,33.17,"4,907,600",31.39
"Sep 28, 2011",33.02,33.59,32.89,33.01,"10,650,400",31.23
"Sep 27, 2011",34.68,35.15,34.36,34.49,"2,326,800",32.63
"Sep 26, 2011",34.82,35.08,33.56,34.10,"2,544,600",32.27
"Sep 23, 2011",33.87,35.05,33.39,34.80,"2,086,800",32.93
"Sep 22, 2011",34.85,35.01,32.97,33.98,"3,553,400",32.15
"Sep 21, 2011",36.55,37.99,35.88,35.98,"3,293,900",34.04
"Sep 20, 2011",37.50,37.77,36.27,36.32,"2,709,600",34.37
"Sep 19, 2011",35.99,37.99,35.41,37.35,"4,114,800",35.34
"Sep 16, 2011",36.57,36.86,35.92,36.49,"1,803,000",34.53
"Sep 15, 2011",36.81,37.61,36.21,36.74,"2,998,000",34.76
"Sep 14, 2011",34.50,36.77,34.40,36.56,"4,720,600",34.49
"Sep 13, 2011",33.53,34.49,33.10,34.32,"2,051,100",32.38
"Sep 12, 2011",31.85,33.68,31.80,33.53,"2,047,000",31.63
"Sep 9, 2011",32.71,33.25,32.00,32.30,"1,903,200",30.47
"Sep 8, 2011",32.17,33.35,32.10,33.09,"1,938,300",31.22
"Sep 7, 2011",32.21,33.24,32.14,32.70,"1,459,500",30.85
"Sep 6, 2011",30.49,31.48,30.22,31.46,"1,180,000",29.68
"Sep 2, 2011",30.84,31.54,30.51,31.13,"1,686,200",29.37
"Sep 1, 2011",33.01,33.15,31.48,31.56,"3,113,500",29.77
"Aug 31, 2011",33.30,34.50,32.74,33.11,"2,291,300",31.23
"Aug 30, 2011",32.55,33.77,32.27,33.13,"1,714,500",31.25
"Aug 29, 2011",31.97,32.90,31.75,32.85,"1,345,900",30.99
"Aug 26, 2011",30.58,31.53,29.70,31.52,"2,091,600",29.73
"Aug 25, 2011",32.11,32.27,30.81,30.88,"2,506,500",29.13
"Aug 24, 2011",32.02,33.46,31.38,32.27,"6,934,600",30.44
"Aug 23, 2011",27.82,29.30,27.26,29.26,"3,597,700",27.60
"Aug 22, 2011",28.79,28.90,27.31,27.64,"2,579,300",26.07
"Aug 19, 2011",28.63,29.75,28.15,28.29,"1,260,900",26.69
"Aug 18, 2011",29.81,29.90,28.28,28.61,"2,305,500",26.99
"Aug 17, 2011",31.33,32.03,30.61,30.70,"1,902,300",28.96
"Aug 16, 2011",31.34,31.68,30.66,30.97,"1,745,900",29.22
"Aug 15, 2011",31.19,32.40,31.19,31.61,"1,706,700",29.82
"Aug 12, 2011",31.49,32.00,30.90,31.04,"2,574,300",29.28
"Aug 11, 2011",29.60,31.15,29.60,30.71,"2,706,500",28.97
"Aug 10, 2011",29.26,30.37,28.58,29.25,"3,043,200",27.59
"Aug 9, 2011",27.72,29.69,27.43,29.63,"4,211,200",27.95
"Aug 8, 2011",28.61,29.00,26.42,27.19,"4,369,700",25.65
"Aug 5, 2011",31.27,32.49,29.09,29.34,"4,374,800",27.68
"Aug 4, 2011",32.21,32.50,30.86,30.90,"2,603,000",29.15
"Aug 3, 2011",32.08,32.84,31.32,32.78,"1,700,900",30.92
"Aug 2, 2011",32.85,33.81,32.04,32.05,"2,103,700",30.23
"Aug 1, 2011",34.00,34.10,32.95,33.20,"2,379,500",31.32
"Jul 29, 2011",33.62,34.30,32.83,33.63,"3,841,400",31.72
"Jul 28, 2011",33.89,34.80,32.41,34.64,"4,704,200",32.68
"Jul 27, 2011",36.45,36.65,33.43,33.63,"4,051,900",31.72
"Jul 26, 2011",36.29,36.95,36.21,36.66,"2,725,100",34.58
"Jul 25, 2011",36.64,36.64,35.89,36.09,"1,436,100",34.05
"Jul 22, 2011",36.72,37.39,36.28,37.07,"1,492,900",34.97
"Jul 21, 2011",35.90,37.19,35.73,36.76,"2,049,800",34.68
"Jul 20, 2011",36.27,37.00,35.92,36.07,"1,482,900",34.03
"Jul 19, 2011",35.30,36.46,35.14,36.20,"1,789,600",34.15
"Jul 18, 2011",35.28,35.71,34.40,35.00,"1,198,300",33.02
"Jul 15, 2011",35.37,35.95,34.95,35.51,"1,374,500",33.50
"Jul 14, 2011",35.45,36.49,35.10,35.18,"2,235,600",33.19
"Jul 13, 2011",35.75,36.27,35.05,35.38,"1,945,800",33.38
"Jul 12, 2011",37.19,37.24,35.01,35.41,"3,467,700",33.40
"Jul 11, 2011",37.41,38.12,37.10,37.39,"1,457,300",35.27
"Jul 8, 2011",38.21,38.21,37.03,37.96,"2,021,300",35.81
"Jul 7, 2011",39.13,39.45,38.54,38.66,"2,312,100",36.47
"Jul 6, 2011",38.67,39.08,38.29,39.08,"1,231,200",36.87
"Jul 5, 2011",38.75,39.08,38.51,38.96,"951,900",36.75
"Jul 1, 2011",38.22,38.99,38.21,38.66,"1,947,900",36.47
"Jun 30, 2011",37.80,38.70,37.15,38.00,"2,632,900",35.85
"Jun 29, 2011",37.26,37.79,36.64,37.71,"2,568,000",35.57
"Jun 28, 2011",35.81,37.38,35.81,36.95,"3,114,800",34.86
"Jun 27, 2011",35.55,36.02,35.00,35.45,"1,808,400",33.44
"Jun 24, 2011",35.78,35.83,35.00,35.52,"10,265,600",33.51
"Jun 23, 2011",35.48,36.07,34.83,35.82,"3,811,300",33.79
"Jun 22, 2011",33.98,36.29,33.55,36.00,"3,838,200",33.96
"Jun 21, 2011",32.96,34.40,32.85,34.07,"1,843,900",32.14
"Jun 20, 2011",32.46,33.15,32.19,32.75,"1,912,900",30.89
"Jun 17, 2011",33.68,33.84,32.19,32.50,"2,020,800",30.66
"Jun 16, 2011",33.41,33.47,32.66,33.37,"2,177,000",31.48
"Jun 15, 2011",34.14,34.30,33.49,33.56,"1,919,400",31.66
"Jun 14, 2011",33.76,34.46,33.75,34.22,"2,184,400",32.20
"Jun 13, 2011",33.77,34.31,32.98,33.47,"2,305,300",31.49
"Jun 10, 2011",34.28,34.39,33.38,33.77,"1,424,800",31.77
"Jun 9, 2011",34.30,34.64,33.75,34.23,"3,245,900",32.21
"Jun 8, 2011",33.80,34.17,33.25,33.41,"1,752,400",31.43
"Jun 7, 2011",33.80,34.25,33.40,34.05,"4,984,500",32.04
"Jun 6, 2011",34.01,34.01,33.26,33.33,"1,382,300",31.36
"Jun 3, 2011",33.72,34.14,33.10,33.89,"4,081,700",31.89
"Jun 2, 2011",33.81,34.15,32.98,33.52,"2,314,700",31.54
"Jun 1, 2011",33.84,34.25,33.65,33.77,"3,382,600",31.77
"May 31, 2011",33.86,34.07,33.47,33.79,"10,716,300",31.79
"May 27, 2011",34.80,35.12,34.17,35.01,"1,712,900",32.94
"May 26, 2011",34.54,34.85,33.65,34.71,"1,841,000",32.66
"May 25, 2011",32.80,34.68,32.61,34.50,"6,719,500",32.46
"May 24, 2011",32.13,32.31,31.48,31.71,"2,800,000",29.83
"May 23, 2011",33.92,33.93,31.78,32.03,"2,492,400",30.14
"May 20, 2011",34.84,35.21,34.30,34.39,"1,316,400",32.36
"May 19, 2011",34.70,35.06,34.63,34.81,"706,700",32.75
"May 18, 2011",34.39,34.75,33.66,34.63,"684,300",32.58
"May 17, 2011",34.10,34.44,33.82,34.27,"1,257,000",32.24
"May 16, 2011",34.70,34.98,34.14,34.26,"756,000",32.23
"May 13, 2011",35.06,35.41,34.88,34.89,"1,012,100",32.83
"May 12, 2011",35.96,36.07,34.83,35.06,"2,025,500",32.99
"May 11, 2011",35.81,36.07,35.53,35.87,"1,383,400",33.75
"May 10, 2011",35.76,36.18,35.61,35.81,"1,675,000",33.69
"May 9, 2011",35.00,35.64,34.65,35.46,"1,374,300",33.36
"May 6, 2011",33.85,35.00,33.62,34.91,"1,907,200",32.85
"May 5, 2011",32.50,33.40,32.08,33.24,"819,000",31.27
"May 4, 2011",32.25,32.61,31.92,32.54,"748,200",30.62
"May 3, 2011",33.29,33.43,32.13,32.16,"1,176,200",30.26
"May 2, 2011",33.74,33.74,32.92,33.15,"708,200",31.19
"Apr 29, 2011",32.94,33.50,32.72,33.46,"818,000",31.48
"Apr 28, 2011",33.30,33.82,32.86,32.89,"721,400",30.95
"Apr 27, 2011",32.26,33.50,32.16,33.39,"982,200",31.42
"Apr 26, 2011",32.58,32.58,31.85,32.35,"1,100,000",30.44
"Apr 25, 2011",32.54,32.70,32.00,32.24,"600,000",30.33
"Apr 21, 2011",32.88,33.06,32.52,32.60,"833,500",30.67
"Apr 20, 2011",32.18,32.62,31.94,32.56,"1,115,300",30.63
"Apr 19, 2011",31.56,31.99,31.44,31.77,"723,700",29.89
"Apr 18, 2011",31.39,31.70,30.53,31.60,"805,200",29.73
"Apr 15, 2011",31.00,31.84,30.58,31.74,"1,211,900",29.86
"Apr 14, 2011",31.53,31.79,30.70,31.07,"1,174,600",29.23
"Apr 13, 2011",31.87,32.29,31.31,31.80,"877,000",29.92
"Apr 12, 2011",32.02,32.16,30.88,31.37,"1,883,900",29.51
"Apr 11, 2011",32.30,32.63,31.74,32.23,"889,600",30.32
"Apr 8, 2011",32.86,33.14,32.27,32.57,"834,000",30.64
"Apr 7, 2011",32.87,32.97,32.31,32.47,"1,658,000",30.55
"Apr 6, 2011",32.14,32.86,31.74,32.77,"2,137,300",30.83
"Apr 5, 2011",30.75,32.40,30.61,31.67,"2,044,400",29.80
"Apr 4, 2011",31.59,31.59,29.96,30.60,"1,879,000",28.79
"Apr 1, 2011",31.50,31.90,31.06,31.52,"1,602,900",29.66
"Mar 31, 2011",31.53,31.80,30.81,31.10,"1,580,300",29.26
"Mar 30, 2011",31.50,31.59,30.61,31.49,"1,735,300",29.63
"Mar 29, 2011",31.06,31.11,30.61,30.97,"1,470,800",29.14
"Mar 28, 2011",30.87,31.50,30.74,30.99,"1,074,000",29.16
"Mar 25, 2011",31.15,31.19,30.77,30.85,"912,200",29.03
"Mar 24, 2011",31.27,31.33,30.60,31.07,"1,337,100",29.23
"Mar 23, 2011",30.72,31.02,30.35,31.01,"1,236,400",29.18
"Mar 22, 2011",31.15,31.30,30.45,30.71,"1,517,600",28.89
"Mar 21, 2011",30.80,31.15,30.58,30.99,"1,994,700",29.16
"Mar 18, 2011",30.07,30.49,29.86,30.32,"3,069,700",28.53
"Mar 17, 2011",30.27,30.31,28.27,29.32,"3,814,300",27.59
"Mar 16, 2011",30.95,31.09,29.40,29.56,"2,872,400",27.81
"Mar 15, 2011",30.24,31.28,29.85,31.07,"1,979,600",29.16
"Mar 14, 2011",31.09,31.17,30.72,31.00,"1,641,400",29.09
"Mar 11, 2011",30.98,31.52,30.71,31.23,"1,313,500",29.31
"Mar 10, 2011",30.81,31.12,30.15,31.01,"3,619,100",29.10
"Mar 9, 2011",31.74,31.89,30.94,31.00,"4,392,900",29.09
"Mar 8, 2011",31.92,32.55,31.59,32.39,"1,960,300",30.40
"Mar 7, 2011",33.00,33.00,31.57,31.98,"1,670,900",30.01
"Mar 4, 2011",33.06,33.15,32.51,32.79,"2,049,800",30.77
"Mar 3, 2011",32.79,33.08,32.35,33.00,"3,284,800",30.97
"Mar 2, 2011",32.11,32.54,32.04,32.46,"2,661,700",30.46
"Mar 1, 2011",32.25,32.47,31.84,32.07,"10,131,800",30.10
"Feb 28, 2011",34.34,34.53,33.49,33.99,"1,626,300",31.90
"Feb 25, 2011",34.24,34.59,33.80,34.36,"1,913,200",32.24
"Feb 24, 2011",31.85,34.12,31.66,33.98,"3,533,100",31.89
"Feb 23, 2011",32.98,33.00,30.92,31.34,"3,327,200",29.41
"Feb 22, 2011",33.24,33.24,32.13,32.60,"2,011,800",30.59
"Feb 18, 2011",33.77,34.07,33.63,33.85,"1,563,900",31.77
"Feb 17, 2011",34.33,34.42,33.31,33.63,"3,438,700",31.56
"Feb 16, 2011",33.91,34.60,33.81,34.38,"1,260,500",32.26
"Feb 15, 2011",33.89,34.26,33.42,33.71,"1,978,800",31.63
"Feb 14, 2011",33.58,34.35,33.58,34.04,"2,599,700",31.94
"Feb 11, 2011",32.53,33.35,32.32,33.29,"2,772,500",31.24
"Feb 10, 2011",32.99,33.00,32.15,32.48,"3,504,300",30.48
"Feb 9, 2011",31.93,32.95,31.75,32.77,"4,291,600",30.75
"Feb 8, 2011",31.40,32.25,31.00,31.91,"3,468,400",29.95
"Feb 7, 2011",31.17,31.48,30.56,30.79,"976,200",28.89
"Feb 4, 2011",29.79,31.22,29.72,31.20,"2,550,000",29.28
"Feb 3, 2011",28.78,29.58,28.60,29.41,"1,232,600",27.60
"Feb 2, 2011",29.02,29.40,28.70,28.80,"1,130,000",27.03
"Feb 1, 2011",28.92,29.50,28.76,29.07,"1,583,500",27.28
"Jan 31, 2011",28.04,28.88,27.95,28.71,"1,310,400",26.94
"Jan 28, 2011",29.30,29.36,27.87,28.05,"1,372,200",26.32
"Jan 27, 2011",28.42,29.44,28.42,29.22,"3,730,200",27.42
"Jan 26, 2011",28.13,28.38,27.80,28.25,"1,520,900",26.51
"Jan 25, 2011",28.15,28.15,27.40,28.02,"1,454,800",26.30
"Jan 24, 2011",28.22,28.22,27.58,28.09,"2,149,500",26.36
"Jan 21, 2011",27.99,28.17,27.66,27.77,"1,249,000",26.06
"Jan 20, 2011",27.69,27.82,27.28,27.70,"2,096,300",25.99
"Jan 19, 2011",28.00,28.50,27.51,27.76,"2,979,500",26.05
"Jan 18, 2011",27.65,27.89,27.23,27.75,"10,018,200",26.04
"Jan 14, 2011",28.34,29.06,28.00,29.01,"977,600",27.22
"Jan 13, 2011",28.40,28.66,28.02,28.35,"964,500",26.60
"Jan 12, 2011",29.28,29.33,28.02,28.17,"1,559,900",26.44
"Jan 11, 2011",29.14,29.26,28.84,29.24,"1,354,900",27.44
"Jan 10, 2011",28.26,29.10,27.93,28.90,"1,538,500",27.12
"Jan 7, 2011",28.47,28.51,27.78,28.28,"877,400",26.54
"Jan 6, 2011",28.04,28.53,27.77,28.52,"959,800",26.76
"Jan 5, 2011",27.85,28.17,27.75,27.99,"953,700",26.27
"Jan 4, 2011",27.80,28.30,26.97,28.00,"1,626,200",26.28
"Jan 3, 2011",28.70,28.70,27.68,27.80,"1,443,600",26.09
"Dec 31, 2010",28.90,28.90,28.29,28.41,"617,700",26.66
"Dec 30, 2010",28.64,28.93,28.35,28.88,"681,500",27.10
"Dec 29, 2010",28.45,28.67,28.15,28.63,"629,600",26.87
"Dec 28, 2010",28.77,28.80,28.22,28.30,"583,600",26.56
"Dec 27, 2010",28.10,28.94,27.82,28.76,"1,331,100",26.99
"Dec 23, 2010",28.13,28.46,27.91,28.13,"588,500",26.40
"Dec 22, 2010",27.95,28.19,27.39,28.14,"960,000",26.41
"Dec 21, 2010",27.95,28.09,27.67,27.88,"1,495,000",26.16
"Dec 20, 2010",27.89,28.44,27.70,27.81,"1,460,200",26.10
"Dec 17, 2010",27.72,28.40,27.53,28.17,"3,640,100",26.44
"Dec 16, 2010",26.60,27.65,26.42,27.64,"2,442,500",25.94
"Dec 15, 2010",26.30,26.87,25.91,26.40,"1,800,500",24.77
"Dec 14, 2010",26.65,26.75,25.97,26.29,"946,000",24.67
"Dec 13, 2010",26.60,26.70,26.35,26.58,"1,217,700",24.94
"Dec 10, 2010",26.70,26.70,26.16,26.40,"1,405,200",24.71
"Dec 9, 2010",25.74,26.51,25.57,26.41,"3,405,100",24.72
"Dec 8, 2010",24.99,25.74,24.86,25.40,"4,907,700",23.77
"Dec 7, 2010",24.76,25.29,24.48,24.86,"11,738,100",23.27
"Dec 6, 2010",26.85,26.89,26.29,26.85,"897,100",25.13
"Dec 3, 2010",28.00,28.00,26.45,26.55,"2,627,900",24.85
"Dec 2, 2010",26.96,28.48,26.83,28.41,"1,906,000",26.59
"Dec 1, 2010",26.48,27.00,26.29,26.86,"1,652,200",25.14
"Nov 30, 2010",26.92,27.25,26.09,26.11,"5,435,500",24.44
"Nov 29, 2010",27.07,27.10,26.36,26.92,"1,020,500",25.20
"Nov 26, 2010",26.25,27.05,26.17,27.01,"626,800",25.28
"Nov 24, 2010",26.12,26.40,26.07,26.30,"823,900",24.62
"Nov 23, 2010",25.90,26.06,25.66,25.98,"645,400",24.32
"Nov 22, 2010",25.33,26.01,25.33,26.01,"907,800",24.34
"Nov 19, 2010",24.93,25.33,24.84,25.27,"345,400",23.65
"Nov 18, 2010",24.77,25.16,24.68,25.07,"664,000",23.46
"Nov 17, 2010",24.87,25.20,24.50,24.60,"637,800",23.02
"Nov 16, 2010",25.02,25.07,24.42,24.90,"569,700",23.31
"Nov 15, 2010",25.95,25.96,25.08,25.17,"498,700",23.56
"Nov 12, 2010",24.81,25.81,24.56,25.72,"1,007,500",24.07
"Nov 11, 2010",24.40,25.10,23.85,24.85,"1,211,800",23.26
"Nov 10, 2010",24.85,24.93,24.38,24.61,"268,000",23.03
"Nov 9, 2010",25.33,25.45,24.78,24.83,"407,900",23.24
"Nov 8, 2010",25.15,25.58,24.93,25.25,"374,400",23.63
"Nov 5, 2010",25.36,25.70,25.15,25.37,"629,500",23.75
"Nov 4, 2010",24.96,25.37,24.67,25.29,"983,100",23.67
"Nov 3, 2010",24.12,24.77,23.96,24.68,"584,900",23.10
"Nov 2, 2010",24.10,24.44,23.87,24.08,"404,000",22.54
"Nov 1, 2010",24.50,24.73,23.77,23.83,"857,500",22.30
"Oct 29, 2010",23.51,24.95,23.36,24.68,"1,360,700",23.10
"Oct 28, 2010",23.96,24.05,23.09,23.43,"1,351,800",21.93
"Oct 27, 2010",23.41,23.75,23.19,23.70,"1,125,100",22.18
"Oct 26, 2010",22.80,23.48,22.64,23.42,"1,478,700",21.92
"Oct 25, 2010",22.50,23.12,22.41,22.86,"647,500",21.40
"Oct 22, 2010",22.00,22.49,21.95,22.48,"524,400",21.04
"Oct 21, 2010",22.20,22.21,21.90,21.95,"346,700",20.54
"Oct 20, 2010",22.54,22.65,22.08,22.10,"306,100",20.68
"Oct 19, 2010",22.37,22.72,22.10,22.39,"521,700",20.96
"Oct 18, 2010",22.76,22.78,22.41,22.74,"462,600",21.28
"Oct 15, 2010",22.55,22.72,21.91,22.69,"865,000",21.24
"Oct 14, 2010",22.03,22.50,21.79,22.42,"848,800",20.98
"Oct 13, 2010",22.21,22.24,21.54,22.00,"949,000",20.59
"Oct 12, 2010",22.39,22.39,21.74,22.02,"855,000",20.61
"Oct 11, 2010",22.26,22.46,22.07,22.34,"387,600",20.91
"Oct 8, 2010",22.65,22.71,22.05,22.20,"1,114,400",20.78
"Oct 7, 2010",22.34,22.97,22.26,22.88,"815,800",21.41
"Oct 6, 2010",22.42,22.69,21.84,22.28,"1,026,300",20.85
"Oct 5, 2010",22.44,22.62,22.25,22.45,"409,900",21.01
"Oct 4, 2010",22.60,22.63,21.92,22.31,"785,600",20.88
"Oct 1, 2010",22.62,22.66,22.35,22.63,"633,000",21.18
"Sep 30, 2010",22.38,23.00,22.34,22.51,"1,046,400",21.07
"Sep 29, 2010",22.30,22.50,22.12,22.33,"388,000",20.90
"Sep 28, 2010",22.10,22.42,21.81,22.30,"654,700",20.87
"Sep 27, 2010",21.98,22.11,21.73,21.95,"666,300",20.54
"Sep 24, 2010",21.38,21.78,21.32,21.58,"793,400",20.20
"Sep 23, 2010",20.65,21.65,20.22,21.33,"1,033,700",19.96
"Sep 22, 2010",20.80,21.45,20.70,20.76,"1,423,800",19.43
"Sep 21, 2010",20.75,21.92,20.43,20.77,"971,900",19.44
"Sep 20, 2010",20.14,20.98,19.79,20.63,"1,249,800",19.31
"Sep 17, 2010",19.40,20.32,19.30,20.04,"1,540,800",18.76
"Sep 16, 2010",19.01,19.65,19.00,19.25,"857,600",18.02
"Sep 15, 2010",19.80,20.11,18.91,19.11,"1,106,400",17.89
"Sep 14, 2010",18.83,20.18,18.61,19.90,"1,211,500",18.63
"Sep 13, 2010",18.77,19.07,18.76,18.95,"1,164,100",17.74
"Sep 10, 2010",19.54,19.65,18.41,18.65,"2,553,700",17.46
"Sep 9, 2010",20.13,20.30,19.49,19.67,"1,550,000",18.41
"Sep 8, 2010",20.56,20.69,19.79,20.08,"1,060,400",18.79
"Sep 7, 2010",20.79,20.99,20.47,20.58,"439,300",19.26
"Sep 3, 2010",21.17,21.21,20.73,20.98,"524,000",19.64
"Sep 2, 2010",21.21,21.24,20.83,21.05,"304,700",19.70
"Sep 1, 2010",20.30,21.36,20.16,21.00,"1,109,500",19.66
"Aug 31, 2010",19.80,20.25,19.70,20.15,"633,900",18.86
"Aug 30, 2010",20.21,20.36,19.93,20.00,"590,400",18.72
"Aug 27, 2010",20.62,20.65,20.01,20.31,"1,051,800",19.01
"Aug 26, 2010",20.52,21.02,20.26,20.60,"776,900",19.28
"Aug 25, 2010",20.25,20.42,19.71,20.29,"1,122,100",18.99
"Aug 24, 2010",20.00,20.48,19.95,20.24,"1,092,600",18.94
"Aug 23, 2010",20.44,20.57,20.22,20.40,"577,200",19.09
"Aug 20, 2010",20.29,20.55,20.29,20.43,"415,800",19.12
"Aug 19, 2010",20.67,20.85,20.38,20.51,"589,100",19.20
"Aug 18, 2010",20.32,20.82,20.09,20.75,"833,900",19.42
"Aug 17, 2010",20.39,20.71,20.29,20.37,"774,900",19.07
"Aug 16, 2010",19.99,20.30,19.71,20.27,"1,485,800",18.97
"Aug 13, 2010",20.38,20.55,19.95,19.99,"3,957,800",18.71
"Aug 12, 2010",20.45,20.89,20.20,20.41,"1,832,400",19.10
"Aug 11, 2010",20.54,20.75,19.28,20.23,"2,330,000",18.93
"Aug 10, 2010",22.58,22.82,22.20,22.30,"372,200",20.87
"Aug 9, 2010",22.68,22.93,22.48,22.90,"226,700",21.43
"Aug 6, 2010",22.56,22.73,22.39,22.59,"271,600",21.14
"Aug 5, 2010",22.11,22.75,22.11,22.74,"463,900",21.28
"Aug 4, 2010",21.69,22.45,21.25,22.34,"616,800",20.91
"Aug 3, 2010",21.72,21.90,21.37,21.60,"417,600",20.22
"Aug 2, 2010",21.98,22.80,21.60,21.83,"1,010,500",20.43
"Jul 30, 2010",21.58,21.91,21.09,21.76,"277,500",20.37
"Jul 29, 2010",21.91,21.99,21.36,21.77,"510,300",20.38
"Jul 28, 2010",22.38,22.55,21.77,21.80,"355,000",20.40
"Jul 27, 2010",22.85,23.06,22.23,22.42,"972,000",20.98
"Jul 26, 2010",22.89,22.95,21.91,22.80,"689,200",21.34
"Jul 23, 2010",22.90,23.13,22.50,22.88,"631,700",21.41
"Jul 22, 2010",22.03,22.94,21.89,22.85,"839,700",21.39
"Jul 21, 2010",22.17,22.36,21.72,21.77,"503,600",20.38
"Jul 20, 2010",22.03,22.09,21.60,22.00,"712,200",20.59
"Jul 19, 2010",22.05,22.37,21.78,22.27,"526,200",20.84
"Jul 16, 2010",22.69,22.95,21.98,21.99,"659,900",20.58
"Jul 15, 2010",22.25,23.00,21.91,22.91,"835,500",21.44
"Jul 14, 2010",22.50,22.86,22.22,22.29,"538,400",20.86
"Jul 13, 2010",22.31,22.50,22.14,22.48,"658,900",21.04
"Jul 12, 2010",21.85,22.38,21.45,22.10,"499,500",20.68
"Jul 9, 2010",21.74,22.01,21.50,22.01,"325,500",20.60
"Jul 8, 2010",21.76,22.00,21.35,21.79,"291,400",20.39
"Jul 7, 2010",20.75,21.69,20.50,21.67,"949,300",20.28
"Jul 6, 2010",21.81,22.21,20.75,20.87,"1,058,800",19.53
"Jul 2, 2010",21.48,21.69,21.27,21.57,"553,400",20.19
"Jul 1, 2010",21.32,21.55,20.68,21.41,"1,150,300",20.04
"Jun 30, 2010",20.89,21.31,20.67,21.06,"1,344,400",19.71
"Jun 29, 2010",21.28,21.29,20.36,20.97,"1,327,400",19.63
"Jun 28, 2010",21.54,21.86,20.52,21.75,"966,300",20.36
"Jun 25, 2010",21.44,22.07,21.13,21.47,"9,588,300",20.09
"Jun 24, 2010",22.65,22.68,20.73,21.24,"1,777,100",19.88
"Jun 23, 2010",22.50,22.70,21.51,22.54,"1,144,100",21.10
"Jun 22, 2010",22.89,23.04,22.10,22.26,"1,200,800",20.83
"Jun 21, 2010",23.39,23.40,22.38,22.99,"711,100",21.52
"Jun 18, 2010",23.29,23.53,22.81,23.04,"1,272,000",21.56
"Jun 17, 2010",23.29,23.69,23.03,23.35,"2,053,600",21.85
"Jun 16, 2010",22.22,23.49,22.05,22.88,"2,692,300",21.41
"Jun 15, 2010",21.75,22.70,21.57,22.25,"1,208,200",20.82
"Jun 14, 2010",22.15,22.16,21.31,21.51,"1,340,900",20.13
"Jun 11, 2010",21.50,21.98,21.43,21.93,"792,900",20.53
"Jun 10, 2010",21.50,21.97,21.49,21.80,"1,009,900",20.40
"Jun 9, 2010",21.25,21.90,20.96,21.07,"802,500",19.72
"Jun 8, 2010",20.94,21.10,20.62,21.09,"1,192,400",19.74
"Jun 7, 2010",20.88,21.10,20.55,20.77,"735,300",19.44
"Jun 4, 2010",21.40,21.44,20.58,20.81,"315,700",19.48
"Jun 3, 2010",21.06,22.00,21.06,21.66,"646,300",20.27
"Jun 2, 2010",20.34,21.11,20.34,21.11,"861,800",19.76
"Jun 1, 2010",20.66,20.99,20.34,20.39,"456,100",19.08
"May 28, 2010",21.43,21.49,20.30,20.65,"795,500",19.33
"May 27, 2010",20.37,21.55,20.29,21.34,"1,065,700",19.97
"May 26, 2010",19.56,20.42,19.48,20.02,"946,200",18.74
"May 25, 2010",19.00,19.34,18.52,19.23,"680,400",18.00
"May 24, 2010",19.75,20.00,19.31,19.39,"480,200",18.15
"May 21, 2010",19.90,20.25,19.54,19.81,"823,300",18.54
"May 20, 2010",19.77,20.30,19.44,20.10,"1,112,300",18.81
"May 19, 2010",19.84,20.28,18.93,20.02,"579,000",18.74
"May 18, 2010",20.60,20.88,19.94,20.08,"338,400",18.79
"May 17, 2010",20.25,20.52,19.92,20.52,"292,900",19.21
"May 14, 2010",20.41,20.49,19.72,20.23,"504,900",18.93
"May 13, 2010",20.83,20.83,20.32,20.46,"291,900",19.15
"May 12, 2010",20.56,20.92,20.50,20.72,"353,300",19.39
"May 11, 2010",20.33,20.80,20.17,20.66,"217,400",19.34
"May 10, 2010",20.00,20.91,20.00,20.74,"894,400",19.41
"May 7, 2010",19.24,19.50,18.38,19.29,"602,500",18.05
"May 6, 2010",19.57,19.58,18.55,19.20,"915,500",17.97
"May 5, 2010",19.94,20.06,19.20,19.59,"626,600",18.34
"May 4, 2010",20.97,20.97,19.92,20.05,"554,000",18.77
"May 3, 2010",20.65,21.47,20.39,21.12,"423,900",19.77
"Apr 30, 2010",21.57,21.69,20.49,20.51,"360,300",19.20
"Apr 29, 2010",21.33,21.80,21.33,21.40,"318,500",20.03
"Apr 28, 2010",21.18,21.29,20.68,21.01,"313,900",19.66
"Apr 27, 2010",21.86,21.86,20.82,21.00,"250,600",19.66
"Apr 26, 2010",21.35,22.03,21.30,21.79,"255,000",20.39
"Apr 23, 2010",21.43,21.62,21.08,21.49,"188,600",20.11
"Apr 22, 2010",21.84,21.86,20.97,21.53,"644,100",20.15
"Apr 21, 2010",22.50,22.83,21.46,21.84,"540,200",20.44
"Apr 20, 2010",22.47,22.88,22.18,22.37,"850,600",20.94
"Apr 19, 2010",21.68,22.04,21.30,21.90,"486,700",20.50
"Apr 16, 2010",21.97,21.98,21.67,21.88,"343,900",20.48
"Apr 15, 2010",21.60,22.00,21.60,21.96,"614,800",20.55
"Apr 14, 2010",20.63,21.56,20.50,21.55,"478,300",20.17
"Apr 13, 2010",19.86,20.24,19.75,20.15,"236,700",18.86
"Apr 12, 2010",19.92,20.15,19.67,20.02,"286,700",18.74
"Apr 9, 2010",20.10,20.14,19.83,20.01,"198,300",18.73
"Apr 8, 2010",20.48,20.48,20.08,20.10,"140,200",18.81
"Apr 7, 2010",20.58,20.74,20.40,20.48,"144,600",19.17
"Apr 6, 2010",20.05,20.83,20.00,20.68,"235,800",19.36
"Apr 5, 2010",20.69,20.70,19.79,20.26,"612,000",18.96
"Apr 1, 2010",20.69,20.80,20.09,20.50,"324,600",19.19
"Mar 31, 2010",20.39,20.68,20.17,20.56,"662,000",19.24
"Mar 30, 2010",20.28,20.51,19.96,20.38,"353,900",19.07
"Mar 29, 2010",20.09,20.40,19.94,20.22,"296,100",18.92
"Mar 26, 2010",19.66,20.20,19.66,19.91,"525,000",18.63
"Mar 25, 2010",19.75,19.75,19.31,19.65,"583,500",18.39
"Mar 24, 2010",20.20,20.20,19.57,19.62,"153,500",18.36
"Mar 23, 2010",19.98,20.30,19.95,20.22,"281,900",18.92
"Mar 22, 2010",19.87,20.15,19.70,19.94,"473,400",18.66
"Mar 19, 2010",20.11,20.28,19.69,20.11,"636,500",18.82
"Mar 18, 2010",19.94,20.00,19.48,19.98,"211,200",18.70
"Mar 17, 2010",19.59,19.99,19.56,19.89,"309,400",18.62
"Mar 16, 2010",19.42,19.68,19.16,19.50,"162,300",18.25
"Mar 15, 2010",19.56,19.56,19.03,19.42,"179,200",18.18
"Mar 12, 2010",19.90,20.00,19.44,19.65,"498,400",18.39
"Mar 11, 2010",19.79,19.97,19.79,19.86,"394,700",18.59
"Mar 10, 2010",19.46,19.98,19.36,19.74,"544,900",18.48
"Mar 9, 2010",19.44,20.00,19.15,19.35,"922,700",18.11
"Mar 8, 2010",19.48,19.52,19.09,19.31,"222,000",18.07
"Mar 5, 2010",19.05,19.66,19.05,19.36,"376,700",18.12
"Mar 4, 2010",19.01,19.24,18.50,19.06,"396,600",17.84
"Mar 3, 2010",18.75,19.94,18.75,18.91,"1,063,400",17.70
"Mar 2, 2010",18.19,18.74,18.19,18.72,"981,000",17.52
"Mar 1, 2010",18.70,18.80,18.12,18.30,"872,200",17.13
"Feb 26, 2010",18.05,18.19,17.96,18.15,"280,700",16.99
"Feb 25, 2010",18.00,18.39,17.69,18.09,"2,319,700",16.93
"Feb 24, 2010",17.50,17.87,17.41,17.74,"852,300",16.60
"Feb 23, 2010",17.35,17.49,17.13,17.38,"1,820,200",16.27
"Feb 22, 2010",17.50,17.59,17.23,17.35,"846,500",16.24
"Feb 19, 2010",17.50,17.62,17.36,17.53,"374,600",16.41
"Feb 18, 2010",17.47,17.50,17.30,17.45,"461,900",16.33
"Feb 17, 2010",17.60,17.60,17.17,17.41,"507,700",16.29
"Feb 16, 2010",17.40,17.51,17.27,17.48,"422,700",16.36
"Feb 12, 2010",16.98,17.39,16.79,17.36,"163,200",16.25
"Feb 11, 2010",16.76,17.25,16.50,17.13,"370,000",16.03
"Feb 10, 2010",16.86,16.94,16.51,16.80,"578,000",15.72
"Feb 9, 2010",17.04,17.38,16.82,16.99,"189,600",15.90
"Feb 8, 2010",17.08,17.29,16.87,17.01,"498,300",15.92
"Feb 5, 2010",17.25,17.32,16.60,17.20,"538,700",16.10
"Feb 4, 2010",17.38,17.58,17.06,17.22,"1,376,700",16.12
"Feb 3, 2010",17.54,17.69,17.48,17.62,"1,285,700",16.49
"Feb 2, 2010",17.51,17.80,17.35,17.70,"1,772,900",16.57
"Feb 1, 2010",17.38,17.69,17.29,17.50,"509,500",16.38
"Jan 29, 2010",17.72,17.86,17.25,17.38,"3,357,000",16.27
"Jan 28, 2010",17.55,17.74,17.25,17.72,"14,457,600",16.59
"Jan 27, 2010",17.64,17.95,17.25,17.41,"696,300",16.29
"Jan 26, 2010",17.03,18.00,16.84,17.76,"765,400",16.62
"Jan 25, 2010",17.67,17.80,17.46,17.65,"261,400",16.52
"Jan 22, 2010",17.88,18.06,17.38,17.56,"923,500",16.44
"Jan 21, 2010",17.87,18.49,17.79,17.99,"338,600",16.84
"Jan 20, 2010",17.71,18.01,17.44,17.96,"193,800",16.81
"Jan 19, 2010",17.90,18.15,17.30,17.81,"381,300",16.67
"Jan 15, 2010",18.56,18.56,18.15,18.24,"158,700",17.07
"Jan 14, 2010",18.48,18.87,18.15,18.43,"1,065,400",17.25
"Jan 13, 2010",18.96,18.96,18.25,18.42,"943,900",17.24
"Jan 12, 2010",19.14,19.14,18.74,19.00,"916,700",17.78
"Jan 11, 2010",19.20,19.55,19.03,19.29,"512,700",18.05
"Jan 8, 2010",18.90,19.30,18.85,19.17,"289,900",17.94
"Jan 7, 2010",19.04,19.17,18.65,19.03,"271,800",17.81
"Jan 6, 2010",18.95,19.30,18.59,19.15,"533,100",17.92
"Jan 5, 2010",18.95,19.24,18.10,19.00,"301,100",17.78
"Jan 4, 2010",18.30,18.90,18.01,18.86,"538,700",17.65
"Dec 31, 2009",17.61,18.29,17.61,18.29,"555,800",17.12
"Dec 30, 2009",17.31,17.78,17.31,17.69,"302,500",16.56
"Dec 29, 2009",17.52,17.68,17.40,17.53,"227,600",16.41
"Dec 28, 2009",16.75,17.80,16.75,17.38,"795,400",16.27
"Dec 24, 2009",16.72,17.00,16.72,16.78,"30,800",15.71
"Dec 23, 2009",16.75,16.84,16.65,16.78,"223,500",15.71
"Dec 22, 2009",16.50,16.73,16.23,16.73,"312,700",15.66
"Dec 21, 2009",16.79,16.85,16.36,16.49,"144,300",15.43
"Dec 18, 2009",16.30,16.80,16.23,16.39,"417,800",15.34
"Dec 17, 2009",16.91,16.98,16.14,16.31,"149,000",15.27
"Dec 16, 2009",16.88,17.13,16.74,17.00,"315,700",15.91
"Dec 15, 2009",16.85,16.90,16.71,16.74,"140,400",15.67
"Dec 14, 2009",16.74,16.90,16.69,16.85,"224,800",15.77
"Dec 11, 2009",16.69,16.70,16.46,16.58,"77,400",15.52
"Dec 10, 2009",16.80,16.99,16.75,16.77,"255,500",15.70
"Dec 9, 2009",16.61,16.81,16.34,16.81,"96,700",15.73
"Dec 8, 2009",16.61,16.97,16.55,16.75,"249,500",15.68
"Dec 7, 2009",16.50,16.93,16.50,16.87,"308,400",15.79
"Dec 4, 2009",16.40,16.71,15.60,16.52,"946,800",15.46
"Dec 3, 2009",15.58,15.94,15.58,15.93,"507,900",14.91
"Dec 2, 2009",16.03,16.11,15.38,15.61,"846,500",14.61
"Dec 1, 2009",15.90,16.34,15.90,15.96,"417,800",14.94
"Nov 30, 2009",15.87,15.99,15.25,15.86,"276,500",14.84
"Nov 27, 2009",15.13,15.88,15.06,15.86,"61,600",14.84
"Nov 25, 2009",15.38,15.98,15.36,15.50,"135,300",14.51
"Nov 24, 2009",15.10,15.33,15.01,15.26,"522,800",14.28
"Nov 23, 2009",15.54,15.61,15.15,15.19,"465,300",14.22
"Nov 20, 2009",15.56,15.65,15.31,15.44,"423,700",14.45
"Nov 19, 2009",15.84,15.89,15.25,15.57,"116,600",14.57
"Nov 18, 2009",16.15,16.15,15.81,16.03,"115,500",15.00
"Nov 17, 2009",15.83,16.19,15.58,16.07,"98,500",15.04
"Nov 16, 2009",15.63,16.21,15.53,16.01,"155,600",14.98
"Nov 13, 2009",15.61,15.75,15.41,15.58,"62,100",14.58
"Nov 12, 2009",15.40,15.95,15.40,15.60,"130,000",14.60
"Nov 11, 2009",15.53,15.53,15.12,15.36,"153,500",14.38
"Nov 10, 2009",15.69,15.69,15.18,15.45,"146,800",14.46
"Nov 9, 2009",15.26,15.74,15.09,15.66,"252,900",14.66
"Nov 6, 2009",15.32,15.69,14.87,15.29,"257,500",14.31
"Nov 5, 2009",15.02,15.74,14.85,15.32,"274,100",14.34
"Nov 4, 2009",14.60,15.25,14.33,14.78,"805,300",13.83
"Nov 3, 2009",14.68,14.82,14.44,14.49,"363,700",13.56
"Nov 2, 2009",15.10,15.10,14.72,14.87,"276,600",13.92
"Oct 30, 2009",15.10,15.19,14.87,15.00,"278,100",14.04
"Oct 29, 2009",14.95,15.20,14.72,15.04,"1,183,300",14.08
"Oct 28, 2009",15.50,15.50,14.89,14.93,"622,000",13.97
"Oct 27, 2009",15.95,15.99,15.26,15.45,"328,800",14.46
"Oct 26, 2009",15.91,16.12,15.81,15.84,"162,400",14.83
"Oct 23, 2009",16.13,16.41,15.92,16.05,"1,134,100",15.02
"Oct 22, 2009",16.33,16.33,15.61,16.28,"983,400",15.24
"Oct 21, 2009",16.37,16.91,16.11,16.49,"233,800",15.43
"Oct 20, 2009",16.34,16.73,16.27,16.53,"489,000",15.47
"Oct 19, 2009",16.46,16.64,16.06,16.24,"2,142,900",15.20
"Oct 16, 2009",17.23,17.23,16.21,16.43,"1,263,800",15.38
"Oct 15, 2009",17.40,17.95,17.10,17.16,"2,092,000",16.06
"Oct 14, 2009",16.84,17.00,16.54,16.86,"695,500",15.78
"Oct 13, 2009",16.19,16.67,16.15,16.53,"557,300",15.47
"Oct 12, 2009",16.22,16.45,16.04,16.34,"1,288,800",15.29
"Oct 9, 2009",15.98,16.45,15.94,16.25,"870,500",15.21
"Oct 8, 2009",16.11,16.18,15.94,16.01,"557,300",14.98
"Oct 7, 2009",16.57,16.61,15.92,16.13,"291,700",15.10
"Oct 6, 2009",16.74,17.20,16.44,16.47,"469,400",15.42
"Oct 5, 2009",16.10,16.53,16.00,16.49,"188,900",15.43
"Oct 2, 2009",16.20,16.36,15.90,16.09,"629,600",15.06
"Oct 1, 2009",17.00,17.09,16.21,16.31,"660,500",15.27
"Sep 30, 2009",17.00,17.33,16.96,17.07,"512,600",15.98
"Sep 29, 2009",17.55,17.84,16.95,17.03,"356,700",15.94
"Sep 28, 2009",17.32,17.85,17.03,17.65,"233,600",16.52
"Sep 25, 2009",17.48,17.48,17.10,17.13,"468,500",16.03
"Sep 24, 2009",17.33,17.85,16.75,17.49,"778,800",16.37
"Sep 23, 2009",17.62,17.79,17.30,17.40,"530,300",16.29
"Sep 22, 2009",16.96,17.37,16.82,17.25,"1,114,100",16.15
"Sep 21, 2009",16.28,16.63,15.87,16.61,"553,000",15.55
"Sep 18, 2009",16.57,17.02,16.18,16.20,"899,900",15.16
"Sep 17, 2009",17.66,17.90,16.53,16.64,"1,446,400",15.57
"Sep 16, 2009",17.40,17.75,17.11,17.58,"2,021,100",16.45
"Sep 15, 2009",17.25,17.35,16.63,17.18,"1,986,900",16.08
"Sep 14, 2009",16.64,16.90,16.31,16.65,"1,614,500",15.58
"Sep 11, 2009",17.00,17.33,16.54,16.88,"620,300",15.80
"Sep 10, 2009",17.01,17.46,16.95,17.05,"415,200",15.96
"Sep 9, 2009",17.85,17.85,17.22,17.26,"551,200",16.15
"Sep 8, 2009",17.76,17.93,17.45,17.70,"574,900",16.57
"Sep 4, 2009",17.75,18.00,17.49,17.76,"1,158,600",16.62
"Sep 3, 2009",17.97,17.97,17.00,17.45,"3,657,700",16.33
"Sep 2, 2009",17.76,18.25,17.48,17.68,"1,293,400",16.55
"Sep 1, 2009",18.25,18.44,16.94,17.85,"1,383,500",16.71
"Aug 31, 2009",18.35,18.40,17.81,18.20,"1,004,800",17.03
"Aug 28, 2009",18.10,19.00,18.00,18.47,"1,295,000",17.29
"Aug 27, 2009",17.85,18.21,17.55,18.16,"1,161,100",17.00
"Aug 26, 2009",17.69,17.85,17.15,17.85,"708,600",16.71
"Aug 25, 2009",17.65,17.90,17.55,17.85,"530,800",16.71
"Aug 24, 2009",17.52,17.85,17.30,17.50,"1,021,600",16.38
"Aug 21, 2009",17.79,17.97,17.58,17.82,"863,600",16.68
"Aug 20, 2009",17.95,17.95,17.29,17.76,"1,882,100",16.62
"Aug 19, 2009",16.84,17.94,16.80,17.89,"2,070,800",16.74
"Aug 18, 2009",16.48,17.20,16.35,17.07,"1,446,700",15.98
"Aug 17, 2009",16.27,16.37,16.20,16.22,"254,400",15.18
"Aug 14, 2009",16.50,17.00,16.25,16.60,"637,800",15.54
"Aug 13, 2009",16.00,16.72,16.00,16.55,"1,150,600",15.49
"Aug 12, 2009",16.15,16.20,15.66,16.00,"1,451,300",14.98
"Aug 11, 2009",15.98,16.00,15.50,15.67,"2,305,400",14.67
"Aug 10, 2009",16.63,16.63,15.61,15.97,"2,421,000",14.95
"Aug 7, 2009",16.15,16.76,16.03,16.43,"2,454,300",15.38
"Aug 6, 2009",16.50,16.91,15.56,16.18,"24,197,800",15.14
"Oct 9, 2009",15.98,16.45,15.94,16.25,"870,500",15.21
"Oct 8, 2009",16.11,16.18,15.94,16.01,"557,300",14.98
"Oct 7, 2009",16.57,16.61,15.92,16.13,"291,700",15.10
"Oct 6, 2009",16.74,17.20,16.44,16.47,"469,400",15.42
"Oct 5, 2009",16.10,16.53,16.00,16.49,"188,900",15.43
"Oct 2, 2009",16.20,16.36,15.90,16.09,"629,600",15.06
"Oct 1, 2009",17.00,17.09,16.21,16.31,"660,500",15.27
"Sep 30, 2009",17.00,17.33,16.96,17.07,"512,600",15.98
"Sep 29, 2009",17.55,17.84,16.95,17.03,"356,700",15.94
"Sep 28, 2009",17.32,17.85,17.03,17.65,"233,600",16.52
"Sep 25, 2009",17.48,17.48,17.10,17.13,"468,500",16.03
"Sep 24, 2009",17.33,17.85,16.75,17.49,"778,800",16.37
"Sep 23, 2009",17.62,17.79,17.30,17.40,"530,300",16.29
"Sep 22, 2009",16.96,17.37,16.82,17.25,"1,114,100",16.15
"Sep 21, 2009",16.28,16.63,15.87,16.61,"553,000",15.55
"Sep 18, 2009",16.57,17.02,16.18,16.20,"899,900",15.16
"Sep 17, 2009",17.66,17.90,16.53,16.64,"1,446,400",15.57
"Sep 16, 2009",17.40,17.75,17.11,17.58,"2,021,100",16.45
"Sep 15, 2009",17.25,17.35,16.63,17.18,"1,986,900",16.08
"Sep 14, 2009",16.64,16.90,16.31,16.65,"1,614,500",15.58
"Sep 11, 2009",17.00,17.33,16.54,16.88,"620,300",15.80
"Sep 10, 2009",17.01,17.46,16.95,17.05,"415,200",15.96
"Sep 9, 2009",17.85,17.85,17.22,17.26,"551,200",16.15
"Sep 8, 2009",17.76,17.93,17.45,17.70,"574,900",16.57
"Sep 4, 2009",17.75,18.00,17.49,17.76,"1,158,600",16.62
"Sep 3, 2009",17.97,17.97,17.00,17.45,"3,657,700",16.33
"Sep 2, 2009",17.76,18.25,17.48,17.68,"1,293,400",16.55
"Sep 1, 2009",18.25,18.44,16.94,17.85,"1,383,500",16.71
"Aug 31, 2009",18.35,18.40,17.81,18.20,"1,004,800",17.03
"Aug 28, 2009",18.10,19.00,18.00,18.47,"1,295,000",17.29
"Aug 27, 2009",17.85,18.21,17.55,18.16,"1,161,100",17.00
"Aug 26, 2009",17.69,17.85,17.15,17.85,"708,600",16.71
"Aug 25, 2009",17.65,17.90,17.55,17.85,"530,800",16.71
"Aug 24, 2009",17.52,17.85,17.30,17.50,"1,021,600",16.38
"Aug 21, 2009",17.79,17.97,17.58,17.82,"863,600",16.68
"Aug 20, 2009",17.95,17.95,17.29,17.76,"1,882,100",16.62
"Aug 19, 2009",16.84,17.94,16.80,17.89,"2,070,800",16.74
"Aug 18, 2009",16.48,17.20,16.35,17.07,"1,446,700",15.98
"Aug 17, 2009",16.27,16.37,16.20,16.22,"254,400",15.18
"Aug 14, 2009",16.50,17.00,16.25,16.60,"637,800",15.54
"Aug 13, 2009",16.00,16.72,16.00,16.55,"1,150,600",15.49
"Aug 12, 2009",16.15,16.20,15.66,16.00,"1,451,300",14.98
"Aug 11, 2009",15.98,16.00,15.50,15.67,"2,305,400",14.67
"Aug 10, 2009",16.63,16.63,15.61,15.97,"2,421,000",14.95
"Aug 7, 2009",16.15,16.76,16.03,16.43,"2,454,300",15.38
"Aug 6, 2009",16.50,16.91,15.56,16.18,"24,197,800",15.14
