"Jul 1, 2014",44.56,45.52,44.48,45.26,"2,764,300",45.26
"Jun 30, 2014",44.40,44.61,44.12,44.35,"1,877,500",44.35
"Jun 27, 2014",44.26,44.56,44.07,44.29,"1,091,800",44.29
"Jun 26, 2014",44.48,44.54,44.22,44.34,"1,497,900",44.34
"Jun 25, 2014",44.04,44.68,44.04,44.37,"941,800",44.37
"Jun 24, 2014",44.10,44.45,43.87,44.01,"1,512,000",44.01
"Jun 23, 2014",44.15,44.41,44.03,44.22,"1,502,500",44.22
"Jun 20, 2014",44.14,44.29,43.99,44.24,"1,782,800",44.24
"Jun 19, 2014",43.52,44.00,43.52,43.96,"1,498,800",43.96
"Jun 18, 2014",42.91,43.57,42.68,43.54,"1,377,400",43.54
"Jun 17, 2014",42.77,43.08,42.52,42.93,"1,133,500",42.93
"Jun 16, 2014",42.87,43.85,42.68,42.76,"1,859,000",42.76
"Jun 13, 2014",42.82,43.00,42.66,42.72,"820,800",42.72
"Jun 12, 2014",43.04,43.24,42.60,42.86,"1,525,800",42.86
"Jun 11, 2014",43.14,43.30,43.02,43.04,"1,312,300",43.04
"Jun 10, 2014",43.37,43.51,43.10,43.44,"1,120,200",43.44
"Jun 9, 2014",43.68,43.80,43.16,43.39,"1,517,500",43.39
"Jun 6, 2014",43.88,44.02,43.63,43.77,"1,275,200",43.77
"Jun 5, 2014",43.61,44.17,43.46,43.72,"1,081,700",43.72
"Jun 4, 2014",43.06,43.78,42.95,43.67,"1,720,400",43.67
"Jun 3, 2014",42.91,43.24,42.83,43.07,"1,531,700",43.07
"Jun 2, 2014",42.96,43.00,42.58,42.97,"1,193,500",42.97
"May 30, 2014",42.86,43.19,42.82,42.93,"1,404,300",42.93
"May 29, 2014",42.60,42.94,42.48,42.90,"965,500",42.90
"May 28, 2014",42.62,42.88,42.37,42.50,"1,930,000",42.50
"May 27, 2014",42.32,42.54,42.07,42.50,"1,585,400",42.50
"May 23, 2014",42.01,42.31,41.85,42.25,"1,720,500",42.25
"May 22, 2014",42.92,42.98,41.90,41.98,"3,991,400",41.98
"May 21, 2014",42.99,43.08,42.23,42.99,"3,389,000",42.99
"May 20, 2014",43.12,43.22,42.68,42.95,"2,469,200",42.95
"May 19, 2014",42.67,43.33,42.52,43.16,"1,845,700",43.16
"May 16, 2014",41.75,43.13,41.75,42.76,"3,057,000",42.76
"May 15, 2014",40.96,42.06,40.90,41.87,"3,730,700",41.87
"May 14, 2014",41.28,41.31,40.99,41.19,"1,734,600",41.19
"May 13, 2014",41.28,41.68,41.13,41.23,"1,528,700",41.23
"May 12, 2014",41.10,41.38,41.04,41.24,"1,415,100",41.24
"May 9, 2014",40.56,41.02,40.19,41.00,"1,666,800",41.00
"May 8, 2014",40.00,40.82,39.98,40.55,"1,864,200",40.55
"May 7, 2014",39.58,40.28,39.58,40.06,"2,051,400",40.06
"May 6, 2014",38.75,40.27,38.07,39.33,"2,848,200",39.33
"May 5, 2014",38.83,39.40,38.67,39.39,"1,547,900",39.39
"May 2, 2014",39.01,39.34,38.82,39.06,"1,147,500",39.06
"May 1, 2014",39.01,39.11,38.53,38.92,"1,367,200",38.92
"Apr 30, 2014",38.72,39.10,38.53,39.06,"1,309,200",39.06
"Apr 29, 2014",38.99,39.04,38.64,38.81,"1,410,200",38.81
"Apr 28, 2014",38.30,38.97,38.09,38.72,"3,093,800",38.72
"Apr 25, 2014",38.29,38.30,37.77,38.16,"1,175,900",38.16
"Apr 24, 2014",38.48,38.52,38.16,38.39,"1,225,400",38.39
"Apr 23, 2014",38.41,38.56,38.24,38.26,"1,865,700",38.26
"Apr 22, 2014",38.52,38.70,38.34,38.44,"2,445,800",38.44
"Apr 21, 2014",38.63,38.65,38.34,38.45,"1,028,400",38.45
"Apr 17, 2014",38.26,38.74,38.22,38.50,"937,200",38.50
"Apr 16, 2014",39.02,39.11,38.18,38.35,"1,259,400",38.35
"Apr 15, 2014",38.75,38.90,37.76,38.65,"1,178,100",38.65
"Apr 14, 2014",38.55,38.87,38.34,38.74,"918,600",38.74
"Apr 11, 2014",38.58,39.02,38.25,38.34,"1,173,200",38.34
"Apr 10, 2014",40.04,40.12,38.87,38.90,"1,208,000",38.90
"Apr 9, 2014",39.10,40.09,38.71,40.02,"1,354,600",40.02
"Apr 8, 2014",39.83,39.95,39.07,39.08,"1,797,700",39.08
"Apr 7, 2014",40.61,40.79,39.54,39.86,"1,474,600",39.86
"Apr 4, 2014",40.88,42.09,40.60,40.67,"2,356,900",40.67
"Apr 3, 2014",40.41,40.87,40.17,40.73,"2,010,500",40.73
"Apr 2, 2014",40.30,40.41,39.99,40.33,"1,460,700",40.33
"Apr 1, 2014",40.35,40.66,39.83,40.36,"1,478,300",40.36
"Mar 31, 2014",39.76,40.38,39.65,40.22,"1,425,700",40.22
"Mar 28, 2014",39.49,39.94,39.28,39.47,"1,438,100",39.47
"Mar 27, 2014",39.43,39.49,39.02,39.34,"1,896,800",39.34
"Mar 26, 2014",40.03,40.38,39.36,39.36,"1,614,600",39.36
"Mar 25, 2014",39.86,40.25,39.45,39.87,"1,015,100",39.87
"Mar 24, 2014",40.24,40.34,39.40,39.68,"1,077,800",39.68
"Mar 21, 2014",41.25,41.31,40.07,40.20,"1,763,600",40.20
"Mar 20, 2014",40.66,40.92,40.49,40.90,"516,300",40.90
"Mar 19, 2014",41.23,41.35,40.56,40.79,"652,800",40.79
"Mar 18, 2014",40.56,41.33,40.37,41.13,"857,100",41.13
"Mar 17, 2014",40.34,40.73,40.31,40.53,"815,300",40.53
"Mar 14, 2014",40.75,41.09,40.15,40.24,"1,110,800",40.24
"Mar 13, 2014",41.08,41.17,40.63,40.79,"1,085,300",40.79
"Mar 12, 2014",40.74,40.94,40.57,40.92,"1,129,300",40.92
"Mar 11, 2014",41.55,41.60,40.84,41.06,"1,271,500",41.06
"Mar 10, 2014",41.34,41.71,41.20,41.55,"766,800",41.55
"Mar 7, 2014",41.72,41.79,41.15,41.35,"1,109,600",41.35
"Mar 6, 2014",41.11,41.73,41.11,41.61,"1,124,800",41.61
"Mar 5, 2014",41.36,41.38,40.82,41.01,"939,000",41.01
"Mar 4, 2014",40.62,41.55,40.60,41.48,"1,200,300",41.48
"Mar 3, 2014",40.17,40.71,40.05,40.24,"790,700",40.24
"Feb 28, 2014",40.88,41.17,40.25,40.53,"2,026,100",40.53
"Feb 27, 2014",40.77,40.86,40.33,40.85,"1,377,600",40.85
"Feb 26, 2014",40.69,41.16,40.66,40.84,"937,500",40.84
"Feb 25, 2014",40.99,41.08,40.57,40.66,"1,144,000",40.66
"Feb 24, 2014",41.09,41.53,41.09,41.10,"896,700",41.10
"Feb 21, 2014",41.62,41.73,41.07,41.08,"1,066,100",41.08
"Feb 20, 2014",41.11,41.69,40.90,41.63,"784,300",41.63
"Feb 19, 2014",41.34,41.70,41.03,41.05,"821,200",41.05
"Feb 18, 2014",41.10,41.54,41.06,41.42,"1,291,500",41.42
"Feb 14, 2014",41.19,41.36,40.93,40.95,"1,330,500",40.95
"Feb 13, 2014",40.66,41.25,40.41,41.15,"1,039,700",41.15
"Feb 12, 2014",40.68,41.00,40.48,40.80,"1,435,400",40.80
"Feb 11, 2014",40.06,40.53,39.90,40.50,"1,280,300",40.50
"Feb 10, 2014",39.68,40.12,39.61,40.02,"1,255,000",40.02
"Feb 7, 2014",38.91,39.62,38.74,39.56,"1,428,600",39.56
"Feb 6, 2014",38.66,39.12,38.44,38.78,"1,341,200",38.78
"Feb 5, 2014",38.45,38.77,37.87,38.52,"3,275,700",38.52
"Feb 4, 2014",38.00,39.47,38.00,38.64,"6,287,500",38.64
"Feb 3, 2014",40.85,40.92,39.48,39.80,"2,227,900",39.80
"Jan 31, 2014",41.05,41.25,40.42,40.77,"2,472,700",40.77
"Jan 30, 2014",40.73,41.98,40.53,41.71,"3,129,400",41.71
"Jan 29, 2014",39.71,40.67,39.55,40.52,"2,203,300",40.52
"Jan 28, 2014",39.24,39.96,39.24,39.92,"1,037,900",39.92
"Jan 27, 2014",39.13,39.54,38.95,39.20,"1,330,800",39.20
"Jan 24, 2014",40.23,40.33,39.09,39.10,"1,831,100",39.10
"Jan 23, 2014",40.58,40.60,40.20,40.33,"821,900",40.33
"Jan 22, 2014",40.77,41.04,40.61,40.80,"945,500",40.80
"Jan 21, 2014",40.88,41.05,40.50,40.78,"813,800",40.78
"Jan 17, 2014",41.07,41.52,40.66,40.75,"1,577,700",40.75
"Jan 16, 2014",40.83,41.01,40.58,40.94,"1,666,900",40.94
"Jan 15, 2014",41.03,41.34,40.66,40.86,"1,890,800",40.86
"Jan 14, 2014",40.91,41.28,40.90,41.04,"1,269,200",41.04
"Jan 13, 2014",41.09,41.50,40.68,40.75,"1,508,600",40.75
"Jan 10, 2014",41.14,41.30,40.94,41.22,"1,772,200",41.22
"Jan 9, 2014",40.43,41.26,40.14,41.25,"2,051,200",41.25
"Jan 8, 2014",40.06,40.36,39.86,40.31,"1,849,200",40.31
"Jan 7, 2014",39.87,40.25,39.77,40.03,"1,771,300",40.03
"Jan 6, 2014",39.22,39.74,39.22,39.52,"2,318,400",39.52
"Jan 3, 2014",39.27,39.46,38.98,39.00,"2,182,200",39.00
"Jan 2, 2014",39.81,39.92,39.11,39.21,"1,186,600",39.21
"Dec 31, 2013",40.00,40.15,39.65,39.82,"733,300",39.82
"Dec 30, 2013",39.84,40.03,39.69,39.97,"781,500",39.97
"Dec 27, 2013",40.24,40.24,39.75,39.80,"578,200",39.80
"Dec 26, 2013",39.85,39.95,39.50,39.67,"850,300",39.67
"Dec 24, 2013",39.52,40.06,39.52,39.80,"576,700",39.80
"Dec 23, 2013",39.54,39.76,39.38,39.53,"1,280,600",39.53
"Dec 20, 2013",39.52,39.73,39.33,39.40,"2,193,500",39.40
"Dec 19, 2013",39.50,39.61,39.22,39.54,"1,680,400",39.54
"Dec 18, 2013",38.63,39.66,38.42,39.51,"2,866,100",39.51
"Dec 17, 2013",38.68,38.70,37.60,38.49,"3,724,200",38.49
"Dec 16, 2013",39.01,39.68,39.01,39.49,"1,975,800",39.49
"Dec 13, 2013",38.66,39.20,38.66,38.71,"1,431,200",38.71
"Dec 12, 2013",38.53,38.80,38.33,38.68,"1,454,300",38.68
"Dec 11, 2013",39.32,39.47,38.59,38.61,"1,629,300",38.61
"Dec 10, 2013",40.06,40.12,39.46,39.47,"814,500",39.47
"Dec 9, 2013",39.86,40.24,39.66,40.24,"1,313,800",40.24
"Dec 6, 2013",39.88,39.99,39.57,39.67,"1,222,300",39.67
"Dec 5, 2013",39.26,39.63,39.21,39.50,"905,600",39.50
"Dec 4, 2013",39.47,39.84,39.13,39.41,"1,166,200",39.41
"Dec 3, 2013",40.00,40.00,39.28,39.67,"1,268,500",39.67
"Dec 2, 2013",39.91,40.29,39.76,40.11,"1,366,400",40.11
"Nov 29, 2013",39.84,40.03,39.81,39.85,"501,000",39.85
"Nov 27, 2013",39.87,39.95,39.73,39.85,"1,017,200",39.85
"Nov 26, 2013",39.15,39.93,39.11,39.77,"2,807,500",39.77
"Nov 25, 2013",39.54,39.59,39.19,39.22,"929,900",39.22
"Nov 22, 2013",39.00,39.40,38.78,39.37,"1,248,500",39.37
"Nov 21, 2013",38.95,39.08,38.77,38.90,"1,143,000",38.90
"Nov 20, 2013",38.82,38.95,38.56,38.77,"1,170,900",38.77
"Nov 19, 2013",38.77,38.87,38.43,38.73,"1,326,300",38.73
"Nov 18, 2013",39.16,39.42,38.48,38.63,"2,194,800",38.63
"Nov 15, 2013",39.57,39.57,38.94,39.18,"959,500",39.18
"Nov 14, 2013",39.00,39.30,38.84,39.27,"1,250,200",39.27
"Nov 13, 2013",37.86,39.00,37.82,38.99,"2,562,500",38.99
"Nov 12, 2013",37.70,37.99,37.55,37.94,"1,080,200",37.94
"Nov 11, 2013",37.77,38.10,37.68,37.88,"1,544,500",37.88
"Nov 8, 2013",37.70,38.16,37.10,37.65,"2,067,000",37.65
"Nov 7, 2013",38.66,38.81,38.19,38.22,"1,733,700",38.22
"Nov 6, 2013",38.79,38.90,38.35,38.60,"1,314,100",38.60
"Nov 5, 2013",38.92,39.02,38.67,38.67,"1,287,500",38.67
"Nov 4, 2013",38.91,39.25,38.87,39.12,"882,400",39.12
"Nov 1, 2013",38.86,39.21,38.52,38.90,"1,190,800",38.90
"Oct 31, 2013",38.86,39.01,38.59,38.77,"2,630,000",38.77
"Oct 30, 2013",39.47,39.56,38.66,38.82,"1,367,400",38.82
"Oct 29, 2013",39.07,39.55,39.05,39.36,"954,200",39.36
"Oct 28, 2013",39.00,39.28,38.85,39.01,"1,383,100",39.01
"Oct 25, 2013",39.44,39.49,38.69,38.94,"1,554,600",38.94
"Oct 24, 2013",39.45,39.64,39.26,39.48,"904,900",39.48
"Oct 23, 2013",39.24,39.61,39.07,39.49,"756,200",39.49
"Oct 22, 2013",39.20,39.53,39.11,39.32,"822,100",39.32
"Oct 21, 2013",39.18,39.22,38.88,39.08,"883,600",39.08
"Oct 18, 2013",39.60,39.65,38.98,39.24,"1,508,500",39.24
"Oct 17, 2013",38.62,39.56,38.60,39.42,"1,634,900",39.42
"Oct 16, 2013",38.31,38.78,38.30,38.76,"1,102,900",38.76
"Oct 15, 2013",38.31,38.39,37.90,38.07,"1,622,800",38.07
"Oct 14, 2013",37.86,38.41,37.70,38.39,"820,100",38.39
"Oct 11, 2013",37.61,38.04,37.60,38.03,"727,000",38.03
"Oct 10, 2013",37.38,37.75,37.26,37.75,"1,151,500",37.75
"Oct 9, 2013",36.87,37.14,36.75,36.95,"1,168,000",36.95
"Oct 8, 2013",37.01,37.41,36.73,36.73,"1,163,400",36.73
"Oct 7, 2013",37.26,37.47,37.00,37.01,"1,209,200",37.01
"Oct 4, 2013",37.40,37.77,37.36,37.51,"1,057,900",37.51
"Oct 3, 2013",37.43,37.58,37.07,37.42,"1,904,800",37.42
"Oct 2, 2013",36.88,37.55,36.79,37.53,"1,833,700",37.53
"Oct 1, 2013",36.71,37.18,36.71,36.99,"1,504,100",36.99
"Sep 30, 2013",36.75,37.10,36.65,36.90,"1,465,700",36.90
"Sep 27, 2013",36.91,37.07,36.81,36.94,"1,323,900",36.94
"Sep 26, 2013",37.22,37.75,37.02,37.10,"1,245,800",37.10
"Sep 25, 2013",37.34,37.60,37.17,37.20,"2,208,400",37.20
"Sep 24, 2013",37.88,37.92,37.30,37.35,"1,630,600",37.35
"Sep 23, 2013",37.97,38.10,37.59,37.87,"1,069,200",37.87
"Sep 20, 2013",38.19,38.32,37.84,38.09,"2,643,800",38.09
"Sep 19, 2013",38.27,38.50,37.74,37.97,"2,083,600",37.97
"Sep 18, 2013",38.26,38.46,37.99,38.28,"1,557,900",38.28
"Sep 17, 2013",37.95,38.37,37.89,38.19,"1,323,400",38.19
"Sep 16, 2013",37.46,38.09,37.46,37.94,"1,827,400",37.94
"Sep 13, 2013",37.21,37.34,37.05,37.18,"1,111,400",37.18
"Sep 12, 2013",37.39,37.39,36.96,37.09,"1,641,800",37.09
"Sep 11, 2013",37.12,37.64,37.09,37.39,"1,573,100",37.39
"Sep 10, 2013",37.39,37.45,37.04,37.12,"1,871,900",37.12
"Sep 9, 2013",36.55,37.22,36.55,37.21,"1,331,400",37.21
"Sep 6, 2013",36.68,36.87,35.89,36.62,"1,796,300",36.62
"Sep 5, 2013",36.33,36.90,36.26,36.65,"1,681,600",36.65
"Sep 4, 2013",35.76,36.51,35.66,36.32,"2,224,400",36.32
"Sep 3, 2013",36.08,36.24,35.45,35.73,"2,085,200",35.73
"Aug 30, 2013",35.70,36.08,35.66,35.85,"2,392,100",35.85
"Aug 29, 2013",35.12,35.85,35.10,35.64,"1,902,200",35.64
"Aug 28, 2013",35.11,35.59,35.01,35.27,"2,083,200",35.27
"Aug 27, 2013",35.15,35.37,35.05,35.09,"1,883,700",35.09
"Aug 26, 2013",35.67,35.92,35.51,35.52,"996,900",35.52
"Aug 23, 2013",35.73,35.81,35.48,35.68,"763,200",35.68
"Aug 22, 2013",35.58,35.82,35.45,35.66,"894,900",35.66
"Aug 21, 2013",35.75,35.82,35.40,35.47,"1,442,300",35.47
"Aug 20, 2013",35.73,36.08,35.73,35.80,"1,483,900",35.80
"Aug 19, 2013",35.72,36.31,35.68,35.74,"1,240,100",35.74
"Aug 16, 2013",35.97,36.03,35.44,35.82,"2,037,100",35.82
"Aug 15, 2013",37.15,37.16,36.16,36.17,"1,620,100",36.17
"Aug 14, 2013",37.68,37.95,37.40,37.45,"1,359,100",37.45
"Aug 13, 2013",37.09,37.94,37.02,37.76,"1,980,100",37.76
"Aug 12, 2013",36.66,37.11,36.60,37.10,"1,608,200",37.10
"Aug 9, 2013",37.15,37.58,36.95,36.95,"1,998,800",36.95
"Aug 8, 2013",37.14,37.49,36.99,37.32,"1,699,200",37.32
"Aug 7, 2013",37.06,37.30,36.88,36.91,"1,530,800",36.91
"Aug 6, 2013",37.08,37.47,37.00,37.20,"2,562,900",37.20
"Aug 5, 2013",36.60,37.33,36.00,37.11,"5,248,700",37.11
"Aug 2, 2013",38.92,39.14,35.06,36.61,"11,999,800",36.61
"Aug 1, 2013",38.73,39.38,38.62,38.95,"1,940,300",38.95
"Jul 31, 2013",38.69,39.10,38.45,38.57,"1,531,800",38.57
"Jul 30, 2013",38.37,38.88,38.28,38.59,"1,346,700",38.59
"Jul 29, 2013",38.34,38.39,38.03,38.18,"1,392,800",38.18
"Jul 26, 2013",38.54,38.60,37.96,38.34,"2,153,400",38.34
"Jul 25, 2013",38.67,38.95,38.63,38.72,"1,295,000",38.72
"Jul 24, 2013",38.86,39.04,38.70,38.78,"888,200",38.78
"Jul 23, 2013",38.95,39.01,38.73,38.77,"1,353,200",38.77
"Jul 22, 2013",38.76,38.90,38.32,38.88,"2,148,900",38.88
"Jul 19, 2013",38.77,38.97,38.61,38.79,"1,985,200",38.79
"Jul 18, 2013",38.70,39.09,38.57,38.82,"912,500",38.82
"Jul 17, 2013",38.69,38.91,38.51,38.61,"887,800",38.61
"Jul 16, 2013",39.12,39.20,38.49,38.61,"1,266,700",38.61
"Jul 15, 2013",38.49,39.20,38.49,39.13,"1,537,200",39.13
"Jul 12, 2013",38.49,38.97,38.38,38.56,"2,015,500",38.56
"Jul 11, 2013",38.15,38.64,37.81,38.52,"1,889,000",38.52
"Jul 10, 2013",37.23,38.05,37.23,37.89,"1,459,200",37.89
"Jul 9, 2013",38.24,38.33,37.13,37.31,"2,606,300",37.31
"Jul 8, 2013",37.70,38.39,37.59,38.24,"1,999,600",38.24
"Jul 5, 2013",37.61,37.79,37.18,37.58,"1,192,400",37.58
"Jul 3, 2013",37.10,37.54,36.92,37.39,"852,600",37.39
"Jul 2, 2013",37.26,37.49,37.00,37.27,"3,377,400",37.27
"Jul 1, 2013",36.97,37.50,36.86,37.35,"1,126,200",37.35
"Jun 28, 2013",37.08,37.36,36.83,36.85,"2,179,700",36.85
"Jun 27, 2013",36.58,37.48,36.56,37.12,"1,886,800",37.12
"Jun 26, 2013",37.10,37.16,36.32,36.36,"2,083,900",36.36
"Jun 25, 2013",36.82,36.99,36.46,36.81,"1,243,200",36.81
"Jun 24, 2013",36.59,36.83,36.33,36.50,"1,738,400",36.50
"Jun 21, 2013",36.45,37.17,36.45,37.01,"2,709,400",37.01
"Jun 20, 2013",37.30,37.39,36.03,36.14,"2,076,300",36.14
"Jun 19, 2013",38.02,38.23,37.53,37.53,"1,384,400",37.53
"Jun 18, 2013",37.98,38.31,37.68,38.07,"1,327,600",38.07
"Jun 17, 2013",38.07,38.34,37.61,37.95,"1,878,100",37.95
"Jun 14, 2013",38.03,38.13,37.65,37.80,"1,179,700",37.80
"Jun 13, 2013",37.39,38.13,36.85,38.02,"1,513,700",38.02
"Jun 12, 2013",38.15,38.40,37.49,37.50,"1,550,500",37.50
"Jun 11, 2013",37.64,38.49,37.47,37.98,"1,391,700",37.98
"Jun 10, 2013",38.23,38.48,37.69,37.90,"3,100,300",37.90
"Jun 7, 2013",37.70,38.37,37.37,38.17,"2,970,700",38.17
"Jun 6, 2013",37.50,37.67,37.15,37.54,"2,400,700",37.54
"Jun 5, 2013",37.58,38.39,37.44,37.46,"4,577,600",37.46
"Jun 4, 2013",37.27,37.98,37.12,37.70,"4,604,800",37.70
"Jun 3, 2013",36.83,37.30,36.41,37.28,"3,763,100",37.28
"May 31, 2013",36.73,38.09,36.57,36.75,"5,522,000",36.75
"May 30, 2013",34.77,37.33,34.75,36.75,"6,824,800",36.75
"May 29, 2013",34.74,35.04,34.37,34.82,"2,101,500",34.82
"May 28, 2013",34.74,35.36,34.67,34.90,"1,804,500",34.90
"May 24, 2013",34.22,34.59,34.02,34.41,"1,312,100",34.41
"May 23, 2013",33.73,34.65,33.70,34.41,"2,661,900",34.41
"May 22, 2013",34.10,35.05,34.01,34.17,"3,620,100",34.17
"May 21, 2013",34.13,34.35,34.08,34.13,"1,353,100",34.13
"May 20, 2013",34.29,34.39,34.09,34.10,"814,600",34.10
"May 17, 2013",33.89,34.42,33.75,34.36,"2,282,900",34.36
"May 16, 2013",33.61,33.80,33.29,33.69,"1,899,500",33.69
"May 15, 2013",33.81,33.89,33.59,33.70,"1,740,900",33.70
"May 14, 2013",33.83,34.05,33.63,33.83,"2,025,400",33.83
"May 13, 2013",33.43,33.88,33.38,33.77,"1,689,000",33.77
"May 10, 2013",33.91,33.91,32.48,33.59,"5,061,000",33.59
"May 9, 2013",34.67,34.99,34.49,34.65,"1,576,900",34.65
"May 8, 2013",34.30,34.67,34.27,34.62,"1,417,900",34.62
"May 7, 2013",34.33,34.41,34.16,34.30,"1,566,700",34.30
"May 6, 2013",34.12,34.32,34.00,34.30,"2,518,700",34.30
"May 3, 2013",33.91,34.39,33.85,34.14,"2,242,100",34.14
"May 2, 2013",33.39,33.78,33.28,33.60,"2,320,900",33.60
"May 1, 2013",33.26,33.82,32.96,33.21,"2,661,800",33.21
"Apr 30, 2013",33.75,33.77,33.25,33.44,"3,656,100",33.44
"Apr 29, 2013",33.87,33.98,33.63,33.78,"1,696,100",33.78
"Apr 26, 2013",34.40,34.44,33.56,33.76,"1,874,300",33.76
"Apr 25, 2013",34.47,34.74,34.39,34.46,"1,593,400",34.46
"Apr 24, 2013",34.39,34.48,34.20,34.26,"1,217,700",34.26
"Apr 23, 2013",34.22,34.50,33.96,34.28,"1,861,400",34.28
"Apr 22, 2013",34.59,34.64,33.79,34.01,"1,994,600",34.01
"Apr 19, 2013",34.37,34.59,34.15,34.55,"926,800",34.55
"Apr 18, 2013",34.56,34.57,34.01,34.20,"1,075,200",34.20
"Apr 17, 2013",34.76,34.83,34.42,34.52,"1,570,400",34.52
"Apr 16, 2013",34.61,34.93,34.29,34.92,"1,063,400",34.92
"Apr 15, 2013",35.21,35.30,34.33,34.33,"1,554,500",34.33
"Apr 12, 2013",35.28,35.61,35.23,35.29,"1,260,000",35.29
"Apr 11, 2013",34.87,35.47,34.84,35.39,"1,210,600",35.39
"Apr 10, 2013",34.59,34.83,34.57,34.83,"1,087,400",34.83
"Apr 9, 2013",34.61,34.76,34.48,34.51,"1,271,100",34.51
"Apr 8, 2013",34.48,34.52,34.18,34.48,"1,021,000",34.48
"Apr 5, 2013",34.34,34.58,34.15,34.53,"871,100",34.53
"Apr 4, 2013",34.72,35.01,34.56,34.78,"1,218,600",34.78
"Apr 3, 2013",34.95,34.98,34.42,34.53,"1,737,100",34.53
"Apr 2, 2013",34.90,35.12,34.78,34.93,"1,025,600",34.93
"Apr 1, 2013",34.97,34.99,34.62,34.76,"857,000",34.76
"Mar 28, 2013",34.92,35.00,34.80,34.99,"1,719,600",34.99
"Mar 27, 2013",34.56,34.97,34.50,34.92,"907,100",34.92
"Mar 26, 2013",34.54,34.81,34.48,34.80,"936,400",34.80
"Mar 25, 2013",34.77,34.94,34.18,34.39,"1,228,200",34.39
"Mar 22, 2013",34.29,34.70,34.25,34.68,"1,023,800",34.68
"Mar 21, 2013",34.00,34.26,33.96,34.19,"1,175,900",34.19
"Mar 20, 2013",33.98,34.25,33.97,34.17,"999,200",34.17
"Mar 19, 2013",33.95,34.12,33.65,33.82,"860,200",33.82
"Mar 18, 2013",33.99,34.17,33.88,33.93,"795,300",33.93
"Mar 15, 2013",34.28,34.51,34.16,34.31,"1,842,300",34.31
"Mar 14, 2013",34.36,34.65,34.26,34.39,"1,692,300",34.39
"Mar 13, 2013",34.01,34.35,33.95,34.33,"2,270,400",34.33
"Mar 12, 2013",33.66,34.04,33.51,34.04,"1,838,900",34.04
"Mar 11, 2013",33.40,33.78,33.39,33.68,"1,459,700",33.68
"Mar 8, 2013",33.39,33.67,33.36,33.46,"2,386,900",33.46
"Mar 7, 2013",33.27,33.48,33.21,33.35,"2,312,500",33.35
"Mar 6, 2013",33.49,33.67,33.25,33.26,"1,602,200",33.26
"Mar 5, 2013",33.17,33.57,32.98,33.39,"1,998,400",33.39
"Mar 4, 2013",32.86,33.07,32.64,33.04,"1,641,100",33.04
"Mar 1, 2013",32.69,33.15,32.46,32.96,"2,092,500",32.96
"Feb 28, 2013",32.49,33.00,32.39,32.74,"1,919,900",32.74
"Feb 27, 2013",32.10,32.50,31.99,32.44,"1,506,600",32.44
"Feb 26, 2013",31.76,32.19,31.51,32.09,"2,684,800",32.09
"Feb 25, 2013",32.89,32.93,31.65,31.65,"2,665,200",31.65
"Feb 22, 2013",32.34,32.73,32.13,32.72,"2,311,800",32.72
"Feb 21, 2013",32.58,32.75,31.92,32.20,"2,697,500",32.20
"Feb 20, 2013",33.07,33.61,32.59,32.71,"2,814,900",32.71
"Feb 19, 2013",32.80,33.22,32.70,33.07,"2,386,600",33.07
"Feb 15, 2013",32.68,32.91,32.45,32.80,"1,892,100",32.80
"Feb 14, 2013",32.91,33.42,32.35,32.74,"5,274,400",32.74
"Feb 13, 2013",32.44,32.49,31.93,32.06,"2,239,400",32.06
"Feb 12, 2013",32.14,32.44,31.91,32.43,"2,096,600",32.43
"Feb 11, 2013",31.73,32.46,31.43,32.12,"2,318,500",32.12
"Feb 8, 2013",31.78,32.57,30.75,31.85,"2,567,600",31.85
"Feb 7, 2013",31.43,31.86,31.38,31.83,"1,525,300",31.83
"Feb 6, 2013",31.35,31.54,31.29,31.44,"1,185,200",31.44
"Feb 5, 2013",30.99,31.42,30.92,31.39,"1,559,000",31.39
"Feb 4, 2013",31.14,31.19,30.79,30.89,"1,665,500",30.89
"Feb 1, 2013",31.17,31.45,31.14,31.33,"1,546,000",31.33
"Jan 31, 2013",31.07,31.19,30.86,31.04,"776,200",31.04
"Jan 30, 2013",31.26,31.33,31.09,31.15,"1,155,600",31.15
"Jan 29, 2013",31.03,31.41,31.02,31.30,"1,550,900",31.30
"Jan 28, 2013",31.53,31.55,31.10,31.12,"1,248,100",31.12
"Jan 25, 2013",30.80,31.44,30.68,31.44,"1,610,700",31.44
"Jan 24, 2013",30.58,30.78,30.57,30.74,"1,112,700",30.74
"Jan 23, 2013",30.75,30.80,30.53,30.56,"1,159,000",30.56
"Jan 22, 2013",30.75,30.82,30.47,30.81,"1,186,900",30.81
"Jan 18, 2013",30.59,30.77,30.45,30.72,"1,391,400",30.72
"Jan 17, 2013",30.26,30.51,30.16,30.44,"1,312,800",30.44
"Jan 16, 2013",29.85,30.19,29.77,30.15,"1,926,900",30.15
"Jan 15, 2013",29.53,29.97,29.48,29.93,"1,260,700",29.93
"Jan 14, 2013",29.42,29.69,29.39,29.64,"1,009,100",29.64
"Jan 11, 2013",29.76,29.76,29.33,29.40,"810,000",29.40
"Jan 10, 2013",29.54,29.67,29.38,29.65,"954,900",29.65
"Jan 9, 2013",29.36,29.47,29.28,29.47,"1,195,100",29.47
"Jan 8, 2013",29.38,29.38,29.10,29.24,"1,029,400",29.24
"Jan 7, 2013",28.99,29.26,28.88,29.26,"1,343,100",29.26
"Jan 4, 2013",29.10,29.19,28.87,29.10,"1,458,900",29.10
"Jan 3, 2013",28.85,29.18,28.74,29.09,"1,476,200",29.09
"Jan 2, 2013",28.95,29.29,28.85,29.28,"1,491,100",29.28
"Dec 31, 2012",28.34,28.60,28.00,28.58,"1,094,000",28.58
"Dec 28, 2012",28.39,28.52,28.24,28.34,"835,600",28.34
"Dec 27, 2012",28.48,28.57,28.11,28.50,"1,030,500",28.50
"Dec 26, 2012",28.70,28.76,28.40,28.49,"711,100",28.49
"Dec 24, 2012",28.76,28.85,28.58,28.69,"321,400",28.69
"Dec 21, 2012",28.80,28.98,28.63,28.76,"2,035,500",28.76
"Dec 20, 2012",28.53,29.07,28.49,29.05,"1,699,000",29.05
"Dec 19, 2012",28.41,28.55,28.25,28.48,"1,124,900",28.48
"Dec 18, 2012",28.30,28.44,28.16,28.43,"1,009,700",28.43
"Dec 17, 2012",28.10,28.26,28.08,28.26,"833,500",28.26
"Dec 14, 2012",28.07,28.28,28.05,28.08,"750,500",28.08
"Dec 13, 2012",28.21,28.35,28.13,28.17,"852,000",28.17
"Dec 12, 2012",28.23,28.38,28.14,28.23,"1,148,900",28.23
"Dec 11, 2012",28.08,28.22,27.95,28.14,"1,028,000",28.14
"Dec 10, 2012",27.84,28.16,27.84,28.03,"747,600",28.03
"Dec 7, 2012",27.81,27.96,27.66,27.96,"527,500",27.96
"Dec 6, 2012",27.64,27.84,27.53,27.77,"858,200",27.77
"Dec 5, 2012",27.72,27.80,27.52,27.68,"977,900",27.68
"Dec 4, 2012",27.73,27.94,27.61,27.69,"733,100",27.69
"Dec 3, 2012",27.97,28.05,27.69,27.75,"739,900",27.75
"Nov 30, 2012",27.91,27.94,27.66,27.92,"1,563,800",27.92
"Nov 29, 2012",27.95,28.03,27.70,27.82,"1,110,600",27.82
"Nov 28, 2012",27.69,27.98,27.35,27.81,"1,492,200",27.81
"Nov 27, 2012",27.67,27.98,27.46,27.77,"1,129,100",27.77
"Nov 26, 2012",27.92,27.92,27.67,27.90,"1,395,900",27.90
"Nov 23, 2012",27.72,28.07,27.43,28.04,"412,900",28.04
"Nov 21, 2012",27.54,27.69,27.34,27.66,"887,200",27.66
"Nov 20, 2012",27.35,27.64,27.19,27.53,"1,179,500",27.53
"Nov 19, 2012",27.03,27.27,26.98,27.24,"835,500",27.24
"Nov 16, 2012",26.34,26.85,26.34,26.77,"1,793,100",26.77
"Nov 15, 2012",26.73,26.89,26.51,26.58,"1,707,000",26.58
"Nov 14, 2012",26.83,26.95,26.69,26.73,"1,467,100",26.73
"Nov 13, 2012",26.94,27.11,26.78,26.78,"1,442,400",26.78
"Nov 12, 2012",27.14,27.25,26.92,27.06,"1,143,000",27.06
"Nov 9, 2012",26.66,27.26,26.66,27.05,"1,475,500",27.05
"Nov 8, 2012",26.78,27.06,26.76,26.82,"2,029,900",26.82
"Nov 7, 2012",27.07,27.13,26.38,26.89,"2,174,100",26.89
"Nov 6, 2012",26.77,27.47,26.73,27.26,"1,547,500",27.26
"Nov 5, 2012",26.61,26.91,26.00,26.76,"1,171,300",26.76
"Nov 2, 2012",27.00,27.07,26.64,26.69,"1,074,200",26.69
"Nov 1, 2012",26.54,26.97,26.51,26.83,"1,634,400",26.83
"Oct 31, 2012",26.54,26.66,26.25,26.56,"1,406,100",26.56
"Oct 26, 2012",26.81,26.90,26.44,26.54,"900,300",26.54
"Oct 25, 2012",26.85,27.11,26.57,26.79,"895,300",26.79
"Oct 24, 2012",26.91,26.97,26.58,26.66,"973,100",26.66
"Oct 23, 2012",27.21,27.32,26.71,26.79,"1,517,200",26.79
"Oct 22, 2012",27.23,27.50,27.14,27.46,"961,400",27.46
"Oct 19, 2012",27.34,27.44,27.04,27.24,"1,181,200",27.24
"Oct 18, 2012",27.97,27.98,27.33,27.43,"2,653,700",27.43
"Oct 17, 2012",28.27,28.30,27.93,28.08,"604,800",28.08
"Oct 16, 2012",28.03,28.30,27.99,28.24,"643,500",28.24
"Oct 15, 2012",27.89,27.99,27.65,27.86,"1,011,500",27.86
"Oct 12, 2012",28.13,28.23,27.71,27.79,"579,000",27.79
"Oct 11, 2012",28.10,28.30,28.03,28.09,"1,106,900",28.09
"Oct 10, 2012",27.88,27.93,27.69,27.90,"1,160,300",27.90
"Oct 9, 2012",28.50,28.57,27.90,27.91,"1,240,200",27.91
"Oct 8, 2012",28.55,28.70,28.47,28.62,"478,600",28.62
"Oct 5, 2012",28.74,28.74,28.50,28.61,"982,900",28.61
"Oct 4, 2012",28.82,28.99,28.65,28.69,"972,500",28.69
"Oct 3, 2012",28.66,28.78,28.43,28.77,"987,200",28.77
"Oct 2, 2012",28.45,28.62,28.35,28.59,"1,007,600",28.59
"Oct 1, 2012",28.41,28.59,28.26,28.32,"1,510,300",28.32
"Sep 28, 2012",28.51,28.51,28.13,28.39,"1,210,600",28.39
"Sep 27, 2012",27.96,28.73,27.86,28.63,"2,740,600",28.63
"Sep 26, 2012",28.06,28.10,27.75,27.82,"978,600",27.82
"Sep 25, 2012",28.52,28.62,28.03,28.05,"1,888,000",28.05
"Sep 24, 2012",28.36,28.49,28.23,28.41,"1,255,700",28.41
"Sep 21, 2012",28.47,28.70,28.47,28.51,"1,616,000",28.51
"Sep 20, 2012",28.39,28.50,28.18,28.41,"1,637,200",28.41
"Sep 19, 2012",28.35,28.62,28.35,28.48,"2,092,900",28.48
"Sep 18, 2012",27.88,28.52,27.83,28.42,"2,003,800",28.42
"Sep 17, 2012",27.77,28.04,27.76,27.86,"1,871,300",27.86
"Sep 14, 2012",27.85,28.11,27.68,27.86,"2,096,300",27.86
"Sep 13, 2012",27.70,28.03,27.54,27.95,"1,851,100",27.95
"Sep 12, 2012",27.89,28.39,27.59,27.65,"2,751,600",27.65
"Sep 11, 2012",27.71,27.95,27.69,27.93,"4,104,200",27.93
"Sep 10, 2012",27.61,27.78,27.39,27.69,"2,837,600",27.69
"Sep 7, 2012",26.99,27.89,26.86,27.75,"3,801,600",27.75
"Sep 6, 2012",26.64,26.93,26.57,26.78,"2,325,900",26.78
"Sep 5, 2012",26.41,26.53,26.28,26.46,"1,241,400",26.46
"Sep 4, 2012",26.32,26.50,26.14,26.43,"1,010,800",26.43
"Aug 31, 2012",26.50,26.57,26.11,26.27,"1,260,600",26.27
"Aug 30, 2012",26.32,26.52,26.17,26.40,"1,164,400",26.40
"Aug 29, 2012",26.50,26.56,26.41,26.46,"916,700",26.46
"Aug 28, 2012",26.40,26.73,26.40,26.50,"1,310,800",26.50
"Aug 27, 2012",26.53,26.72,26.36,26.46,"959,800",26.46
"Aug 24, 2012",26.32,26.61,26.25,26.43,"2,498,400",26.43
"Aug 23, 2012",26.52,26.59,26.27,26.35,"1,834,800",26.35
"Aug 22, 2012",26.89,27.00,26.59,26.61,"1,402,800",26.61
"Aug 21, 2012",27.11,27.20,26.94,26.95,"1,663,800",26.95
"Aug 20, 2012",27.11,27.19,26.83,27.12,"1,201,800",27.12
"Aug 17, 2012",26.86,27.15,26.82,27.09,"2,041,800",27.09
"Aug 16, 2012",26.77,27.00,26.64,26.90,"985,800",26.90
"Aug 15, 2012",26.65,26.89,26.60,26.79,"928,600",26.79
"Aug 14, 2012",27.04,27.23,26.62,26.69,"1,800,000",26.69
"Aug 13, 2012",26.30,27.14,26.30,26.93,"3,682,400",26.93
"Aug 10, 2012",25.51,26.69,25.51,26.29,"8,629,600",26.29
"Aug 9, 2012",24.39,24.85,24.31,24.57,"3,310,500",24.57
"Aug 8, 2012",24.33,24.46,24.21,24.40,"2,215,000",24.40
"Aug 7, 2012",24.13,24.50,24.13,24.35,"1,688,800",24.35
"Aug 6, 2012",24.19,24.30,24.07,24.10,"2,093,400",24.10
"Aug 3, 2012",24.37,24.40,24.10,24.12,"2,171,000",24.12
"Aug 2, 2012",24.25,24.32,23.93,24.01,"2,842,000",24.01
"Aug 1, 2012",24.43,24.55,24.28,24.41,"2,471,400",24.41
"Jul 31, 2012",24.40,24.54,24.30,24.41,"1,626,800",24.41
"Jul 30, 2012",24.32,24.51,24.26,24.43,"1,055,200",24.43
"Jul 27, 2012",24.24,24.47,24.07,24.39,"2,060,700",24.39
"Jul 26, 2012",24.59,24.60,24.07,24.17,"1,849,200",24.17
"Jul 25, 2012",24.19,24.38,24.04,24.26,"1,617,700",24.26
"Jul 24, 2012",24.62,24.68,23.99,24.10,"2,199,500",24.10
"Jul 23, 2012",24.75,24.79,24.56,24.67,"826,500",24.67
"Jul 20, 2012",25.25,25.29,24.87,25.01,"823,000",25.01
"Jul 19, 2012",25.51,25.66,25.34,25.37,"646,900",25.37
"Jul 18, 2012",25.50,25.76,25.36,25.52,"830,600",25.52
"Jul 17, 2012",25.27,25.68,25.13,25.63,"1,183,300",25.63
"Jul 16, 2012",25.32,25.38,25.08,25.16,"1,269,500",25.16
"Jul 13, 2012",25.36,25.60,25.17,25.39,"1,237,200",25.39
"Jul 12, 2012",25.33,25.37,24.99,25.25,"1,382,700",25.25
"Jul 11, 2012",25.32,25.54,25.21,25.44,"1,156,600",25.44
"Jul 10, 2012",25.62,25.65,25.26,25.31,"810,000",25.31
"Jul 9, 2012",25.42,25.60,25.37,25.56,"1,190,400",25.56
"Jul 6, 2012",25.27,25.54,25.25,25.49,"744,500",25.49
"Jul 5, 2012",25.61,25.77,25.40,25.48,"1,383,000",25.48
"Jul 3, 2012",25.72,25.86,25.56,25.70,"682,600",25.70
"Jul 2, 2012",25.73,25.84,25.42,25.82,"1,326,000",25.82
"Jun 29, 2012",25.21,25.69,25.16,25.68,"1,304,700",25.68
"Jun 28, 2012",24.93,25.04,24.45,24.86,"1,676,600",24.86
"Jun 27, 2012",24.54,25.14,24.49,25.04,"1,548,900",25.04
"Jun 26, 2012",24.50,24.56,24.36,24.50,"868,900",24.50
"Jun 25, 2012",24.75,24.78,24.43,24.49,"1,252,200",24.49
"Jun 22, 2012",24.92,25.07,24.76,24.93,"2,174,300",24.93
"Jun 21, 2012",25.20,25.37,24.80,24.82,"1,102,600",24.82
"Jun 20, 2012",25.07,25.18,24.87,25.17,"959,900",25.17
"Jun 19, 2012",24.92,25.28,24.78,25.12,"1,364,500",25.12
"Jun 18, 2012",24.67,24.95,24.50,24.86,"1,706,100",24.86
"Jun 15, 2012",24.58,24.80,24.35,24.74,"2,293,900",24.74
"Jun 14, 2012",24.50,24.71,24.44,24.54,"926,000",24.54
"Jun 13, 2012",24.29,24.82,24.28,24.50,"1,764,900",24.50
"Jun 12, 2012",24.46,24.47,24.15,24.31,"1,398,000",24.31
"Jun 11, 2012",24.74,24.79,24.40,24.41,"1,149,600",24.41
"Jun 8, 2012",24.38,24.63,24.38,24.57,"1,176,300",24.57
"Jun 7, 2012",24.74,24.79,24.48,24.50,"1,046,500",24.50
"Jun 6, 2012",24.25,24.53,24.18,24.51,"1,460,600",24.51
"Jun 5, 2012",23.98,24.17,23.81,24.05,"1,927,600",24.05
"Jun 4, 2012",24.02,24.02,23.77,23.98,"1,725,100",23.98
"Jun 1, 2012",23.87,24.15,23.87,24.01,"2,475,600",24.01
"May 31, 2012",24.40,24.46,23.96,24.24,"2,263,000",24.24
"May 30, 2012",24.67,24.79,24.40,24.46,"827,300",24.46
"May 29, 2012",25.03,25.06,24.81,24.98,"1,432,600",24.98
"May 25, 2012",24.75,24.96,24.65,24.90,"1,071,100",24.90
"May 24, 2012",25.01,25.02,24.49,24.76,"1,605,100",24.76
"May 23, 2012",24.46,24.58,23.94,24.30,"4,875,200",24.30
"May 22, 2012",24.86,25.03,24.51,24.65,"1,295,600",24.65
"May 21, 2012",24.66,24.98,24.65,24.84,"1,761,700",24.84
"May 18, 2012",25.21,25.21,24.56,24.66,"2,142,500",24.66
"May 17, 2012",25.19,25.30,25.03,25.06,"1,795,100",25.06
"May 16, 2012",25.35,25.41,25.10,25.15,"1,957,900",25.15
"May 15, 2012",25.44,25.61,25.19,25.24,"1,616,000",25.24
"May 14, 2012",25.75,25.81,25.48,25.50,"960,000",25.50
"May 11, 2012",25.75,26.09,25.60,25.86,"789,100",25.86
"May 10, 2012",26.11,26.20,25.85,25.88,"1,884,200",25.88
"May 9, 2012",26.06,26.14,25.83,25.95,"1,646,400",25.95
"May 8, 2012",26.39,26.52,26.10,26.40,"1,486,100",26.40
"May 7, 2012",27.00,27.29,26.52,26.59,"1,956,600",26.59
"May 4, 2012",25.83,27.26,25.59,27.09,"6,038,000",27.09
"May 3, 2012",26.15,26.15,25.79,25.80,"1,583,500",25.80
"May 2, 2012",25.94,26.24,25.90,26.20,"1,696,900",26.20
"May 1, 2012",25.90,26.17,25.78,26.03,"2,075,100",26.03
"Apr 30, 2012",25.94,26.11,25.79,25.91,"1,838,800",25.91
"Apr 27, 2012",26.09,26.20,25.84,25.95,"1,576,500",25.95
"Apr 26, 2012",25.80,26.02,25.65,25.98,"1,330,500",25.98
"Apr 25, 2012",25.79,25.92,25.55,25.75,"1,326,900",25.75
"Apr 24, 2012",25.39,25.56,25.36,25.45,"1,241,700",25.45
"Apr 23, 2012",25.70,25.70,25.31,25.42,"1,497,800",25.42
"Apr 20, 2012",25.68,25.90,25.65,25.90,"2,660,100",25.90
"Apr 19, 2012",25.65,25.67,25.37,25.61,"2,040,000",25.61
"Apr 18, 2012",25.50,25.65,25.35,25.59,"1,419,800",25.59
"Apr 17, 2012",25.52,25.64,25.33,25.57,"2,004,400",25.57
"Apr 16, 2012",25.59,25.59,25.17,25.39,"1,384,800",25.39
"Apr 13, 2012",26.00,26.03,25.46,25.49,"1,762,400",25.49
"Apr 12, 2012",25.63,26.11,25.62,26.01,"2,247,200",26.01
"Apr 11, 2012",25.59,25.78,25.54,25.65,"1,588,800",25.65
"Apr 10, 2012",25.57,25.72,25.35,25.36,"2,552,800",25.36
"Apr 9, 2012",25.85,25.85,25.54,25.57,"1,384,700",25.57
"Apr 5, 2012",26.06,26.15,25.78,26.13,"1,651,900",26.13
"Apr 4, 2012",26.25,26.40,26.09,26.23,"2,070,600",26.23
"Apr 3, 2012",26.28,26.50,26.28,26.44,"1,984,800",26.44
"Apr 2, 2012",25.86,26.38,25.76,26.33,"2,169,100",26.33
"Mar 30, 2012",26.00,26.18,25.87,25.93,"1,487,600",25.93
"Mar 29, 2012",25.81,26.00,25.68,25.92,"1,062,600",25.92
"Mar 28, 2012",25.77,25.99,25.71,25.95,"2,538,400",25.95
"Mar 27, 2012",25.83,25.94,25.59,25.79,"1,096,100",25.79
"Mar 26, 2012",25.55,25.82,25.51,25.82,"632,100",25.82
"Mar 23, 2012",25.42,25.52,25.23,25.35,"659,900",25.35
"Mar 22, 2012",25.30,25.47,25.21,25.44,"1,069,200",25.44
"Mar 21, 2012",25.50,25.57,25.14,25.42,"961,700",25.42
"Mar 20, 2012",25.39,25.66,25.33,25.49,"923,000",25.49
"Mar 19, 2012",25.63,25.77,25.45,25.66,"834,100",25.66
"Mar 16, 2012",25.82,25.99,25.49,25.71,"2,673,200",25.71
"Mar 15, 2012",25.79,26.00,25.51,25.95,"912,200",25.95
"Mar 14, 2012",25.71,25.86,25.65,25.79,"1,055,300",25.79
"Mar 13, 2012",25.18,25.85,25.18,25.77,"1,844,900",25.77
"Mar 12, 2012",25.41,25.53,25.05,25.10,"981,800",25.10
"Mar 9, 2012",25.27,25.51,25.20,25.38,"1,283,900",25.38
"Mar 8, 2012",25.19,25.46,24.98,25.24,"1,335,700",25.24
"Mar 7, 2012",25.04,25.12,24.72,24.99,"1,497,800",24.99
"Mar 6, 2012",24.95,25.28,24.83,25.03,"1,145,100",25.03
"Mar 5, 2012",25.24,25.52,24.93,25.14,"1,556,700",25.14
"Mar 2, 2012",25.54,25.61,25.25,25.31,"758,200",25.31
"Mar 1, 2012",25.83,25.87,25.33,25.51,"2,042,600",25.51
"Feb 29, 2012",26.14,26.25,25.79,25.81,"2,115,500",25.81
"Feb 28, 2012",25.84,26.33,25.75,26.20,"1,953,000",26.20
"Feb 27, 2012",25.67,25.88,25.36,25.77,"1,042,600",25.77
"Feb 24, 2012",25.85,26.00,25.78,25.89,"1,195,800",25.89
"Feb 23, 2012",25.78,25.90,25.61,25.83,"1,723,100",25.83
"Feb 22, 2012",25.52,26.11,25.52,25.86,"2,497,300",25.86
"Feb 21, 2012",26.24,26.34,26.01,26.09,"1,595,600",26.09
"Feb 17, 2012",26.34,26.49,26.00,26.05,"1,674,400",26.05
"Feb 16, 2012",25.40,25.88,25.20,25.86,"2,362,500",25.86
"Feb 15, 2012",25.90,26.10,25.28,25.36,"3,367,200",25.36
"Feb 14, 2012",25.43,25.92,25.36,25.76,"2,914,100",25.76
"Feb 13, 2012",25.57,25.72,25.30,25.47,"975,600",25.47
"Feb 10, 2012",24.92,25.62,24.89,25.43,"3,159,900",25.43
"Feb 9, 2012",24.93,25.01,24.60,24.81,"5,473,100",24.81
"Feb 8, 2012",25.09,25.22,24.89,24.92,"1,624,200",24.92
"Feb 7, 2012",25.05,25.16,24.82,25.10,"1,477,500",25.10
"Feb 6, 2012",24.98,25.24,24.88,25.13,"1,781,700",25.13
"Feb 3, 2012",23.74,25.25,23.60,25.00,"3,947,900",25.00
"Feb 2, 2012",24.02,24.30,23.92,24.14,"2,137,000",24.14
"Feb 1, 2012",24.22,24.26,23.85,24.00,"4,556,100",24.00
"Jan 31, 2012",24.48,24.54,23.90,23.95,"2,893,400",23.95
"Jan 30, 2012",23.73,24.35,23.39,24.35,"2,376,200",24.35
"Jan 27, 2012",24.10,24.10,23.63,23.90,"2,447,100",23.90
"Jan 26, 2012",24.15,24.36,24.05,24.16,"2,414,000",24.16
"Jan 25, 2012",23.69,24.16,23.63,24.02,"2,238,600",24.02
"Jan 24, 2012",23.48,23.97,23.42,23.77,"2,101,700",23.77
"Jan 23, 2012",23.51,23.83,23.47,23.64,"2,114,300",23.64
"Jan 20, 2012",23.24,23.66,23.23,23.51,"5,048,700",23.51
"Jan 19, 2012",22.95,23.40,22.87,23.30,"4,329,200",23.30
"Jan 18, 2012",22.78,23.00,22.64,22.90,"2,055,200",22.90
"Jan 17, 2012",23.00,23.02,22.69,22.82,"2,092,100",22.82
"Jan 13, 2012",22.66,22.87,22.55,22.83,"1,803,500",22.83
"Jan 12, 2012",22.90,23.01,22.62,22.88,"2,230,800",22.88
"Jan 11, 2012",22.90,22.96,22.80,22.88,"2,345,600",22.88
"Jan 10, 2012",23.34,23.35,22.59,22.99,"5,793,500",22.99
"Jan 9, 2012",24.58,24.62,23.06,23.28,"8,648,800",23.28
"Jan 6, 2012",25.66,25.79,25.44,25.48,"1,267,000",25.48
"Jan 5, 2012",25.75,25.75,25.35,25.67,"1,161,900",25.67
"Jan 4, 2012",25.57,25.76,25.37,25.53,"1,085,700",25.53
"Jan 3, 2012",25.85,25.95,25.62,25.66,"2,050,100",25.66
"Dec 30, 2011",25.25,25.53,25.22,25.41,"789,900",25.41
"Dec 29, 2011",24.89,25.39,24.87,25.36,"974,500",25.36
"Dec 28, 2011",25.23,25.23,24.88,24.93,"821,400",24.93
"Dec 27, 2011",25.25,25.38,25.06,25.26,"534,000",25.26
"Dec 23, 2011",25.00,25.33,24.92,25.25,"774,600",25.25
"Dec 22, 2011",24.80,25.00,24.62,24.90,"1,588,100",24.90
"Dec 21, 2011",24.82,24.85,24.50,24.66,"1,876,900",24.66
"Dec 20, 2011",24.34,24.91,24.32,24.77,"1,807,400",24.77
"Dec 19, 2011",24.19,24.36,23.87,23.95,"633,500",23.95
"Dec 16, 2011",24.25,24.45,23.97,24.06,"1,377,600",24.06
"Dec 15, 2011",24.21,24.41,24.01,24.14,"1,015,700",24.14
"Dec 14, 2011",23.85,24.09,23.77,24.01,"1,374,000",24.01
"Dec 13, 2011",24.56,24.67,23.78,24.02,"1,544,000",24.02
"Dec 12, 2011",24.61,24.61,24.21,24.46,"1,185,000",24.46
"Dec 9, 2011",24.41,24.90,24.40,24.81,"1,671,800",24.81
"Dec 8, 2011",24.67,24.78,24.23,24.30,"1,805,100",24.30
"Dec 7, 2011",24.74,24.96,24.46,24.84,"1,375,700",24.84
"Dec 6, 2011",25.01,25.06,24.75,24.87,"1,062,600",24.87
"Dec 5, 2011",25.34,25.59,24.96,25.05,"1,720,600",25.05
"Dec 2, 2011",25.34,25.63,24.83,24.90,"1,776,400",24.90
"Dec 1, 2011",24.80,25.28,24.68,25.17,"1,797,000",25.17
"Nov 30, 2011",24.42,24.83,24.33,24.78,"2,314,000",24.78
"Nov 29, 2011",23.81,24.02,23.66,23.77,"1,151,100",23.77
"Nov 28, 2011",23.77,24.03,23.55,23.79,"1,222,800",23.79
"Nov 25, 2011",23.14,23.42,23.08,23.20,"493,200",23.20
"Nov 23, 2011",23.25,23.32,23.01,23.11,"1,443,400",23.11
"Nov 22, 2011",23.44,23.63,23.30,23.52,"1,357,500",23.52
"Nov 21, 2011",23.75,23.99,23.40,23.50,"1,313,600",23.50
"Nov 18, 2011",24.34,24.34,23.98,24.04,"1,306,400",24.04
"Nov 17, 2011",24.57,24.64,23.95,24.15,"2,124,000",24.15
"Nov 16, 2011",24.67,25.09,24.51,24.71,"2,337,700",24.71
"Nov 15, 2011",24.91,25.11,24.64,24.97,"1,032,400",24.97
"Nov 14, 2011",24.83,25.20,24.51,24.91,"2,152,400",24.91
"Nov 11, 2011",24.81,25.02,24.68,24.83,"2,398,900",24.83
"Nov 10, 2011",24.50,24.63,24.21,24.55,"1,701,200",24.55
"Nov 9, 2011",24.60,24.73,24.16,24.28,"2,037,600",24.28
"Nov 8, 2011",25.37,25.94,24.29,25.17,"3,868,200",25.17
"Nov 7, 2011",25.20,25.39,24.75,25.31,"1,766,800",25.31
"Nov 4, 2011",25.16,25.43,24.89,25.26,"1,978,700",25.26
"Nov 3, 2011",25.26,25.44,24.87,25.38,"1,895,800",25.38
"Nov 2, 2011",25.05,25.05,24.63,24.92,"1,550,200",24.92
"Nov 1, 2011",24.88,25.16,24.54,24.64,"1,854,900",24.64
"Oct 31, 2011",25.65,25.82,25.54,25.60,"2,173,800",25.60
"Oct 28, 2011",25.15,26.00,25.14,25.97,"2,323,000",25.97
"Oct 27, 2011",25.19,25.42,24.95,25.16,"2,783,700",25.16
"Oct 26, 2011",24.82,24.96,24.17,24.50,"1,767,700",24.50
"Oct 25, 2011",24.78,25.00,24.37,24.49,"1,625,600",24.49
"Oct 24, 2011",24.53,24.99,24.41,24.98,"1,591,300",24.98
"Oct 21, 2011",24.13,24.70,24.07,24.52,"2,177,600",24.52
"Oct 20, 2011",24.23,24.35,23.64,23.77,"2,275,400",23.77
"Oct 19, 2011",24.54,24.62,24.13,24.23,"1,510,700",24.23
"Oct 18, 2011",24.16,24.80,23.86,24.54,"1,358,300",24.54
"Oct 17, 2011",24.72,24.80,24.16,24.24,"1,087,200",24.24
"Oct 14, 2011",24.93,25.08,24.70,24.92,"1,315,400",24.92
"Oct 13, 2011",24.45,24.68,24.32,24.64,"1,008,400",24.64
"Oct 12, 2011",24.97,25.13,24.64,24.68,"1,770,200",24.68
"Oct 11, 2011",24.82,25.30,24.66,24.82,"1,548,300",24.82
"Oct 10, 2011",24.65,24.83,24.41,24.64,"1,442,900",24.64
"Oct 7, 2011",24.59,24.64,24.08,24.15,"1,687,900",24.15
"Oct 6, 2011",24.16,24.49,23.83,24.48,"1,762,900",24.48
"Oct 5, 2011",23.88,24.42,23.64,24.23,"1,868,500",24.23
"Oct 4, 2011",22.78,23.67,22.66,23.63,"3,104,700",23.63
"Oct 3, 2011",23.70,23.99,23.11,23.15,"3,183,000",23.15
"Sep 30, 2011",24.23,24.75,23.94,23.95,"2,377,700",23.95
"Sep 29, 2011",24.54,24.67,23.96,24.58,"1,743,300",24.58
"Sep 28, 2011",24.36,24.82,23.98,24.09,"1,816,200",24.09
"Sep 27, 2011",24.45,24.68,24.22,24.35,"2,680,700",24.35
"Sep 26, 2011",23.65,24.01,23.11,24.01,"2,089,500",24.01
"Sep 23, 2011",23.06,23.70,22.96,23.39,"1,647,800",23.39
"Sep 22, 2011",23.06,23.31,22.69,23.23,"2,130,900",23.23
"Sep 21, 2011",24.40,24.43,23.58,23.60,"1,902,400",23.60
"Sep 20, 2011",24.33,24.87,24.10,24.45,"2,248,400",24.45
"Sep 19, 2011",24.19,24.32,23.87,24.24,"2,751,300",24.24
"Sep 16, 2011",24.20,24.87,24.20,24.72,"2,079,700",24.72
"Sep 15, 2011",24.47,24.47,23.86,24.20,"1,923,600",24.20
"Sep 14, 2011",23.87,24.46,23.59,24.14,"1,870,300",24.14
"Sep 13, 2011",23.50,23.88,23.30,23.75,"2,175,600",23.75
"Sep 12, 2011",23.37,23.60,23.08,23.46,"2,333,000",23.46
"Sep 9, 2011",24.27,24.36,23.56,23.63,"2,421,600",23.63
"Sep 8, 2011",24.86,25.15,24.56,24.62,"1,132,100",24.62
"Sep 7, 2011",24.63,25.10,24.50,25.10,"1,071,900",25.10
"Sep 6, 2011",23.85,24.40,23.62,24.22,"1,792,900",24.22
"Sep 2, 2011",24.65,24.99,24.46,24.56,"1,444,700",24.56
"Sep 1, 2011",25.70,25.89,25.13,25.22,"1,587,800",25.22
"Aug 31, 2011",25.41,25.74,25.21,25.61,"2,192,000",25.61
"Aug 30, 2011",25.24,25.47,25.02,25.24,"2,008,100",25.24
"Aug 29, 2011",25.00,25.52,24.98,25.45,"1,871,000",25.45
"Aug 26, 2011",24.13,24.91,23.80,24.72,"2,188,700",24.72
"Aug 25, 2011",24.61,24.81,24.18,24.30,"2,348,300",24.30
"Aug 24, 2011",24.70,24.87,24.23,24.49,"2,629,600",24.49
"Aug 23, 2011",23.65,24.81,23.56,24.81,"2,605,400",24.81
"Aug 22, 2011",24.47,24.52,23.54,23.66,"2,099,800",23.66
"Aug 19, 2011",23.89,24.59,23.73,23.86,"2,831,400",23.86
"Aug 18, 2011",24.81,24.96,24.02,24.21,"2,806,500",24.21
"Aug 17, 2011",25.85,26.03,25.36,25.49,"1,973,800",25.49
"Aug 16, 2011",25.35,25.87,25.00,25.71,"2,921,000",25.71
"Aug 15, 2011",25.75,25.75,24.92,25.56,"3,850,700",25.56
"Aug 12, 2011",24.94,25.61,24.70,25.59,"3,241,600",25.59
"Aug 11, 2011",23.14,24.78,22.99,24.76,"3,180,500",24.76
"Aug 10, 2011",24.02,24.02,23.01,23.07,"4,651,000",23.07
"Aug 9, 2011",22.30,25.20,22.30,24.48,"6,463,400",24.48
"Aug 8, 2011",23.51,23.77,22.01,22.26,"4,097,800",22.26
"Aug 5, 2011",24.34,24.47,23.32,24.02,"2,834,600",24.02
"Aug 4, 2011",24.71,24.94,23.96,24.05,"4,228,700",24.05
"Aug 3, 2011",24.52,25.06,24.30,25.01,"6,537,300",25.01
"Aug 2, 2011",25.37,25.51,24.45,24.55,"6,652,600",24.55
"Aug 1, 2011",26.58,26.58,25.40,25.49,"2,062,200",25.49
"Jul 29, 2011",26.27,26.59,26.02,26.39,"1,834,600",26.39
"Jul 28, 2011",26.66,26.99,26.44,26.49,"862,500",26.49
"Jul 27, 2011",27.09,27.16,26.62,26.69,"1,290,600",26.69
"Jul 26, 2011",27.42,27.47,27.11,27.14,"951,700",27.14
"Jul 25, 2011",27.61,27.68,27.36,27.45,"883,300",27.45
"Jul 22, 2011",28.07,28.10,27.71,27.90,"1,055,200",27.90
"Jul 21, 2011",27.78,28.25,27.64,28.14,"1,456,500",28.14
"Jul 20, 2011",27.73,27.77,27.40,27.60,"978,700",27.60
"Jul 19, 2011",27.46,27.87,27.31,27.73,"1,144,600",27.73
"Jul 18, 2011",27.49,27.60,27.14,27.28,"1,642,600",27.28
"Jul 15, 2011",27.62,27.68,27.42,27.61,"1,508,000",27.61
"Jul 14, 2011",27.75,27.90,27.40,27.50,"1,215,900",27.50
"Jul 13, 2011",27.88,28.20,27.67,27.74,"1,164,500",27.74
"Jul 12, 2011",27.75,28.02,27.65,27.69,"1,254,200",27.69
"Jul 11, 2011",27.75,27.91,27.59,27.66,"1,523,500",27.66
"Jul 8, 2011",27.80,28.16,27.76,28.10,"1,437,700",28.10
"Jul 7, 2011",28.05,28.21,27.93,28.12,"1,346,500",28.12
"Jul 6, 2011",27.76,27.92,27.61,27.88,"2,288,000",27.88
"Jul 5, 2011",27.66,27.85,27.64,27.76,"3,106,700",27.76
"Jul 1, 2011",27.12,27.68,27.12,27.67,"2,338,300",27.67
"Jun 30, 2011",26.88,27.35,26.74,27.17,"2,937,400",27.17
"Jun 29, 2011",27.19,27.25,26.67,26.77,"3,558,700",26.77
"Jun 28, 2011",26.82,27.12,26.76,27.12,"1,789,400",27.12
"Jun 27, 2011",26.32,26.87,26.30,26.78,"1,451,600",26.78
"Jun 24, 2011",27.16,27.16,26.15,26.40,"5,164,800",26.40
"Jun 23, 2011",26.84,27.24,26.64,27.20,"2,478,400",27.20
"Jun 22, 2011",27.18,27.30,27.09,27.18,"1,657,900",27.18
"Jun 21, 2011",26.94,27.40,26.83,27.31,"2,884,800",27.31
"Jun 20, 2011",26.65,27.02,26.57,26.81,"1,396,000",26.81
"Jun 17, 2011",26.99,27.07,26.65,26.66,"1,839,700",26.66
"Jun 16, 2011",26.95,27.05,26.70,26.90,"1,472,200",26.90
"Jun 15, 2011",27.38,27.50,26.80,26.93,"3,186,900",26.93
"Jun 14, 2011",27.65,27.74,27.43,27.46,"1,550,000",27.46
"Jun 13, 2011",27.75,27.90,27.42,27.47,"1,568,600",27.47
"Jun 10, 2011",27.96,27.96,27.59,27.66,"1,805,400",27.66
"Jun 9, 2011",27.66,28.26,27.59,28.11,"2,141,300",28.11
"Jun 8, 2011",27.56,27.67,27.42,27.61,"1,711,400",27.61
"Jun 7, 2011",27.64,28.09,27.32,27.69,"2,275,200",27.69
"Jun 6, 2011",27.57,27.65,27.41,27.41,"1,859,400",27.41
"Jun 3, 2011",27.45,27.73,27.35,27.62,"1,846,800",27.62
"Jun 2, 2011",28.13,28.22,27.53,27.74,"2,143,300",27.74
"Jun 1, 2011",28.91,28.95,28.07,28.11,"1,983,600",28.11
"May 31, 2011",29.05,29.19,28.72,28.98,"3,379,600",28.98
"May 27, 2011",28.96,29.16,28.64,28.70,"1,332,100",28.70
"May 26, 2011",28.87,29.05,28.70,28.91,"1,567,600",28.91
"May 25, 2011",28.92,29.20,28.82,29.05,"1,446,800",29.05
"May 24, 2011",28.67,29.15,28.51,29.06,"2,638,300",29.06
"May 23, 2011",28.54,28.77,28.31,28.65,"2,458,200",28.65
"May 20, 2011",29.08,29.09,28.60,28.84,"1,447,800",28.84
"May 19, 2011",29.30,29.42,28.95,29.12,"2,110,100",29.12
"May 18, 2011",29.16,29.26,29.04,29.14,"1,389,300",29.14
"May 17, 2011",29.30,29.30,28.91,29.12,"1,616,300",29.12
"May 16, 2011",29.72,29.78,29.33,29.35,"1,310,500",29.35
"May 13, 2011",29.95,29.97,29.54,29.82,"2,138,100",29.82
"May 12, 2011",29.76,29.91,29.64,29.89,"2,489,800",29.89
"May 11, 2011",29.44,29.92,29.44,29.82,"2,649,900",29.82
"May 10, 2011",29.15,29.56,29.10,29.44,"2,265,400",29.44
"May 9, 2011",29.13,29.22,28.93,29.05,"2,172,200",29.05
"May 6, 2011",29.07,29.34,28.75,29.20,"2,792,600",29.20
"May 5, 2011",29.24,29.29,28.80,28.92,"1,956,600",28.92
"May 4, 2011",29.52,29.62,29.17,29.23,"1,606,500",29.23
"May 3, 2011",29.50,29.83,29.43,29.56,"1,551,900",29.56
"May 2, 2011",29.52,29.72,29.34,29.51,"1,279,300",29.51
"Apr 29, 2011",29.21,29.73,29.21,29.37,"1,600,000",29.37
"Apr 28, 2011",29.41,29.55,29.24,29.26,"1,551,700",29.26
"Apr 27, 2011",29.46,29.65,29.33,29.50,"824,800",29.50
"Apr 26, 2011",29.32,29.56,29.31,29.42,"946,300",29.42
"Apr 25, 2011",29.27,29.40,28.94,29.15,"1,292,300",29.15
"Apr 21, 2011",29.38,29.51,29.15,29.42,"1,330,000",29.42
"Apr 20, 2011",29.57,29.58,29.04,29.21,"1,606,000",29.21
"Apr 19, 2011",28.87,29.27,28.70,29.25,"1,532,600",29.25
"Apr 18, 2011",28.99,29.02,28.54,28.84,"1,088,300",28.84
"Apr 15, 2011",29.32,29.50,29.11,29.30,"2,330,400",29.30
"Apr 14, 2011",28.24,29.41,28.16,29.18,"3,511,600",29.18
"Apr 13, 2011",28.63,28.64,28.03,28.34,"4,175,200",28.34
"Apr 12, 2011",27.43,27.57,27.15,27.41,"1,262,300",27.41
"Apr 11, 2011",27.27,27.93,27.27,27.60,"1,438,600",27.60
"Apr 8, 2011",28.19,28.25,27.79,27.84,"885,200",27.84
"Apr 7, 2011",27.83,28.29,27.83,28.13,"1,364,000",28.13
"Apr 6, 2011",28.02,28.02,27.74,27.92,"1,401,000",27.92
"Apr 5, 2011",27.86,28.07,27.70,27.97,"3,297,300",27.97
"Apr 4, 2011",28.28,28.29,27.92,27.96,"1,902,300",27.96
"Apr 1, 2011",28.49,28.75,28.09,28.21,"1,803,400",28.21
"Mar 31, 2011",28.40,28.50,28.03,28.20,"1,277,900",28.20
"Mar 30, 2011",28.23,28.61,28.16,28.51,"1,667,500",28.51
"Mar 29, 2011",27.92,28.15,27.74,28.08,"1,182,000",28.08
"Mar 28, 2011",27.88,28.23,27.83,27.99,"1,357,600",27.99
"Mar 25, 2011",27.29,27.94,27.21,27.88,"2,341,600",27.88
"Mar 24, 2011",27.27,27.46,27.03,27.27,"1,012,900",27.27
"Mar 23, 2011",27.17,27.24,26.98,27.14,"743,800",27.14
"Mar 22, 2011",27.52,27.52,27.18,27.27,"885,000",27.27
"Mar 21, 2011",27.30,27.58,27.15,27.48,"1,465,000",27.48
"Mar 18, 2011",27.29,27.43,26.81,27.05,"1,245,100",27.05
"Mar 17, 2011",27.13,27.27,26.86,27.03,"833,000",27.03
"Mar 16, 2011",27.05,27.22,26.79,26.81,"1,510,500",26.81
"Mar 15, 2011",26.43,27.28,25.91,27.13,"1,420,400",27.13
"Mar 14, 2011",27.60,27.84,27.03,27.11,"1,373,000",27.11
"Mar 11, 2011",27.44,27.89,27.15,27.88,"1,369,800",27.88
"Mar 10, 2011",27.72,27.85,27.43,27.46,"1,133,900",27.46
"Mar 9, 2011",27.86,28.08,27.72,27.99,"909,100",27.99
"Mar 8, 2011",27.55,28.11,27.42,28.05,"1,105,800",28.05
"Mar 7, 2011",27.97,28.09,27.19,27.50,"1,165,900",27.50
"Mar 4, 2011",28.16,28.28,27.62,27.92,"767,900",27.92
"Mar 3, 2011",27.61,28.30,27.61,28.13,"1,541,100",28.13
"Mar 2, 2011",27.02,27.44,26.96,27.31,"1,065,700",27.31
"Mar 1, 2011",27.39,27.59,27.05,27.09,"1,932,700",27.09
"Feb 28, 2011",27.42,27.61,27.24,27.32,"1,855,800",27.32
"Feb 25, 2011",27.12,27.48,27.02,27.39,"768,300",27.39
"Feb 24, 2011",27.12,27.21,26.91,27.00,"1,203,900",27.00
"Feb 23, 2011",27.39,27.49,26.99,27.09,"1,567,400",27.09
"Feb 22, 2011",27.80,27.80,27.16,27.38,"1,762,000",27.38
"Feb 18, 2011",27.98,28.16,27.79,28.04,"1,054,800",28.04
"Feb 17, 2011",27.98,28.19,27.82,28.00,"701,300",28.00
"Feb 16, 2011",27.84,28.35,27.73,28.08,"1,342,500",28.08
"Feb 15, 2011",27.58,27.92,27.40,27.84,"1,021,400",27.84
"Feb 14, 2011",27.79,27.89,27.53,27.58,"811,500",27.58
"Feb 11, 2011",27.21,27.90,27.05,27.79,"1,491,500",27.79
"Feb 10, 2011",27.21,27.42,27.12,27.34,"1,486,400",27.34
"Feb 9, 2011",27.54,27.54,27.05,27.25,"1,904,200",27.25
"Feb 8, 2011",27.95,27.95,27.26,27.70,"2,320,300",27.70
"Feb 7, 2011",27.48,28.03,27.33,28.00,"1,983,900",28.00
"Feb 4, 2011",26.60,27.82,26.50,27.43,"2,540,200",27.43
"Feb 3, 2011",26.08,27.18,26.05,26.69,"2,870,500",26.69
"Feb 2, 2011",26.16,26.33,25.98,26.17,"2,044,300",26.17
"Feb 1, 2011",26.01,26.90,25.93,26.31,"3,649,300",26.31
"Jan 31, 2011",25.28,25.74,25.26,25.73,"1,440,400",25.73
"Jan 28, 2011",25.88,26.00,25.14,25.22,"2,440,100",25.22
"Jan 27, 2011",26.14,26.28,25.68,25.77,"1,640,400",25.77
"Jan 26, 2011",26.21,26.24,26.01,26.17,"890,200",26.17
"Jan 25, 2011",26.33,26.61,25.98,26.20,"968,300",26.20
"Jan 24, 2011",26.01,26.48,26.01,26.42,"1,158,200",26.42
"Jan 21, 2011",26.09,26.48,26.04,26.06,"1,622,400",26.06
"Jan 20, 2011",25.94,26.07,25.65,25.91,"1,561,600",25.91
"Jan 19, 2011",26.15,26.46,25.88,26.03,"2,854,000",26.03
"Jan 18, 2011",26.71,26.80,26.20,26.21,"1,690,600",26.21
"Jan 14, 2011",26.40,26.98,26.11,26.84,"2,287,400",26.84
"Jan 13, 2011",25.85,26.58,25.85,26.49,"2,466,500",26.49
"Jan 12, 2011",25.70,26.09,25.46,25.92,"1,935,300",25.92
"Jan 11, 2011",25.32,25.67,25.13,25.66,"1,026,800",25.66
"Jan 10, 2011",25.19,25.24,24.95,25.22,"1,549,200",25.22
"Jan 7, 2011",25.38,25.60,25.15,25.31,"1,372,100",25.31
"Jan 6, 2011",25.40,25.49,25.15,25.41,"1,188,000",25.41
"Jan 5, 2011",25.38,25.51,25.11,25.41,"1,352,100",25.41
"Jan 4, 2011",25.58,25.75,24.97,25.48,"2,424,700",25.48
"Jan 3, 2011",25.80,25.80,25.27,25.38,"2,204,300",25.38
"Dec 31, 2010",26.00,26.05,25.58,25.70,"1,438,100",25.70
"Dec 30, 2010",25.63,26.12,25.59,26.00,"1,613,200",26.00
"Dec 29, 2010",25.97,26.24,25.57,25.65,"1,718,900",25.65
"Dec 28, 2010",25.36,25.99,25.36,25.98,"1,479,800",25.98
"Dec 27, 2010",25.16,25.41,25.16,25.39,"698,400",25.39
"Dec 23, 2010",25.10,25.26,24.89,25.22,"1,188,800",25.22
"Dec 22, 2010",25.12,25.27,24.99,25.17,"1,199,200",25.17
"Dec 21, 2010",24.89,25.27,24.67,25.21,"1,391,400",25.21
"Dec 20, 2010",24.96,24.97,24.63,24.87,"1,171,600",24.87
"Dec 17, 2010",24.30,24.96,24.30,24.86,"3,043,000",24.86
"Dec 16, 2010",24.46,24.72,24.18,24.32,"4,148,100",24.32
"Dec 15, 2010",24.47,24.60,24.23,24.41,"2,415,000",24.41
"Dec 14, 2010",23.73,24.75,23.72,24.47,"3,637,800",24.47
"Dec 13, 2010",24.32,24.33,23.94,24.19,"3,104,800",24.19
"Dec 10, 2010",23.80,24.45,23.80,24.19,"3,244,100",24.19
"Dec 9, 2010",23.83,23.89,23.59,23.71,"1,811,500",23.71
"Dec 8, 2010",23.39,23.75,23.35,23.72,"1,857,800",23.72
"Dec 7, 2010",23.43,23.51,23.30,23.43,"2,246,800",23.43
"Dec 6, 2010",23.19,23.52,23.14,23.34,"2,552,700",23.34
"Dec 3, 2010",22.66,23.08,22.53,23.00,"3,608,200",23.00
"Dec 2, 2010",23.54,23.56,22.66,22.75,"9,351,600",22.75
"Dec 1, 2010",23.07,23.59,22.90,23.57,"2,281,600",23.57
"Nov 30, 2010",22.78,22.89,22.61,22.87,"1,935,700",22.87
"Nov 29, 2010",23.22,23.22,22.81,23.00,"1,143,600",23.00
"Nov 26, 2010",23.07,23.41,23.07,23.28,"243,800",23.28
"Nov 24, 2010",23.14,23.35,23.09,23.29,"942,500",23.29
"Nov 23, 2010",23.19,23.20,22.93,23.08,"1,538,500",23.08
"Nov 22, 2010",23.40,23.46,23.00,23.43,"1,618,100",23.43
"Nov 19, 2010",23.84,23.94,23.42,23.50,"2,129,400",23.50
"Nov 18, 2010",23.55,24.03,23.39,23.95,"2,901,300",23.95
"Nov 17, 2010",23.13,23.60,23.04,23.46,"2,072,200",23.46
"Nov 16, 2010",23.37,23.55,22.95,23.17,"3,134,600",23.17
"Nov 15, 2010",23.25,23.73,22.91,23.49,"5,483,100",23.49
"Nov 12, 2010",23.23,23.23,22.88,23.11,"2,270,400",23.11
"Nov 11, 2010",22.94,23.63,22.85,23.36,"4,954,200",23.36
"Nov 10, 2010",23.15,23.27,22.93,23.11,"1,370,200",23.11
"Nov 9, 2010",23.41,23.54,23.09,23.18,"2,212,200",23.18
"Nov 8, 2010",23.96,23.98,23.28,23.42,"2,220,500",23.42
"Nov 5, 2010",24.11,24.19,23.84,24.11,"1,764,400",24.11
"Nov 4, 2010",23.85,24.63,23.85,24.14,"2,393,500",24.14
"Nov 3, 2010",23.13,23.83,23.03,23.78,"3,099,200",23.78
"Nov 2, 2010",23.78,24.18,22.60,23.03,"6,710,200",23.03
"Nov 1, 2010",24.24,24.53,24.23,24.40,"1,573,500",24.40
"Oct 29, 2010",24.29,24.31,23.95,24.14,"1,789,700",24.14
"Oct 28, 2010",24.49,24.62,24.19,24.36,"554,100",24.36
"Oct 27, 2010",24.33,24.52,24.15,24.37,"1,343,500",24.37
"Oct 26, 2010",24.63,24.65,24.32,24.38,"1,280,000",24.38
"Oct 25, 2010",24.83,24.99,24.62,24.68,"863,800",24.68
"Oct 22, 2010",24.85,24.99,24.59,24.70,"1,490,700",24.70
"Oct 21, 2010",24.96,25.07,24.68,24.84,"1,865,600",24.84
"Oct 20, 2010",24.71,25.06,24.71,24.85,"1,828,500",24.85
"Oct 19, 2010",24.62,24.76,24.18,24.40,"2,553,600",24.40
"Oct 18, 2010",24.66,24.88,24.50,24.88,"3,665,000",24.88
"Oct 15, 2010",24.89,25.10,24.30,24.63,"3,452,400",24.63
"Oct 14, 2010",24.97,24.99,24.34,24.75,"2,500,600",24.75
"Oct 13, 2010",24.77,25.20,24.76,24.96,"2,170,000",24.96
"Oct 12, 2010",24.60,24.78,24.37,24.71,"1,583,500",24.71
"Oct 11, 2010",24.55,24.67,24.44,24.66,"701,300",24.66
"Oct 8, 2010",24.56,24.86,24.40,24.49,"1,871,800",24.49
"Oct 7, 2010",24.72,24.87,24.31,24.48,"1,867,000",24.48
"Oct 6, 2010",24.81,24.94,24.53,24.71,"1,318,900",24.71
"Oct 5, 2010",24.55,24.98,24.48,24.85,"2,015,100",24.85
"Oct 4, 2010",24.64,24.76,24.29,24.42,"1,205,500",24.42
"Oct 1, 2010",24.97,24.99,24.41,24.76,"1,993,600",24.76
"Sep 30, 2010",25.16,25.25,24.71,24.84,"2,653,400",24.84
"Sep 29, 2010",25.00,25.35,24.95,25.16,"5,771,600",25.16
"Sep 28, 2010",24.80,25.14,24.57,25.00,"3,230,900",25.00
"Sep 27, 2010",25.14,25.14,24.60,24.69,"1,662,400",24.69
"Sep 24, 2010",24.69,25.08,24.48,24.95,"1,684,800",24.95
"Sep 23, 2010",24.11,24.61,24.06,24.49,"2,874,500",24.49
"Sep 22, 2010",24.16,24.37,23.99,24.20,"3,013,500",24.20
"Sep 21, 2010",24.54,24.79,24.09,24.20,"2,460,100",24.20
"Sep 20, 2010",24.22,24.70,24.16,24.66,"1,806,800",24.66
"Sep 17, 2010",24.22,24.48,24.14,24.22,"4,248,200",24.22
"Sep 16, 2010",24.20,24.47,23.80,24.16,"14,957,400",24.16
"Sep 15, 2010",23.91,24.55,23.79,24.49,"3,271,900",24.49
"Sep 14, 2010",23.33,24.30,23.33,24.00,"2,246,000",24.00
"Sep 13, 2010",23.33,23.60,23.07,23.31,"1,525,200",23.31
"Sep 10, 2010",22.94,23.34,22.87,23.31,"1,494,300",23.31
"Sep 9, 2010",22.90,23.15,22.78,23.07,"1,209,300",23.07
"Sep 8, 2010",22.48,22.73,22.35,22.65,"1,528,200",22.65
"Sep 7, 2010",22.55,22.68,22.09,22.45,"1,695,500",22.45
"Sep 3, 2010",22.36,22.72,22.25,22.55,"1,676,800",22.55
"Sep 2, 2010",22.17,22.64,22.02,22.17,"1,743,800",22.17
"Sep 1, 2010",21.78,22.19,21.55,22.18,"2,972,700",22.18
"Aug 31, 2010",21.99,22.06,21.53,21.58,"2,013,400",21.58
"Aug 30, 2010",22.65,22.65,22.05,22.10,"1,536,400",22.10
"Aug 27, 2010",22.60,22.74,22.43,22.73,"1,311,900",22.73
"Aug 26, 2010",22.64,22.77,22.30,22.48,"1,842,300",22.48
"Aug 25, 2010",22.20,22.66,22.15,22.58,"1,995,100",22.58
"Aug 24, 2010",22.78,23.15,22.25,22.27,"3,254,900",22.27
"Aug 23, 2010",22.81,23.20,22.59,22.97,"3,723,000",22.97
"Aug 20, 2010",21.85,22.86,21.53,22.81,"2,416,400",22.81
"Aug 19, 2010",22.37,22.63,21.99,22.00,"1,628,000",22.00
"Aug 18, 2010",22.54,22.82,22.40,22.48,"1,495,000",22.48
"Aug 17, 2010",22.79,22.81,22.53,22.53,"1,498,000",22.53
"Aug 16, 2010",22.73,22.86,22.45,22.59,"1,055,000",22.59
"Aug 13, 2010",22.64,23.15,22.52,22.85,"2,529,900",22.85
"Aug 12, 2010",23.01,23.04,22.43,22.75,"3,443,300",22.75
"Aug 11, 2010",22.74,23.87,21.50,23.26,"6,175,400",23.26
"Aug 10, 2010",21.58,21.61,20.97,21.40,"2,485,200",21.40
"Aug 9, 2010",21.63,21.93,21.60,21.72,"1,373,400",21.72
"Aug 6, 2010",21.32,21.62,21.23,21.49,"1,299,100",21.49
"Aug 5, 2010",21.32,21.56,21.15,21.49,"952,400",21.49
"Aug 4, 2010",21.17,21.48,21.17,21.45,"1,734,300",21.45
"Aug 3, 2010",21.48,21.48,21.07,21.14,"1,039,000",21.14
"Aug 2, 2010",21.35,21.82,21.35,21.43,"1,831,300",21.43
"Jul 30, 2010",20.94,21.45,20.86,21.07,"1,255,700",21.07
"Jul 29, 2010",21.37,21.55,20.90,21.10,"1,313,900",21.10
"Jul 28, 2010",21.45,21.60,21.19,21.31,"1,818,300",21.31
"Jul 27, 2010",21.92,22.03,21.39,21.52,"2,642,200",21.52
"Jul 26, 2010",21.48,21.86,21.38,21.85,"2,135,200",21.85
"Jul 23, 2010",21.09,21.56,21.02,21.56,"1,290,800",21.56
"Jul 22, 2010",20.89,21.56,20.84,21.19,"1,902,200",21.19
"Jul 21, 2010",21.68,21.83,20.63,20.68,"2,731,500",20.68
"Jul 20, 2010",21.67,21.79,21.36,21.66,"1,794,700",21.66
"Jul 19, 2010",21.59,21.90,21.53,21.83,"1,390,400",21.83
"Jul 16, 2010",22.26,22.40,21.44,21.55,"2,822,100",21.55
"Jul 15, 2010",22.50,22.58,22.13,22.42,"1,712,400",22.42
"Jul 14, 2010",22.73,22.80,22.28,22.56,"2,195,200",22.56
"Jul 13, 2010",22.57,22.95,22.34,22.86,"3,131,200",22.86
"Jul 12, 2010",22.53,22.62,22.29,22.48,"1,921,000",22.48
"Jul 9, 2010",22.75,22.75,22.39,22.61,"2,736,900",22.61
"Jul 8, 2010",22.82,23.10,22.55,22.75,"2,644,000",22.75
"Jul 7, 2010",22.88,23.15,22.42,22.76,"2,601,500",22.76
"Jul 6, 2010",22.60,23.29,22.46,22.72,"2,029,100",22.72
"Jul 2, 2010",22.39,22.76,22.21,22.42,"1,556,700",22.42
"Jul 1, 2010",22.65,22.65,21.93,22.41,"2,240,200",22.41
"Jun 30, 2010",22.78,23.00,22.66,22.70,"1,695,000",22.70
"Jun 29, 2010",23.35,23.40,22.76,22.85,"1,645,000",22.85
"Jun 28, 2010",23.36,23.90,23.07,23.64,"1,936,900",23.64
"Jun 25, 2010",23.56,23.74,23.34,23.34,"4,385,400",23.34
"Jun 24, 2010",23.70,24.22,23.53,23.57,"1,594,800",23.57
"Jun 23, 2010",24.06,24.19,23.69,23.85,"1,744,500",23.85
"Jun 22, 2010",24.59,24.80,23.90,23.97,"1,983,000",23.97
"Jun 21, 2010",24.84,24.94,24.24,24.55,"2,411,000",24.55
"Jun 18, 2010",25.41,25.45,24.54,24.68,"2,321,500",24.68
"Jun 17, 2010",25.65,25.65,24.92,25.30,"1,726,700",25.30
"Jun 16, 2010",25.50,25.93,25.39,25.49,"1,960,800",25.49
"Jun 15, 2010",25.79,25.89,25.42,25.53,"2,329,100",25.53
"Jun 14, 2010",25.53,25.71,25.46,25.55,"1,201,800",25.55
"Jun 11, 2010",25.08,25.50,25.08,25.50,"787,100",25.50
"Jun 10, 2010",25.40,25.40,24.91,25.31,"1,098,400",25.31
"Jun 9, 2010",25.29,25.43,24.96,25.09,"1,654,100",25.09
"Jun 8, 2010",24.64,25.20,24.64,25.11,"1,939,600",25.11
"Jun 7, 2010",24.87,24.88,24.47,24.76,"1,298,200",24.76
"Jun 4, 2010",25.48,25.64,24.75,24.80,"1,326,300",24.80
"Jun 3, 2010",25.86,26.09,25.74,25.93,"1,015,000",25.93
"Jun 2, 2010",25.11,25.91,25.07,25.90,"1,052,800",25.90
"Jun 1, 2010",25.22,25.49,25.00,25.06,"898,600",25.06
"May 28, 2010",25.53,25.71,25.38,25.42,"1,044,500",25.42
"May 27, 2010",25.12,25.58,24.93,25.58,"906,400",25.58
"May 26, 2010",24.93,25.28,24.65,24.73,"1,154,000",24.73
"May 25, 2010",24.48,24.78,24.01,24.77,"1,563,200",24.77
"May 24, 2010",24.55,25.49,24.53,25.02,"1,226,100",25.02
"May 21, 2010",24.39,24.81,24.21,24.72,"1,896,400",24.72
"May 20, 2010",24.87,25.25,24.70,24.71,"1,822,900",24.71
"May 19, 2010",25.26,25.63,25.07,25.35,"1,434,300",25.35
"May 18, 2010",25.63,25.93,25.37,25.38,"1,722,400",25.38
"May 17, 2010",25.97,26.05,25.35,25.55,"1,388,500",25.55
"May 14, 2010",25.84,25.95,25.35,25.84,"1,455,500",25.84
"May 13, 2010",26.25,26.40,26.01,26.04,"2,011,600",26.04
"May 12, 2010",26.51,26.69,26.16,26.38,"2,129,000",26.38
"May 11, 2010",26.43,26.90,26.18,26.47,"1,801,700",26.47
"May 10, 2010",27.17,27.50,26.42,26.63,"2,137,000",26.63
"May 7, 2010",25.80,26.46,24.39,26.16,"3,926,300",26.16
"May 6, 2010",28.82,29.09,27.22,27.62,"2,575,900",27.62
"May 5, 2010",28.49,29.15,28.32,28.94,"1,414,100",28.94
"May 4, 2010",28.80,30.08,28.07,28.56,"5,707,600",28.56
"May 3, 2010",27.60,27.63,26.85,27.30,"1,272,300",27.30
"Apr 30, 2010",27.64,27.96,27.48,27.58,"789,200",27.58
"Apr 29, 2010",27.34,27.60,27.22,27.49,"679,600",27.49
"Apr 28, 2010",26.67,27.23,26.66,27.18,"947,000",27.18
"Apr 27, 2010",27.16,27.57,26.60,26.65,"745,500",26.65
"Apr 26, 2010",27.74,27.90,27.13,27.23,"1,135,400",27.23
"Apr 23, 2010",27.96,27.96,27.54,27.81,"1,082,900",27.81
"Apr 22, 2010",27.84,28.05,27.33,27.94,"1,854,400",27.94
"Apr 21, 2010",27.73,28.08,27.73,28.07,"1,939,800",28.07
"Apr 20, 2010",27.80,27.99,27.54,27.81,"1,381,400",27.81
"Apr 19, 2010",27.07,27.83,26.97,27.68,"1,304,000",27.68
"Apr 16, 2010",26.85,27.22,26.70,27.17,"1,500,100",27.17
"Apr 15, 2010",26.69,26.93,26.53,26.92,"767,600",26.92
"Apr 14, 2010",27.00,27.00,26.61,26.84,"938,700",26.84
"Apr 13, 2010",26.48,27.03,26.46,26.99,"1,019,400",26.99
"Apr 12, 2010",26.56,26.66,26.30,26.44,"550,700",26.44
"Apr 9, 2010",26.19,26.70,26.14,26.57,"780,700",26.57
"Apr 8, 2010",26.24,26.32,26.01,26.26,"512,200",26.26
"Apr 7, 2010",26.26,26.48,26.15,26.25,"487,600",26.25
"Apr 6, 2010",26.20,26.50,26.10,26.38,"497,600",26.38
"Apr 5, 2010",26.16,26.69,25.90,26.36,"693,700",26.36
"Apr 1, 2010",26.51,26.56,26.06,26.17,"820,500",26.17
"Mar 31, 2010",26.33,26.45,26.08,26.43,"1,022,300",26.43
"Mar 30, 2010",25.79,26.61,25.64,26.58,"1,447,000",26.58
"Mar 29, 2010",25.49,25.83,25.26,25.80,"1,228,400",25.80
"Mar 26, 2010",25.01,25.46,24.94,25.45,"1,586,300",25.45
"Mar 25, 2010",25.17,25.20,24.95,25.00,"745,200",25.00
"Mar 24, 2010",25.07,25.20,24.87,24.98,"730,300",24.98
"Mar 23, 2010",25.35,25.35,24.90,25.17,"791,900",25.17
"Mar 22, 2010",25.05,25.50,25.05,25.27,"652,900",25.27
"Mar 19, 2010",25.18,25.85,25.08,25.18,"1,095,600",25.18
"Mar 18, 2010",25.35,25.46,25.17,25.43,"787,400",25.43
"Mar 17, 2010",25.49,25.80,25.14,25.40,"2,753,600",25.40
"Mar 16, 2010",25.76,25.77,25.26,25.76,"842,900",25.76
"Mar 15, 2010",25.74,25.80,25.34,25.79,"721,900",25.79
"Mar 12, 2010",25.70,25.84,25.63,25.80,"888,000",25.80
"Mar 11, 2010",25.55,25.68,25.28,25.63,"701,900",25.63
"Mar 10, 2010",25.74,25.74,25.43,25.66,"793,400",25.66
"Mar 9, 2010",25.81,26.15,25.57,25.81,"694,000",25.81
"Mar 8, 2010",25.89,26.03,25.80,25.93,"607,600",25.93
"Mar 5, 2010",25.59,26.17,25.40,25.97,"1,305,700",25.97
"Mar 4, 2010",25.37,25.62,25.25,25.44,"773,300",25.44
"Mar 3, 2010",25.75,25.75,25.23,25.38,"1,916,700",25.38
"Mar 2, 2010",26.35,26.35,25.71,25.76,"1,056,100",25.76
"Mar 1, 2010",25.53,26.09,25.48,26.09,"841,800",26.09
"Feb 26, 2010",25.35,25.35,25.04,25.24,"1,765,900",25.24
"Feb 25, 2010",25.62,25.64,25.05,25.37,"1,453,200",25.37
"Feb 24, 2010",25.92,26.00,25.63,25.84,"1,218,200",25.84
"Feb 23, 2010",26.30,26.40,25.81,25.93,"1,128,800",25.93
"Feb 22, 2010",26.29,26.50,25.91,26.39,"544,100",26.39
"Feb 19, 2010",26.02,26.36,25.80,26.26,"1,046,900",26.26
"Feb 18, 2010",26.27,26.45,26.02,26.21,"597,800",26.21
"Feb 17, 2010",25.34,26.27,25.10,26.21,"1,612,000",26.21
"Feb 16, 2010",25.38,25.38,24.58,25.32,"2,720,600",25.32
"Feb 12, 2010",25.60,25.62,24.53,25.17,"2,300,200",25.17
"Feb 11, 2010",26.43,26.61,25.79,25.80,"1,820,900",25.80
"Feb 10, 2010",24.85,26.99,24.60,26.45,"4,597,100",26.45
"Feb 9, 2010",26.48,26.54,25.84,26.25,"1,750,100",26.25
"Feb 8, 2010",25.88,26.71,25.52,25.84,"1,512,500",25.84
"Feb 5, 2010",25.77,26.02,25.04,25.98,"1,092,200",25.98
"Feb 4, 2010",26.15,26.15,25.75,25.90,"1,143,300",25.90
"Feb 3, 2010",26.77,26.85,26.32,26.34,"531,700",26.34
"Feb 2, 2010",26.18,26.94,26.00,26.90,"1,051,400",26.90
"Feb 1, 2010",25.81,26.08,25.59,26.01,"1,083,300",26.01
"Jan 29, 2010",26.04,26.42,25.64,25.75,"960,100",25.75
"Jan 28, 2010",27.07,27.23,26.09,26.14,"824,400",26.14
"Jan 27, 2010",27.48,27.57,26.67,26.94,"1,165,600",26.94
"Jan 26, 2010",27.23,27.82,27.16,27.52,"1,328,900",27.52
"Jan 25, 2010",27.78,28.35,27.38,27.50,"2,376,400",27.50
"Jan 22, 2010",27.22,28.00,26.86,27.55,"2,690,900",27.55
"Jan 21, 2010",26.75,27.21,26.49,27.17,"1,941,900",27.17
"Jan 20, 2010",26.96,26.96,25.95,26.78,"1,926,200",26.78
"Jan 19, 2010",25.59,26.14,25.59,26.05,"1,176,000",26.05
"Jan 15, 2010",25.90,25.95,25.50,25.59,"988,300",25.59
"Jan 14, 2010",25.67,26.04,25.47,25.99,"831,000",25.99
"Jan 13, 2010",25.71,26.12,25.39,25.75,"492,700",25.75
"Jan 12, 2010",26.41,26.51,25.29,25.58,"1,495,200",25.58
"Jan 11, 2010",26.19,26.73,25.77,26.64,"995,200",26.64
"Jan 8, 2010",25.11,26.26,25.00,26.16,"1,255,600",26.16
"Jan 7, 2010",24.86,25.25,24.63,25.12,"801,300",25.12
"Jan 6, 2010",24.58,24.99,24.51,24.80,"517,500",24.80
"Jan 5, 2010",24.82,25.07,24.37,24.66,"707,000",24.66
"Jan 4, 2010",24.99,25.18,24.22,24.93,"1,232,200",24.93
"Dec 31, 2009",25.11,25.25,25.00,25.01,"680,400",25.01
"Dec 30, 2009",25.67,25.67,24.67,25.11,"1,015,000",25.11
"Dec 29, 2009",26.51,26.63,25.86,25.89,"824,300",25.89
"Dec 28, 2009",26.39,26.56,26.16,26.49,"629,500",26.49
"Dec 24, 2009",26.28,26.68,26.14,26.35,"438,100",26.35
"Dec 23, 2009",26.11,26.19,25.74,26.15,"622,700",26.15
"Dec 22, 2009",25.57,26.10,25.36,26.08,"791,500",26.08
"Dec 21, 2009",25.49,25.77,25.34,25.57,"1,355,300",25.57
"Dec 18, 2009",24.48,25.29,24.25,25.29,"3,139,600",25.29
"Dec 17, 2009",24.12,24.27,23.75,24.06,"1,935,500",24.06
"Dec 16, 2009",24.34,24.62,24.05,24.30,"4,252,700",24.30
"Dec 15, 2009",24.70,24.70,24.12,24.28,"1,368,200",24.28
"Dec 14, 2009",24.54,24.78,24.45,24.64,"1,495,100",24.64
"Dec 11, 2009",24.24,24.66,24.06,24.44,"2,019,200",24.44
"Dec 10, 2009",24.07,24.34,23.85,24.04,"1,422,100",24.04
"Dec 9, 2009",24.38,24.63,23.91,24.05,"1,062,000",24.05
"Dec 8, 2009",24.45,24.80,24.26,24.36,"1,206,500",24.36
"Dec 7, 2009",24.40,24.78,24.07,24.72,"933,100",24.72
"Dec 4, 2009",25.00,25.42,24.39,24.51,"884,000",24.51
"Dec 3, 2009",25.86,25.86,24.60,24.68,"1,241,200",24.68
"Dec 2, 2009",25.95,26.19,25.78,25.89,"813,400",25.89
"Dec 1, 2009",26.28,26.47,25.75,25.85,"1,125,900",25.85
"Nov 30, 2009",25.92,25.94,25.31,25.83,"1,419,400",25.83
"Nov 27, 2009",25.63,26.17,25.50,25.79,"274,000",25.79
"Nov 25, 2009",26.84,26.99,26.33,26.38,"897,100",26.38
"Nov 24, 2009",26.22,26.85,25.42,26.63,"1,761,100",26.63
"Nov 23, 2009",25.35,26.06,25.33,26.02,"1,049,100",26.02
"Nov 20, 2009",25.11,25.38,25.04,25.06,"886,200",25.06
"Nov 19, 2009",25.37,25.51,25.12,25.18,"559,300",25.18
"Nov 18, 2009",25.65,25.65,25.18,25.54,"691,400",25.54
"Nov 17, 2009",25.33,25.58,25.02,25.55,"711,800",25.55
"Nov 16, 2009",25.15,25.73,24.99,25.50,"663,100",25.50
"Nov 13, 2009",24.93,25.56,24.82,24.97,"585,100",24.97
"Nov 12, 2009",25.13,25.26,24.68,24.82,"819,000",24.82
"Nov 11, 2009",24.76,25.24,24.51,25.16,"941,500",25.16
"Nov 10, 2009",23.90,24.99,23.88,24.77,"1,324,000",24.77
"Nov 9, 2009",23.58,24.07,23.52,24.03,"816,700",24.03
"Nov 6, 2009",23.91,23.99,23.26,23.34,"618,200",23.34
"Nov 5, 2009",23.45,24.34,23.08,23.99,"3,058,900",23.99
"Nov 4, 2009",22.45,23.00,22.23,22.55,"1,256,600",22.55
"Nov 3, 2009",22.21,22.30,21.88,22.02,"1,062,300",22.02
"Nov 2, 2009",22.39,22.83,22.22,22.34,"1,031,500",22.34
"Oct 30, 2009",22.63,23.38,22.30,22.37,"1,732,700",22.37
"Oct 29, 2009",22.51,23.75,22.36,23.69,"1,382,600",23.69
"Oct 28, 2009",22.51,22.75,22.22,22.50,"1,679,700",22.50
"Oct 27, 2009",22.61,22.65,22.16,22.50,"893,800",22.50
"Oct 26, 2009",22.56,23.20,22.56,22.68,"1,327,600",22.68
"Oct 23, 2009",22.70,22.97,22.18,22.63,"778,200",22.63
"Oct 22, 2009",21.67,22.83,21.65,22.72,"1,570,900",22.72
"Oct 21, 2009",22.29,22.47,21.53,21.78,"1,142,200",21.78
"Oct 20, 2009",22.86,23.00,22.25,22.37,"959,800",22.37
"Oct 19, 2009",22.79,23.22,22.42,22.96,"818,600",22.96
"Oct 16, 2009",22.86,22.86,22.20,22.70,"1,116,700",22.70
"Oct 15, 2009",22.61,22.89,22.55,22.87,"1,169,000",22.87
"Oct 14, 2009",22.69,22.89,22.53,22.70,"1,567,400",22.70
"Oct 13, 2009",22.97,22.97,22.51,22.60,"797,100",22.60
"Oct 12, 2009",23.19,23.23,22.86,22.99,"2,078,800",22.99
"Oct 9, 2009",22.88,23.40,22.84,23.25,"832,500",23.25
"Oct 8, 2009",22.19,22.97,21.98,22.86,"1,252,400",22.86
"Oct 7, 2009",21.81,22.28,21.42,22.00,"1,082,800",22.00
"Oct 6, 2009",21.30,22.12,20.65,22.01,"2,363,500",22.01
"Oct 5, 2009",21.59,21.68,21.11,21.25,"1,191,900",21.25
"Oct 2, 2009",21.35,21.74,21.09,21.54,"2,127,100",21.54
"Oct 1, 2009",21.38,22.00,21.15,21.55,"2,806,900",21.55
"Sep 30, 2009",21.99,22.06,21.39,21.80,"1,550,700",21.80
"Sep 29, 2009",21.77,22.36,21.50,21.99,"1,345,700",21.99
"Sep 28, 2009",21.27,22.12,21.18,21.80,"1,169,600",21.80
"Sep 25, 2009",20.49,21.28,20.39,21.14,"1,341,900",21.14
"Sep 24, 2009",20.95,21.13,20.31,20.51,"2,886,200",20.51
"Sep 23, 2009",21.70,21.70,20.87,20.87,"1,647,100",20.87
"Sep 22, 2009",21.32,21.97,21.28,21.44,"2,106,900",21.44
"Sep 21, 2009",21.81,21.90,21.18,21.32,"2,201,000",21.32
"Sep 18, 2009",21.48,21.89,21.13,21.81,"2,474,800",21.81
"Sep 17, 2009",21.99,22.23,20.94,21.43,"3,019,700",21.43
"Sep 16, 2009",20.58,22.42,20.54,21.88,"4,407,100",21.88
"Sep 15, 2009",19.50,21.14,19.44,20.71,"3,941,400",20.71
"Sep 14, 2009",19.36,19.89,19.36,19.51,"1,896,400",19.51
"Sep 11, 2009",18.95,19.74,18.95,19.28,"4,034,000",19.28
"Sep 10, 2009",18.56,19.25,18.56,19.14,"6,336,200",19.14
"Sep 9, 2009",18.51,18.94,18.50,18.65,"7,174,500",18.65
"Sep 8, 2009",18.53,19.00,18.32,18.45,"4,146,600",18.45
"Sep 4, 2009",18.74,18.74,18.48,18.50,"3,814,200",18.50
"Sep 3, 2009",18.71,19.03,18.50,18.69,"3,267,100",18.69
"Sep 2, 2009",19.15,19.50,18.31,18.65,"6,241,000",18.65
"Sep 1, 2009",19.65,19.95,18.78,19.90,"11,560,300",19.90
"Aug 31, 2009",20.00,20.00,18.10,19.50,"1,953,600",19.50
"Aug 28, 2009",19.19,19.34,18.61,19.10,"3,078,700",19.10
"Aug 27, 2009",17.90,19.00,17.90,18.85,"2,282,600",18.85
"Aug 26, 2009",17.74,18.33,17.60,18.10,"1,546,500",18.10
"Aug 25, 2009",17.95,18.00,17.41,17.73,"1,212,900",17.73
"Aug 24, 2009",18.50,18.50,17.75,17.86,"691,600",17.86
"Aug 21, 2009",17.25,18.50,17.25,18.50,"3,756,100",18.50
"Oct 9, 2009",22.88,23.40,22.84,23.25,"832,500",23.25
"Oct 8, 2009",22.19,22.97,21.98,22.86,"1,252,400",22.86
"Oct 7, 2009",21.81,22.28,21.42,22.00,"1,082,800",22.00
"Oct 6, 2009",21.30,22.12,20.65,22.01,"2,363,500",22.01
"Oct 5, 2009",21.59,21.68,21.11,21.25,"1,191,900",21.25
"Oct 2, 2009",21.35,21.74,21.09,21.54,"2,127,100",21.54
"Oct 1, 2009",21.38,22.00,21.15,21.55,"2,806,900",21.55
"Sep 30, 2009",21.99,22.06,21.39,21.80,"1,550,700",21.80
"Sep 29, 2009",21.77,22.36,21.50,21.99,"1,345,700",21.99
"Sep 28, 2009",21.27,22.12,21.18,21.80,"1,169,600",21.80
"Sep 25, 2009",20.49,21.28,20.39,21.14,"1,341,900",21.14
"Sep 24, 2009",20.95,21.13,20.31,20.51,"2,886,200",20.51
"Sep 23, 2009",21.70,21.70,20.87,20.87,"1,647,100",20.87
"Sep 22, 2009",21.32,21.97,21.28,21.44,"2,106,900",21.44
"Sep 21, 2009",21.81,21.90,21.18,21.32,"2,201,000",21.32
"Sep 18, 2009",21.48,21.89,21.13,21.81,"2,474,800",21.81
"Sep 17, 2009",21.99,22.23,20.94,21.43,"3,019,700",21.43
"Sep 16, 2009",20.58,22.42,20.54,21.88,"4,407,100",21.88
"Sep 15, 2009",19.50,21.14,19.44,20.71,"3,941,400",20.71
"Sep 14, 2009",19.36,19.89,19.36,19.51,"1,896,400",19.51
"Sep 11, 2009",18.95,19.74,18.95,19.28,"4,034,000",19.28
"Sep 10, 2009",18.56,19.25,18.56,19.14,"6,336,200",19.14
"Sep 9, 2009",18.51,18.94,18.50,18.65,"7,174,500",18.65
"Sep 8, 2009",18.53,19.00,18.32,18.45,"4,146,600",18.45
"Sep 4, 2009",18.74,18.74,18.48,18.50,"3,814,200",18.50
"Sep 3, 2009",18.71,19.03,18.50,18.69,"3,267,100",18.69
"Sep 2, 2009",19.15,19.50,18.31,18.65,"6,241,000",18.65
"Sep 1, 2009",19.65,19.95,18.78,19.90,"11,560,300",19.90
"Aug 31, 2009",20.00,20.00,18.10,19.50,"1,953,600",19.50
"Aug 28, 2009",19.19,19.34,18.61,19.10,"3,078,700",19.10
"Aug 27, 2009",17.90,19.00,17.90,18.85,"2,282,600",18.85
"Aug 26, 2009",17.74,18.33,17.60,18.10,"1,546,500",18.10
"Aug 25, 2009",17.95,18.00,17.41,17.73,"1,212,900",17.73
"Aug 24, 2009",18.50,18.50,17.75,17.86,"691,600",17.86
"Aug 21, 2009",17.25,18.50,17.25,18.50,"3,756,100",18.50
