"Jul 1, 2014",57.57,58.13,57.40,57.71,"6,015,200",57.71
"Jun 30, 2014",57.00,57.55,56.50,57.36,"10,277,100",57.36
"Jun 27, 2014",61.28,61.28,56.76,57.19,"31,291,300",57.19
"Jun 26, 2014",61.54,61.78,60.92,61.68,"1,947,300",61.68
"Jun 25, 2014",61.46,61.86,60.97,61.48,"2,178,900",61.48
"Jun 24, 2014",61.14,62.01,61.00,61.69,"2,603,900",61.69
"Jun 23, 2014",62.52,62.79,61.54,61.66,"3,938,300",61.66
"Jun 20, 2014",62.01,63.35,61.92,62.82,"10,003,300",62.82
"Jun 19, 2014",61.66,61.87,61.20,61.52,"2,063,500",61.52
"Jun 18, 2014",61.39,61.85,61.04,61.43,"3,232,900",61.43
"Jun 17, 2014",61.10,61.96,60.97,61.53,"3,789,800",61.53
"Jun 16, 2014",60.71,61.56,60.57,61.55,"3,942,400",61.55
"Jun 13, 2014",60.19,60.69,59.94,60.69,"3,765,700",60.69
"Jun 12, 2014",60.52,60.52,59.66,60.19,"4,445,000",60.19
"Jun 11, 2014",61.04,61.39,60.39,60.48,"3,357,000",60.48
"Jun 10, 2014",62.06,62.12,60.94,61.14,"6,842,000",61.14
"Jun 9, 2014",63.43,65.99,61.98,62.25,"25,419,300",62.25
"Jun 6, 2014",57.75,58.35,57.66,57.99,"4,187,300",57.99
"Jun 5, 2014",56.51,57.77,56.16,57.69,"4,886,500",57.69
"Jun 4, 2014",56.43,56.63,55.80,56.62,"5,454,300",56.62
"Jun 3, 2014",55.65,57.00,55.32,56.41,"10,719,500",56.41
"Jun 2, 2014",53.79,54.44,53.70,54.30,"5,514,900",54.30
"May 30, 2014",53.62,53.82,53.00,53.78,"6,107,500",53.78
"May 29, 2014",53.92,54.08,53.49,53.50,"9,414,800",53.50
"May 28, 2014",55.13,55.38,54.33,54.60,"5,405,900",54.60
"May 27, 2014",55.81,56.44,55.81,56.30,"4,199,400",56.30
"May 23, 2014",55.42,55.79,55.28,55.74,"1,993,800",55.74
"May 22, 2014",55.76,56.09,55.13,55.42,"3,703,500",55.42
"May 21, 2014",54.65,55.26,54.57,54.70,"4,547,800",54.70
"May 20, 2014",55.80,55.81,54.62,54.72,"4,925,300",54.72
"May 19, 2014",55.63,56.08,55.39,56.00,"3,625,900",56.00
"May 16, 2014",55.33,56.11,54.77,55.63,"7,928,300",55.63
"May 15, 2014",55.97,56.03,54.99,55.26,"3,758,600",55.26
"May 14, 2014",56.47,56.64,56.13,56.24,"1,510,500",56.24
"May 13, 2014",57.00,57.12,56.16,56.40,"2,453,500",56.40
"May 12, 2014",56.86,57.19,56.75,57.01,"2,569,100",57.01
"May 9, 2014",56.79,56.86,56.19,56.74,"3,401,400",56.74
"May 8, 2014",56.70,57.30,56.43,56.72,"3,287,300",56.72
"May 7, 2014",56.93,57.09,56.31,56.76,"3,648,600",56.76
"May 6, 2014",56.79,57.45,56.40,56.92,"4,453,200",56.92
"May 5, 2014",56.69,57.01,56.35,56.89,"1,751,600",56.89
"May 2, 2014",56.76,57.34,56.61,57.00,"1,785,600",57.00
"May 1, 2014",56.71,57.01,56.41,56.65,"1,765,000",56.65
"Apr 30, 2014",56.05,56.59,55.71,56.44,"3,484,700",56.44
"Apr 29, 2014",56.50,56.59,55.85,56.02,"2,964,500",56.02
"Apr 28, 2014",56.40,57.01,55.85,56.26,"3,582,800",56.26
"Apr 25, 2014",55.29,56.66,55.00,56.33,"5,371,200",56.33
"Apr 24, 2014",55.42,55.51,54.97,55.31,"2,829,500",55.31
"Apr 23, 2014",55.14,55.51,55.00,55.33,"3,489,600",55.33
"Apr 22, 2014",55.02,55.39,54.74,55.09,"2,724,900",55.09
"Apr 21, 2014",55.35,55.43,54.80,55.09,"1,680,500",55.09
"Apr 17, 2014",54.79,55.44,54.73,55.43,"3,289,600",55.43
"Apr 16, 2014",55.46,55.63,54.79,54.88,"3,047,300",54.88
"Apr 15, 2014",55.30,55.60,54.48,54.97,"3,484,900",54.97
"Apr 14, 2014",55.09,55.35,54.71,55.20,"2,262,800",55.20
"Apr 11, 2014",55.05,55.34,54.43,54.74,"4,429,200",54.74
"Apr 10, 2014",56.37,56.55,55.44,55.45,"6,080,000",55.45
"Apr 9, 2014",55.47,56.45,55.38,56.36,"3,521,600",56.36
"Apr 8, 2014",55.31,55.60,54.89,55.45,"5,050,500",55.45
"Apr 7, 2014",56.41,56.72,55.12,55.38,"5,228,900",55.38
"Apr 4, 2014",57.50,57.54,56.40,56.68,"3,710,300",56.68
"Apr 3, 2014",56.98,57.52,56.98,57.31,"3,750,500",57.31
"Apr 2, 2014",56.39,57.28,56.21,57.22,"4,396,900",57.22
"Apr 1, 2014",55.50,56.49,55.48,56.42,"4,532,300",56.42
"Mar 31, 2014",55.67,55.88,55.12,55.48,"3,526,300",55.48
"Mar 28, 2014",55.53,56.08,55.38,55.40,"4,945,700",55.40
"Mar 27, 2014",55.84,55.89,55.27,55.67,"8,177,900",55.67
"Mar 26, 2014",55.55,56.04,55.16,55.59,"6,938,300",55.59
"Mar 25, 2014",56.51,56.61,55.08,55.20,"11,358,400",55.20
"Mar 24, 2014",58.07,58.16,56.16,56.29,"7,224,900",56.29
"Mar 21, 2014",58.06,58.24,57.58,58.03,"5,263,800",58.03
"Mar 20, 2014",57.81,58.18,57.34,57.58,"8,502,200",57.58
"Mar 19, 2014",57.82,58.26,57.64,57.85,"5,325,300",57.85
"Mar 18, 2014",57.73,58.12,57.55,57.91,"4,888,300",57.91
"Mar 17, 2014",57.29,58.00,57.14,57.72,"6,439,500",57.72
"Mar 14, 2014",57.44,58.19,57.11,57.19,"5,101,400",57.19
"Mar 13, 2014",58.02,58.45,57.09,57.66,"10,240,000",57.66
"Mar 12, 2014",59.09,59.39,58.67,59.29,"4,135,800",59.29
"Mar 11, 2014",59.37,59.50,58.93,59.40,"3,338,800",59.40
"Mar 10, 2014",59.38,59.53,58.66,59.40,"2,617,200",59.40
"Mar 7, 2014",59.77,59.91,59.05,59.39,"3,486,500",59.39
"Mar 6, 2014",59.72,59.88,59.28,59.41,"3,403,200",59.41
"Mar 5, 2014",59.93,60.01,59.10,59.71,"2,046,200",59.71
"Mar 4, 2014",60.19,60.62,58.95,59.82,"4,560,500",59.82
"Mar 3, 2014",59.58,60.15,59.31,59.84,"1,935,600",59.84
"Feb 28, 2014",59.84,61.18,59.33,59.90,"3,505,800",59.90
"Feb 27, 2014",59.80,60.21,59.42,59.77,"2,435,500",59.77
"Feb 26, 2014",58.05,60.46,57.87,59.88,"4,651,800",59.88
"Feb 25, 2014",57.87,58.39,57.77,58.02,"3,172,000",58.02
"Feb 24, 2014",57.55,58.66,57.47,58.03,"3,130,700",58.03
"Feb 21, 2014",57.34,57.78,57.26,57.49,"2,560,100",57.49
"Feb 20, 2014",57.15,57.71,56.74,57.10,"3,996,900",57.10
"Feb 19, 2014",57.27,57.87,56.82,57.44,"3,730,800",57.44
"Feb 18, 2014",57.50,58.45,57.50,58.02,"3,394,700",58.02
"Feb 14, 2014",56.11,57.42,56.05,57.26,"3,642,100",57.26
"Feb 13, 2014",56.08,56.41,55.50,55.91,"3,766,700",55.91
"Feb 12, 2014",56.86,57.20,56.08,56.27,"3,577,100",56.27
"Feb 11, 2014",56.57,57.29,56.57,56.70,"3,755,300",56.70
"Feb 10, 2014",57.20,57.99,56.37,56.66,"3,372,200",56.66
"Feb 7, 2014",57.46,57.93,57.05,57.10,"3,192,800",57.10
"Feb 6, 2014",56.25,57.65,56.17,57.24,"2,990,100",57.24
"Feb 5, 2014",56.35,56.89,55.70,56.14,"3,762,600",56.14
"Feb 4, 2014",55.53,56.18,55.20,55.79,"3,912,800",55.79
"Feb 3, 2014",56.48,56.74,55.22,55.51,"5,905,300",55.51
"Jan 31, 2014",55.92,56.72,55.08,56.32,"5,360,100",56.32
"Jan 30, 2014",56.93,57.30,56.14,56.50,"4,563,300",56.50
"Jan 29, 2014",56.87,57.37,56.57,56.62,"3,309,800",56.62
"Jan 28, 2014",57.72,57.96,57.09,57.27,"3,308,000",57.27
"Jan 27, 2014",57.55,58.03,56.95,57.51,"3,475,100",57.51
"Jan 24, 2014",57.18,57.66,56.73,57.35,"3,700,600",57.35
"Jan 23, 2014",57.96,57.99,57.32,57.59,"2,745,200",57.59
"Jan 22, 2014",58.55,58.61,57.72,57.95,"5,386,600",57.95
"Jan 21, 2014",60.18,60.41,58.52,58.67,"4,058,300",58.67
"Jan 17, 2014",60.76,61.31,59.76,60.10,"7,995,200",60.10
"Jan 16, 2014",61.22,61.50,60.32,60.57,"2,507,300",60.57
"Jan 15, 2014",61.35,61.66,60.89,61.19,"2,681,100",61.19
"Jan 14, 2014",60.96,61.71,60.39,61.59,"2,710,000",61.59
"Jan 13, 2014",62.63,62.76,60.58,60.69,"4,163,100",60.69
"Jan 10, 2014",61.42,62.93,60.83,62.87,"6,431,600",62.87
"Jan 9, 2014",59.01,62.64,58.94,61.54,"8,043,800",61.54
"Jan 8, 2014",59.88,60.06,59.28,59.70,"4,418,700",59.70
"Jan 7, 2014",59.82,60.42,59.60,59.89,"2,584,500",59.89
"Jan 6, 2014",61.22,61.33,59.57,59.61,"4,007,800",59.61
"Jan 3, 2014",61.22,61.77,60.98,60.98,"2,697,800",60.98
"Jan 2, 2014",60.38,61.62,60.38,61.20,"6,018,200",61.20
"Dec 31, 2013",60.92,61.09,60.14,60.32,"1,699,800",60.32
"Dec 30, 2013",60.33,60.91,60.00,60.70,"4,348,200",60.70
"Dec 27, 2013",61.19,61.49,60.07,60.11,"1,993,900",60.11
"Dec 26, 2013",61.46,61.54,60.86,60.93,"1,756,100",60.93
"Dec 24, 2013",61.37,61.95,61.37,61.47,"826,400",61.47
"Dec 23, 2013",60.25,61.64,60.13,61.59,"7,366,000",61.59
"Dec 20, 2013",59.79,60.39,59.77,60.08,"2,391,400",60.08
"Dec 19, 2013",59.90,60.06,59.50,59.56,"1,412,000",59.56
"Dec 18, 2013",59.08,60.04,58.69,60.03,"3,335,000",60.03
"Dec 17, 2013",59.61,59.85,58.88,59.03,"2,663,500",59.03
"Dec 16, 2013",61.00,61.12,59.41,59.49,"5,043,300",59.49
"Dec 13, 2013",60.83,61.11,60.12,60.48,"2,374,800",60.48
"Dec 12, 2013",60.59,61.07,60.36,60.46,"4,342,100",60.46
"Dec 11, 2013",60.78,61.82,60.76,61.31,"4,727,700",61.31
"Dec 10, 2013",60.95,61.32,60.42,60.74,"2,634,200",60.74
"Dec 9, 2013",60.17,61.20,60.17,61.08,"5,138,000",61.08
"Dec 6, 2013",60.56,61.08,59.61,60.20,"6,493,500",60.20
"Dec 5, 2013",58.31,60.25,58.25,59.81,"11,012,700",59.81
"Dec 4, 2013",56.03,56.62,55.56,56.37,"5,009,800",56.37
"Dec 3, 2013",56.27,56.61,56.03,56.48,"2,757,400",56.48
"Dec 2, 2013",56.91,56.91,56.13,56.29,"3,909,400",56.29
"Nov 29, 2013",57.53,57.74,56.92,56.94,"1,695,000",56.94
"Nov 27, 2013",58.78,58.78,57.30,57.35,"5,347,500",57.35
"Nov 26, 2013",58.87,59.00,57.85,58.79,"4,505,500",58.79
"Nov 25, 2013",58.73,58.80,58.26,58.49,"1,541,600",58.49
"Nov 22, 2013",58.14,58.50,57.83,58.40,"2,240,600",58.40
"Nov 21, 2013",56.99,58.05,56.89,57.94,"4,438,800",57.94
"Nov 20, 2013",58.83,59.12,58.13,58.33,"3,886,600",58.33
"Nov 19, 2013",58.79,59.50,58.58,58.70,"3,074,000",58.70
"Nov 18, 2013",59.44,59.56,58.64,58.88,"2,138,400",58.88
"Nov 15, 2013",59.22,59.50,58.56,59.26,"3,503,000",59.26
"Nov 14, 2013",59.10,59.51,58.58,59.49,"2,001,800",59.49
"Nov 13, 2013",58.34,59.30,58.21,59.24,"2,135,600",59.24
"Nov 12, 2013",58.00,58.51,57.83,58.47,"1,893,000",58.47
"Nov 11, 2013",57.33,58.29,57.25,58.01,"1,931,900",58.01
"Nov 8, 2013",57.19,57.41,56.81,57.28,"1,922,000",57.28
"Nov 7, 2013",58.09,58.59,56.95,57.22,"2,247,800",57.22
"Nov 6, 2013",58.11,58.59,57.89,58.01,"1,629,700",58.01
"Nov 5, 2013",57.41,58.40,57.20,58.11,"2,864,800",58.11
"Nov 4, 2013",57.99,58.23,57.47,57.53,"2,516,900",57.53
"Nov 1, 2013",57.83,58.14,57.50,57.77,"2,128,200",57.77
"Oct 31, 2013",58.50,58.79,57.70,57.78,"2,837,700",57.78
"Oct 30, 2013",59.48,59.52,58.13,58.57,"1,879,600",58.57
"Oct 29, 2013",59.46,59.71,59.17,59.34,"1,755,800",59.34
"Oct 28, 2013",59.40,59.57,58.97,59.17,"1,678,900",59.17
"Oct 25, 2013",59.74,59.87,59.27,59.50,"1,959,800",59.50
"Oct 24, 2013",59.13,59.84,58.94,59.75,"1,930,800",59.75
"Oct 23, 2013",59.38,59.43,58.50,58.98,"1,711,500",58.98
"Oct 22, 2013",58.98,59.59,58.96,59.37,"1,676,100",59.37
"Oct 21, 2013",58.88,59.04,58.37,58.92,"968,900",58.92
"Oct 18, 2013",59.13,59.13,57.98,58.89,"2,678,100",58.89
"Oct 17, 2013",57.24,58.93,57.10,58.82,"2,379,500",58.82
"Oct 16, 2013",57.19,57.66,57.04,57.37,"2,308,400",57.37
"Oct 15, 2013",57.03,57.23,56.44,56.75,"2,110,800",56.75
"Oct 14, 2013",57.52,57.80,56.76,57.05,"3,449,400",57.05
"Oct 11, 2013",57.40,57.95,57.15,57.83,"2,580,800",57.83
"Oct 10, 2013",57.10,57.63,57.04,57.54,"2,483,900",57.54
"Oct 9, 2013",56.35,56.78,55.96,56.70,"4,153,900",56.70
"Oct 8, 2013",57.00,57.28,56.27,56.35,"2,762,100",56.35
"Oct 7, 2013",58.36,58.36,57.13,57.14,"2,790,100",57.14
"Oct 4, 2013",57.66,58.82,57.54,58.77,"2,513,700",58.77
"Oct 3, 2013",57.90,58.02,57.45,57.75,"2,609,500",57.75
"Oct 2, 2013",57.44,57.94,57.25,57.90,"2,206,400",57.90
"Oct 1, 2013",56.59,57.98,56.32,57.78,"3,575,200",57.78
"Sep 30, 2013",56.23,56.76,55.71,56.46,"1,860,400",56.46
"Sep 27, 2013",56.70,57.08,56.51,56.59,"2,568,700",56.59
"Sep 26, 2013",57.15,57.55,56.71,56.75,"2,741,900",56.75
"Sep 25, 2013",58.09,58.11,56.96,57.00,"2,844,400",57.00
"Sep 24, 2013",58.22,58.29,58.00,58.11,"1,923,600",58.11
"Sep 23, 2013",57.68,58.29,57.61,58.19,"2,416,700",58.19
"Sep 20, 2013",58.42,58.44,57.65,57.65,"4,398,300",57.65
"Sep 19, 2013",58.10,58.71,57.69,58.49,"3,267,900",58.49
"Sep 18, 2013",57.35,58.14,57.27,57.92,"2,848,800",57.92
"Sep 17, 2013",57.07,57.57,57.04,57.33,"2,038,300",57.33
"Sep 16, 2013",57.40,57.57,56.57,57.00,"2,618,500",57.00
"Sep 13, 2013",57.25,57.35,56.64,56.83,"1,366,800",56.83
"Sep 12, 2013",57.46,57.50,56.77,57.14,"1,261,100",57.14
"Sep 11, 2013",57.40,57.42,56.88,57.36,"1,579,500",57.36
"Sep 10, 2013",57.24,57.36,56.54,57.33,"2,373,900",57.33
"Sep 9, 2013",57.20,57.52,57.00,57.47,"3,070,700",57.47
"Sep 6, 2013",57.61,57.71,56.72,56.96,"2,302,300",56.96
"Sep 5, 2013",56.58,57.80,56.41,57.38,"4,013,800",57.38
"Sep 4, 2013",56.06,57.42,55.29,56.39,"9,699,000",56.39
"Sep 3, 2013",54.47,54.74,53.40,53.88,"4,268,700",53.88
"Aug 30, 2013",54.61,54.87,53.86,53.97,"1,887,400",53.97
"Aug 29, 2013",54.40,54.75,54.24,54.37,"1,346,300",54.37
"Aug 28, 2013",54.65,54.90,54.21,54.48,"1,777,200",54.48
"Aug 27, 2013",55.00,55.33,54.62,54.65,"1,908,400",54.65
"Aug 26, 2013",55.43,56.10,55.16,55.59,"1,744,600",55.59
"Aug 23, 2013",55.51,55.60,54.79,55.05,"2,263,300",55.05
"Aug 22, 2013",54.34,55.60,54.00,55.45,"3,108,500",55.45
"Aug 21, 2013",53.40,54.50,53.10,54.40,"3,274,300",54.40
"Aug 20, 2013",54.16,54.23,53.30,53.37,"2,663,400",53.37
"Aug 19, 2013",53.50,54.47,53.20,54.09,"4,538,700",54.09
"Aug 16, 2013",53.23,53.32,52.40,52.47,"3,489,900",52.47
"Aug 15, 2013",54.19,54.49,53.37,53.50,"2,987,200",53.50
"Aug 14, 2013",54.41,54.82,54.08,54.50,"1,792,300",54.50
"Aug 13, 2013",54.36,54.83,54.20,54.60,"2,171,300",54.60
"Aug 12, 2013",54.14,54.58,53.99,54.35,"2,295,500",54.35
"Aug 9, 2013",54.70,54.82,54.22,54.25,"1,201,100",54.25
"Aug 8, 2013",54.36,54.91,54.27,54.73,"2,739,700",54.73
"Aug 7, 2013",54.76,54.79,54.12,54.12,"3,007,200",54.12
"Aug 6, 2013",55.04,55.18,54.31,54.87,"2,533,700",54.87
"Aug 5, 2013",55.52,55.64,55.02,55.25,"1,875,900",55.25
"Aug 2, 2013",55.40,55.82,54.55,55.79,"3,049,700",55.79
"Aug 1, 2013",54.97,55.60,54.40,55.42,"4,140,100",55.42
"Jul 31, 2013",54.20,54.84,54.17,54.67,"2,868,800",54.67
"Jul 30, 2013",54.15,54.44,53.86,54.06,"2,051,100",54.06
"Jul 29, 2013",53.81,54.20,53.44,54.18,"2,497,900",54.18
"Jul 26, 2013",54.03,54.05,53.25,53.78,"2,808,400",53.78
"Jul 25, 2013",54.10,54.37,53.72,54.23,"2,688,000",54.23
"Jul 24, 2013",53.76,54.25,53.67,54.23,"2,924,700",54.23
"Jul 23, 2013",53.63,53.95,53.31,53.82,"2,915,400",53.82
"Jul 22, 2013",53.37,53.69,53.04,53.54,"2,225,000",53.54
"Jul 19, 2013",53.51,53.94,53.06,53.30,"2,474,400",53.30
"Jul 18, 2013",53.71,53.91,53.29,53.45,"2,050,400",53.45
"Jul 17, 2013",54.15,54.20,53.60,53.65,"1,784,300",53.65
"Jul 16, 2013",53.71,54.03,53.50,53.90,"2,169,100",53.90
"Jul 15, 2013",53.93,54.20,53.76,53.96,"2,538,100",53.96
"Jul 12, 2013",54.14,54.40,53.45,53.77,"7,579,900",53.77
"Jul 11, 2013",55.05,55.80,54.58,55.65,"4,215,300",55.65
"Jul 10, 2013",52.87,55.01,52.83,54.78,"8,237,500",54.78
"Jul 9, 2013",52.32,52.82,51.77,51.80,"2,370,100",51.80
"Jul 8, 2013",52.00,52.36,51.49,52.12,"2,309,500",52.12
"Jul 5, 2013",51.46,52.05,51.26,52.01,"1,673,500",52.01
"Jul 3, 2013",51.25,51.38,50.53,51.11,"1,860,000",51.11
"Jul 2, 2013",52.19,52.43,51.23,51.36,"3,334,300",51.36
"Jul 1, 2013",51.03,52.84,50.97,52.43,"4,290,300",52.43
"Jun 28, 2013",51.45,51.59,50.43,50.43,"8,498,100",50.43
"Jun 27, 2013",51.28,51.93,51.16,51.64,"2,268,900",51.64
"Jun 26, 2013",50.54,51.27,50.54,51.17,"1,980,700",51.17
"Jun 25, 2013",50.16,50.81,50.03,50.51,"2,966,100",50.51
"Jun 24, 2013",49.78,50.42,49.50,50.00,"3,669,000",50.00
"Jun 21, 2013",50.30,50.33,49.47,50.21,"4,118,300",50.21
"Jun 20, 2013",51.17,51.19,49.72,49.88,"4,553,000",49.88
"Jun 19, 2013",52.36,52.47,51.30,51.33,"2,913,500",51.33
"Jun 18, 2013",51.10,52.30,50.81,52.29,"2,988,500",52.29
"Jun 17, 2013",51.37,51.80,50.73,51.13,"2,745,200",51.13
"Jun 14, 2013",51.15,51.58,50.96,51.18,"1,600,000",51.18
"Jun 13, 2013",51.18,51.50,50.85,51.20,"2,163,900",51.20
"Jun 12, 2013",51.75,52.00,50.78,51.09,"3,171,300",51.09
"Jun 11, 2013",50.33,52.00,50.16,51.67,"4,824,900",51.67
"Jun 10, 2013",51.11,51.33,50.31,50.35,"5,033,200",50.35
"Jun 7, 2013",51.49,52.30,50.87,51.09,"4,334,600",51.09
"Jun 6, 2013",50.43,51.49,49.83,51.32,"5,672,300",51.32
"Jun 5, 2013",49.30,51.20,49.22,50.19,"8,192,600",50.19
"Jun 4, 2013",50.00,50.22,48.61,48.64,"16,091,900",48.64
"Jun 3, 2013",53.06,53.99,52.65,53.55,"4,486,900",53.55
"May 31, 2013",53.70,54.06,52.72,52.80,"3,723,900",52.80
"May 30, 2013",53.94,54.21,53.66,53.67,"1,145,400",53.67
"May 29, 2013",54.23,54.51,53.65,53.93,"2,206,800",53.93
"May 28, 2013",54.87,55.17,54.42,54.48,"2,262,800",54.48
"May 24, 2013",54.22,54.56,54.12,54.42,"1,839,400",54.42
"May 23, 2013",53.64,54.81,53.46,54.45,"3,714,100",54.45
"May 22, 2013",54.34,54.75,53.69,53.86,"2,634,200",53.86
"May 21, 2013",53.90,54.67,53.73,54.47,"2,313,000",54.47
"May 20, 2013",53.98,54.25,53.59,53.84,"1,953,600",53.84
"May 17, 2013",53.50,54.17,53.32,54.08,"2,350,900",54.08
"May 16, 2013",53.15,53.67,52.98,53.26,"2,215,600",53.26
"May 15, 2013",52.85,53.61,52.42,53.32,"2,836,400",53.32
"May 14, 2013",52.67,53.14,52.52,52.79,"1,390,200",52.79
"May 13, 2013",52.84,53.00,52.46,52.59,"1,386,600",52.59
"May 10, 2013",52.58,53.18,52.58,52.80,"1,327,400",52.80
"May 9, 2013",53.53,53.55,52.51,52.68,"1,881,000",52.68
"May 8, 2013",53.42,53.69,53.22,53.42,"1,297,800",53.42
"May 7, 2013",53.43,53.52,52.98,53.44,"4,557,600",53.44
"May 6, 2013",53.11,54.16,53.05,53.58,"4,635,600",53.58
"May 3, 2013",52.49,53.00,52.08,52.49,"2,925,200",52.49
"May 2, 2013",52.02,52.50,51.83,52.39,"1,485,700",52.39
"May 1, 2013",52.00,52.60,51.99,52.03,"1,579,600",52.03
"Apr 30, 2013",52.24,52.31,51.70,52.09,"1,553,400",52.09
"Apr 29, 2013",52.82,52.99,52.14,52.18,"1,231,300",52.18
"Apr 26, 2013",52.57,52.95,52.44,52.83,"2,082,000",52.83
"Apr 25, 2013",52.24,52.90,52.20,52.71,"2,071,000",52.71
"Apr 24, 2013",52.33,52.74,52.01,52.09,"1,604,700",52.09
"Apr 23, 2013",51.81,52.57,51.74,52.15,"2,936,300",52.15
"Apr 22, 2013",51.74,51.89,51.38,51.63,"1,895,800",51.63
"Apr 19, 2013",51.47,51.86,51.15,51.82,"4,407,800",51.82
"Apr 18, 2013",51.90,51.99,50.67,51.30,"4,107,100",51.30
"Apr 17, 2013",50.18,51.92,50.17,51.90,"6,858,300",51.90
"Apr 16, 2013",49.98,50.51,49.55,50.47,"3,536,500",50.47
"Apr 15, 2013",50.01,50.60,49.62,49.90,"3,509,300",49.90
"Apr 12, 2013",50.24,50.84,49.86,50.31,"2,347,800",50.31
"Apr 11, 2013",50.31,50.85,50.21,50.28,"5,470,800",50.28
"Apr 10, 2013",49.90,51.34,49.76,50.24,"6,801,000",50.24
"Apr 9, 2013",50.48,50.58,49.76,49.85,"7,493,300",49.85
"Apr 8, 2013",50.28,50.49,50.05,50.36,"3,150,200",50.36
"Apr 5, 2013",50.23,50.42,49.92,50.40,"3,662,400",50.40
"Apr 4, 2013",50.22,50.74,50.13,50.73,"2,929,400",50.73
"Apr 3, 2013",50.68,50.73,50.04,50.12,"2,804,700",50.12
"Apr 2, 2013",50.73,50.76,50.40,50.54,"2,790,300",50.54
"Apr 1, 2013",50.77,50.87,50.25,50.62,"4,970,100",50.62
"Mar 28, 2013",50.30,50.72,50.24,50.58,"33,355,800",50.58
"Mar 27, 2013",50.88,51.56,50.60,50.95,"7,721,400",50.95
"Mar 26, 2013",51.23,52.30,51.17,52.22,"4,110,500",52.22
"Mar 25, 2013",52.53,52.91,49.84,51.08,"10,543,200",51.08
"Mar 22, 2013",50.09,50.49,49.75,50.07,"6,403,900",50.07
"Mar 21, 2013",49.41,49.91,48.92,49.81,"3,240,000",49.81
"Mar 20, 2013",48.26,50.04,48.15,49.79,"5,946,300",49.79
"Mar 19, 2013",48.12,48.22,47.46,47.77,"5,279,300",47.77
"Mar 18, 2013",47.74,48.38,47.63,48.11,"1,830,700",48.11
"Mar 15, 2013",48.64,48.72,47.79,48.18,"3,069,900",48.18
"Mar 14, 2013",48.01,48.83,47.85,48.77,"3,169,600",48.77
"Mar 13, 2013",47.71,48.10,47.53,48.03,"2,340,700",48.03
"Mar 12, 2013",47.50,47.97,47.49,47.76,"2,714,400",47.76
"Mar 11, 2013",47.79,48.10,47.45,47.48,"2,743,800",47.48
"Mar 8, 2013",47.72,47.97,47.39,47.79,"2,538,600",47.79
"Mar 7, 2013",47.85,48.35,47.41,47.46,"3,482,800",47.46
"Mar 6, 2013",49.09,49.20,48.15,48.20,"3,143,400",48.20
"Mar 5, 2013",48.75,48.99,48.32,48.92,"2,875,000",48.92
"Mar 4, 2013",47.60,48.71,47.56,48.65,"5,396,300",48.65
"Mar 1, 2013",46.26,47.59,45.84,47.57,"4,134,700",47.57
"Feb 28, 2013",46.37,46.68,46.08,46.34,"5,017,900",46.34
"Feb 27, 2013",46.28,47.50,46.21,46.56,"6,093,000",46.56
"Feb 26, 2013",45.60,45.64,44.59,44.95,"4,375,900",44.95
"Feb 25, 2013",46.17,46.38,45.40,45.45,"4,008,000",45.45
"Feb 22, 2013",45.59,46.22,45.26,46.03,"3,691,600",46.03
"Feb 21, 2013",43.61,46.09,43.58,45.51,"6,922,500",45.51
"Feb 20, 2013",43.90,44.37,43.54,43.80,"4,446,700",43.80
"Feb 19, 2013",44.11,44.60,43.35,43.96,"6,584,100",43.96
"Feb 15, 2013",45.12,46.64,43.90,44.37,"14,019,600",44.37
"Feb 14, 2013",44.39,45.57,44.32,45.03,"5,687,200",45.03
"Feb 13, 2013",45.13,45.25,43.76,44.39,"7,877,100",44.39
"Feb 12, 2013",45.74,45.77,45.00,45.04,"3,204,600",45.04
"Feb 11, 2013",45.85,45.93,45.49,45.75,"2,223,700",45.75
"Feb 8, 2013",45.49,46.15,45.42,46.00,"1,801,700",46.00
"Feb 7, 2013",46.14,46.49,45.22,45.40,"4,865,100",45.40
"Feb 6, 2013",45.58,46.16,45.33,46.05,"4,506,900",46.05
"Feb 5, 2013",45.71,45.99,44.98,45.54,"9,746,500",45.54
"Feb 4, 2013",46.25,46.51,45.49,45.52,"4,877,200",45.52
"Feb 1, 2013",46.46,46.60,46.15,46.28,"3,421,100",46.28
"Jan 31, 2013",46.63,46.83,46.19,46.22,"3,008,800",46.22
"Jan 30, 2013",47.03,47.21,46.54,46.77,"4,138,800",46.77
"Jan 29, 2013",46.89,47.24,46.40,47.16,"2,838,600",47.16
"Jan 28, 2013",46.77,47.20,46.60,47.00,"4,163,600",47.00
"Jan 25, 2013",46.42,46.85,46.28,46.84,"3,589,600",46.84
"Jan 24, 2013",45.16,46.83,45.10,46.37,"8,393,700",46.37
"Jan 23, 2013",44.73,45.16,44.67,45.06,"2,224,300",45.06
"Jan 22, 2013",44.83,45.12,44.61,44.97,"2,552,600",44.97
"Jan 18, 2013",44.74,44.98,44.52,44.65,"1,766,000",44.65
"Jan 17, 2013",44.58,45.24,44.58,44.85,"3,651,200",44.85
"Jan 16, 2013",44.53,44.86,44.07,44.63,"2,348,300",44.63
"Jan 15, 2013",43.00,44.69,42.78,44.64,"3,542,700",44.64
"Jan 14, 2013",43.24,43.84,42.87,43.02,"4,359,200",43.02
"Jan 11, 2013",43.31,43.49,42.99,43.34,"2,240,200",43.34
"Jan 10, 2013",42.99,43.38,42.68,43.38,"2,946,200",43.38
"Jan 9, 2013",43.18,43.35,42.59,42.99,"4,621,800",42.99
"Jan 8, 2013",43.63,43.72,43.34,43.36,"2,340,000",43.36
"Jan 7, 2013",44.44,44.46,42.84,43.72,"5,862,400",43.72
"Jan 4, 2013",42.41,44.75,42.22,44.60,"8,772,500",44.60
"Jan 3, 2013",40.76,42.87,39.73,42.33,"18,764,800",42.33
"Jan 2, 2013",44.41,44.60,42.89,42.92,"7,058,300",42.92
"Dec 31, 2012",42.60,44.12,42.60,44.09,"3,404,100",44.09
"Dec 28, 2012",43.10,43.21,42.69,42.70,"2,114,300",42.70
"Dec 27, 2012",42.96,43.30,42.65,43.12,"2,227,900",43.12
"Dec 26, 2012",43.40,43.42,42.60,42.95,"2,623,500",42.95
"Dec 24, 2012",43.58,43.89,43.41,43.46,"1,587,500",43.46
"Dec 21, 2012",43.71,44.10,43.39,43.63,"5,483,500",43.63
"Dec 20, 2012",43.22,44.00,43.20,43.97,"5,205,100",43.97
"Dec 19, 2012",44.04,44.13,43.24,43.28,"5,994,500",43.28
"Dec 18, 2012",44.05,44.34,43.84,44.20,"5,519,800",44.20
"Dec 17, 2012",43.79,44.23,43.33,44.13,"4,976,200",44.13
"Dec 14, 2012",44.90,44.96,43.82,43.83,"3,904,200",43.83
"Dec 13, 2012",44.32,45.28,44.28,44.95,"10,397,300",44.95
"Dec 12, 2012",42.75,44.51,42.25,44.39,"17,707,500",44.39
"Dec 11, 2012",45.65,45.90,42.77,42.94,"28,375,200",42.94
"Dec 10, 2012",46.80,46.90,46.28,46.57,"5,670,900",46.57
"Dec 7, 2012",46.56,47.01,46.43,46.80,"3,985,000",46.80
"Dec 6, 2012",46.58,46.60,45.78,46.43,"5,114,300",46.43
"Dec 5, 2012",48.08,48.24,46.56,46.60,"5,788,400",46.60
"Dec 4, 2012",48.65,48.65,47.40,47.94,"5,949,500",47.94
"Dec 3, 2012",50.04,50.24,48.72,48.76,"8,317,400",48.76
"Nov 30, 2012",50.68,50.80,49.77,50.00,"66,137,200",50.00
"Nov 29, 2012",49.71,50.34,49.62,49.86,"11,412,300",49.86
"Nov 28, 2012",49.51,49.84,49.30,49.58,"4,484,200",49.58
"Nov 27, 2012",50.36,50.55,49.12,49.51,"10,802,400",49.51
"Nov 26, 2012",49.31,49.45,48.61,49.31,"4,008,800",49.31
"Nov 23, 2012",48.10,49.47,47.94,49.41,"1,407,100",49.41
"Nov 21, 2012",47.47,48.06,47.42,48.00,"1,617,000",48.00
"Nov 20, 2012",48.43,48.57,47.35,47.59,"3,612,400",47.59
"Nov 19, 2012",48.70,48.95,48.31,48.47,"2,406,600",48.47
"Nov 16, 2012",47.82,48.81,47.81,48.70,"4,520,600",48.70
"Nov 15, 2012",47.40,48.10,47.25,47.96,"4,318,300",47.96
"Nov 14, 2012",46.93,47.73,46.81,47.18,"3,427,300",47.18
"Nov 13, 2012",46.73,47.47,46.45,46.60,"3,472,400",46.60
"Nov 12, 2012",46.83,46.96,46.46,46.71,"1,644,600",46.71
"Nov 9, 2012",47.87,48.06,46.87,46.99,"4,125,300",46.99
"Nov 8, 2012",47.68,48.18,47.68,48.12,"2,261,800",48.12
"Nov 7, 2012",48.01,48.28,47.40,47.98,"2,211,300",47.98
"Nov 6, 2012",47.89,48.31,47.49,48.00,"2,254,500",48.00
"Nov 5, 2012",47.50,47.86,47.38,47.73,"1,853,400",47.73
"Nov 2, 2012",48.46,48.65,47.67,47.77,"1,885,100",47.77
"Nov 1, 2012",48.40,48.75,48.03,48.50,"3,580,500",48.50
"Oct 31, 2012",48.40,49.00,47.92,48.62,"4,080,400",48.62
"Oct 26, 2012",47.30,47.96,47.28,47.63,"2,281,600",47.63
"Oct 25, 2012",47.42,47.65,47.05,47.30,"2,708,200",47.30
"Oct 24, 2012",47.36,47.53,46.85,47.22,"4,638,900",47.22
"Oct 23, 2012",46.76,47.38,46.52,47.11,"3,349,200",47.11
"Oct 22, 2012",47.20,47.66,46.56,46.95,"2,506,600",46.95
"Oct 19, 2012",47.33,48.40,47.08,47.17,"4,034,100",47.17
"Oct 18, 2012",48.58,48.90,46.06,47.29,"10,520,600",47.29
"Oct 17, 2012",50.34,50.82,45.58,48.24,"16,966,500",48.24
"Oct 16, 2012",49.41,50.42,49.24,50.29,"3,814,700",50.29
"Oct 15, 2012",49.56,49.72,49.05,49.33,"4,158,400",49.33
"Oct 12, 2012",49.44,49.81,48.90,49.25,"5,537,000",49.25
"Oct 11, 2012",50.76,51.17,49.02,49.57,"9,612,000",49.57
"Oct 10, 2012",50.55,51.15,50.28,50.46,"2,586,000",50.46
"Oct 9, 2012",51.05,51.18,50.19,50.21,"3,202,700",50.21
"Oct 8, 2012",51.78,51.80,51.04,51.05,"2,919,000",51.05
"Oct 5, 2012",52.29,52.46,51.53,51.69,"3,202,900",51.69
"Oct 4, 2012",51.75,52.32,51.61,52.07,"6,312,800",52.07
"Oct 3, 2012",51.80,51.85,51.46,51.55,"3,202,100",51.55
"Oct 2, 2012",51.75,51.75,51.20,51.55,"5,244,400",51.55
"Oct 1, 2012",52.00,52.15,51.49,51.61,"5,812,800",51.61
"Sep 28, 2012",51.83,51.99,51.50,51.54,"26,313,000",51.54
"Sep 27, 2012",51.01,52.49,51.01,52.00,"7,688,600",52.00
"Sep 26, 2012",52.50,53.36,52.46,52.86,"3,029,400",52.86
"Sep 25, 2012",52.52,52.90,52.43,52.70,"2,423,000",52.70
"Sep 24, 2012",52.40,52.72,52.35,52.51,"2,403,500",52.51
"Sep 21, 2012",52.77,52.94,52.55,52.94,"3,464,100",52.94
"Sep 20, 2012",51.32,52.79,51.16,52.45,"5,283,600",52.45
"Sep 19, 2012",50.24,51.44,50.24,51.18,"2,603,000",51.18
"Sep 18, 2012",50.04,50.26,49.93,50.25,"2,030,800",50.25
"Sep 17, 2012",49.97,50.26,49.78,50.11,"2,001,800",50.11
"Sep 14, 2012",50.92,51.02,50.05,50.16,"2,710,700",50.16
"Sep 13, 2012",49.62,50.81,49.59,50.74,"2,842,000",50.74
"Sep 12, 2012",49.41,50.10,49.08,49.72,"3,496,500",49.72
"Sep 11, 2012",48.81,49.25,48.51,48.83,"2,344,100",48.83
"Sep 10, 2012",49.53,49.94,48.92,48.97,"2,609,500",48.97
"Sep 7, 2012",50.57,50.67,49.80,49.85,"3,055,200",49.85
"Sep 6, 2012",51.59,51.63,50.22,50.64,"4,509,200",50.64
"Sep 5, 2012",51.92,52.00,50.76,51.06,"5,587,800",51.06
"Sep 4, 2012",51.32,51.33,49.89,50.66,"3,946,200",50.66
"Aug 31, 2012",50.30,51.42,50.29,51.07,"4,392,300",51.07
"Aug 30, 2012",48.33,50.53,48.22,50.07,"8,407,500",50.07
"Aug 29, 2012",48.75,48.91,48.37,48.54,"2,483,600",48.54
"Aug 28, 2012",48.78,48.93,48.61,48.82,"2,428,600",48.82
"Aug 27, 2012",49.41,49.72,48.57,48.85,"4,675,100",48.85
"Aug 24, 2012",49.46,50.21,49.46,49.66,"2,419,700",49.66
"Aug 23, 2012",49.77,50.03,48.19,49.71,"4,561,100",49.71
"Aug 22, 2012",50.64,50.67,50.18,50.54,"1,859,000",50.54
"Aug 21, 2012",50.84,51.15,50.55,50.77,"2,172,700",50.77
"Aug 20, 2012",51.59,51.59,50.65,50.79,"1,737,600",50.79
"Aug 17, 2012",51.11,51.76,51.04,51.35,"1,999,600",51.35
"Aug 16, 2012",50.75,51.55,50.30,51.22,"3,888,900",51.22
"Aug 15, 2012",52.41,52.65,51.69,51.76,"1,335,800",51.76
"Aug 14, 2012",52.62,52.90,52.18,52.31,"1,113,800",52.31
"Aug 13, 2012",51.79,52.59,51.52,52.54,"2,458,400",52.54
"Aug 10, 2012",51.16,51.96,51.10,51.77,"1,971,900",51.77
"Aug 9, 2012",52.15,52.46,51.29,51.35,"1,426,300",51.35
"Aug 8, 2012",52.54,52.63,51.96,52.10,"1,810,100",52.10
"Aug 7, 2012",51.70,52.97,51.61,52.72,"2,164,800",52.72
"Aug 6, 2012",51.96,52.46,51.49,51.54,"1,208,000",51.54
"Aug 3, 2012",52.25,52.25,51.65,51.90,"2,083,000",51.90
"Aug 2, 2012",50.92,51.57,50.88,51.47,"2,333,900",51.47
"Aug 1, 2012",51.38,51.50,50.91,51.06,"2,632,600",51.06
"Jul 31, 2012",51.00,51.26,50.32,51.01,"2,716,100",51.01
"Jul 30, 2012",51.47,51.64,50.37,50.95,"3,375,900",50.95
"Jul 27, 2012",51.45,51.58,50.77,50.99,"3,411,400",50.99
"Jul 26, 2012",51.57,51.97,50.58,51.28,"4,110,600",51.28
"Jul 25, 2012",50.98,51.43,49.42,51.29,"5,258,600",51.29
"Jul 24, 2012",52.61,52.94,52.09,52.48,"3,725,700",52.48
"Jul 23, 2012",51.65,52.52,50.86,52.32,"2,947,700",52.32
"Jul 20, 2012",52.25,53.02,51.41,52.34,"3,240,000",52.34
"Jul 19, 2012",53.87,54.24,52.24,52.29,"5,059,500",52.29
"Jul 18, 2012",55.00,55.33,53.30,53.74,"4,311,500",53.74
"Jul 17, 2012",54.81,55.23,54.42,55.06,"1,378,800",55.06
"Jul 16, 2012",54.50,54.92,54.03,54.61,"2,001,000",54.61
"Jul 13, 2012",54.50,54.64,54.06,54.53,"1,551,500",54.53
"Jul 12, 2012",54.75,54.96,53.95,54.00,"3,073,200",54.00
"Jul 11, 2012",55.51,55.56,54.44,54.92,"1,896,100",54.92
"Jul 10, 2012",55.04,56.04,54.88,55.60,"3,324,300",55.60
"Jul 9, 2012",54.48,55.07,54.40,54.86,"1,496,300",54.86
"Jul 6, 2012",53.99,55.05,53.90,54.59,"1,917,000",54.59
"Jul 5, 2012",53.75,54.57,53.02,54.29,"4,047,600",54.29
"Jul 3, 2012",54.73,54.83,53.23,53.76,"2,343,200",53.76
"Jul 2, 2012",54.61,55.02,54.28,54.73,"2,317,200",54.73
"Jun 29, 2012",54.34,54.69,53.72,54.39,"3,181,100",54.39
"Jun 28, 2012",52.75,53.75,52.61,53.73,"3,299,100",53.73
"Jun 27, 2012",55.23,55.30,53.28,54.02,"4,864,500",54.02
"Jun 26, 2012",53.92,55.18,53.25,54.95,"4,639,000",54.95
"Jun 25, 2012",52.50,53.45,52.29,53.19,"3,847,300",53.19
"Jun 22, 2012",52.45,52.83,52.17,52.60,"8,631,500",52.60
"Jun 21, 2012",52.82,53.06,52.14,52.38,"3,868,900",52.38
"Jun 20, 2012",52.33,52.62,52.02,52.60,"3,232,000",52.60
"Jun 19, 2012",51.67,52.31,51.55,52.20,"3,117,000",52.20
"Jun 18, 2012",52.03,52.25,51.54,51.63,"3,943,300",51.63
"Jun 15, 2012",50.75,52.19,50.53,52.19,"7,469,500",52.19
"Jun 14, 2012",50.50,50.85,50.15,50.55,"4,621,500",50.55
"Jun 13, 2012",50.42,50.70,50.01,50.18,"3,449,000",50.18
"Jun 12, 2012",50.37,50.50,49.63,50.33,"3,631,500",50.33
"Jun 11, 2012",50.75,50.75,49.95,50.18,"3,886,200",50.18
"Jun 8, 2012",48.98,50.75,48.95,50.29,"4,517,800",50.29
"Jun 7, 2012",49.27,49.49,48.60,48.98,"4,736,800",48.98
"Jun 6, 2012",47.66,48.98,47.46,48.70,"22,697,400",48.70
"Jun 5, 2012",46.60,47.58,46.45,46.76,"8,569,900",46.76
"Jun 4, 2012",48.87,48.97,47.63,48.49,"5,194,600",48.49
"Jun 1, 2012",48.42,48.96,48.22,48.62,"5,251,700",48.62
"May 31, 2012",48.46,49.50,48.46,48.91,"4,625,400",48.91
"May 30, 2012",47.97,48.59,47.31,48.56,"3,013,800",48.56
"May 29, 2012",47.95,48.28,47.29,48.06,"2,433,200",48.06
"May 25, 2012",47.70,47.92,47.49,47.58,"1,072,200",47.58
"May 24, 2012",47.07,48.09,46.99,47.65,"2,806,400",47.65
"May 23, 2012",45.71,47.10,45.71,46.90,"2,000,000",46.90
"May 22, 2012",46.40,46.73,45.79,45.90,"2,129,400",45.90
"May 21, 2012",45.61,46.50,45.58,46.35,"2,603,300",46.35
"May 18, 2012",46.09,46.45,45.37,45.65,"2,468,100",45.65
"May 17, 2012",47.00,47.11,45.68,45.99,"3,805,900",45.99
"May 16, 2012",47.00,47.73,46.89,47.61,"2,330,100",47.61
"May 15, 2012",46.83,47.38,46.75,47.00,"1,401,400",47.00
"May 14, 2012",47.05,47.61,46.77,46.82,"1,953,500",46.82
"May 11, 2012",46.80,47.77,46.73,47.17,"2,363,100",47.17
"May 10, 2012",47.16,47.40,46.72,46.95,"2,337,800",46.95
"May 9, 2012",46.60,47.34,46.60,46.84,"2,939,800",46.84
"May 8, 2012",47.97,48.11,46.50,47.10,"3,066,500",47.10
"May 7, 2012",47.41,48.60,47.30,48.21,"3,987,300",48.21
"May 4, 2012",48.00,48.40,47.47,47.56,"1,952,400",47.56
"May 3, 2012",48.27,48.76,47.94,48.08,"2,200,000",48.08
"May 2, 2012",47.65,48.41,47.60,48.19,"1,875,000",48.19
"May 1, 2012",47.51,48.57,47.41,47.80,"1,969,000",47.80
"Apr 30, 2012",48.69,48.74,47.40,47.46,"2,027,200",47.46
"Apr 27, 2012",47.45,48.02,46.98,47.78,"3,735,900",47.78
"Apr 26, 2012",46.29,47.62,46.23,47.41,"4,376,900",47.41
"Apr 25, 2012",45.99,46.38,45.80,46.30,"2,382,200",46.30
"Apr 24, 2012",46.35,46.57,45.44,45.69,"2,708,200",45.69
"Apr 23, 2012",46.70,46.89,46.04,46.50,"1,285,700",46.50
"Apr 20, 2012",46.88,47.17,46.59,46.93,"976,000",46.93
"Apr 19, 2012",46.92,47.08,46.46,46.64,"1,291,300",46.64
"Apr 18, 2012",46.51,47.18,46.37,46.88,"1,723,900",46.88
"Apr 17, 2012",46.22,46.57,45.86,46.55,"2,487,500",46.55
"Apr 16, 2012",46.32,46.44,45.71,45.89,"1,988,100",45.89
"Apr 13, 2012",46.52,46.75,46.15,46.30,"1,887,100",46.30
"Apr 12, 2012",45.84,46.66,45.68,46.63,"1,479,200",46.63
"Apr 11, 2012",45.69,46.16,45.47,45.86,"1,947,300",45.86
"Apr 10, 2012",46.60,46.71,45.34,45.50,"2,405,700",45.50
"Apr 9, 2012",46.66,46.86,46.43,46.54,"1,859,300",46.54
"Apr 5, 2012",46.69,47.40,46.60,47.22,"2,272,900",47.22
"Apr 4, 2012",46.81,46.91,46.42,46.84,"2,334,400",46.84
"Apr 3, 2012",46.77,47.50,46.77,47.00,"1,700,900",47.00
"Apr 2, 2012",46.38,47.12,46.19,46.76,"3,174,400",46.76
"Mar 30, 2012",46.50,46.64,44.44,46.20,"3,562,500",46.20
"Mar 29, 2012",46.21,46.45,45.87,46.27,"4,193,400",46.27
"Mar 28, 2012",45.29,46.28,44.85,46.00,"17,001,000",46.00
"Mar 27, 2012",46.48,46.69,45.70,45.75,"6,228,600",45.75
"Mar 26, 2012",47.36,47.45,46.88,47.26,"1,723,500",47.26
"Mar 23, 2012",47.42,47.59,46.70,47.13,"2,646,500",47.13
"Mar 22, 2012",45.88,46.95,45.44,46.14,"3,521,200",46.14
"Mar 21, 2012",45.41,45.78,44.68,44.75,"2,026,100",44.75
"Mar 20, 2012",44.50,45.27,44.41,45.25,"2,616,900",45.25
"Mar 19, 2012",44.71,45.04,44.29,44.75,"1,607,100",44.75
"Mar 16, 2012",45.13,45.33,44.64,44.69,"1,196,400",44.69
"Mar 15, 2012",44.55,45.75,44.28,45.13,"2,422,700",45.13
"Mar 14, 2012",43.67,44.46,43.67,44.46,"1,199,900",44.46
"Mar 13, 2012",43.82,44.08,43.42,43.86,"1,015,900",43.86
"Mar 12, 2012",44.18,44.32,43.53,43.61,"1,049,700",43.61
"Mar 9, 2012",43.41,44.41,43.25,44.21,"1,689,500",44.21
"Mar 8, 2012",42.60,43.38,42.48,43.38,"1,240,800",43.38
"Mar 7, 2012",42.82,42.86,42.26,42.55,"1,037,600",42.55
"Mar 6, 2012",43.04,43.07,42.46,42.71,"1,435,800",42.71
"Mar 5, 2012",42.85,43.33,42.67,43.20,"1,117,800",43.20
"Mar 2, 2012",42.99,43.10,42.65,42.77,"1,776,600",42.77
"Mar 1, 2012",42.11,43.12,42.04,43.01,"2,619,600",43.01
"Feb 29, 2012",42.40,42.44,41.71,42.06,"1,759,000",42.06
"Feb 28, 2012",41.75,42.30,41.20,42.29,"1,589,600",42.29
"Feb 27, 2012",41.51,41.76,41.39,41.64,"1,584,000",41.64
"Feb 24, 2012",42.14,42.17,41.62,41.67,"1,316,500",41.67
"Feb 23, 2012",41.38,42.29,41.38,42.14,"1,675,300",42.14
"Feb 22, 2012",41.94,42.03,41.23,41.38,"2,078,800",41.38
"Feb 21, 2012",42.56,42.93,41.95,42.13,"1,389,700",42.13
"Feb 17, 2012",42.05,42.50,41.95,42.38,"1,296,400",42.38
"Feb 16, 2012",42.17,42.57,41.75,41.94,"1,719,300",41.94
"Feb 15, 2012",42.51,42.72,42.03,42.27,"1,891,400",42.27
"Feb 14, 2012",41.51,42.50,41.50,42.49,"960,100",42.49
"Feb 13, 2012",42.98,43.15,41.70,41.76,"2,740,000",41.76
"Feb 10, 2012",42.47,42.90,42.16,42.89,"1,236,700",42.89
"Feb 9, 2012",42.26,42.67,41.89,42.67,"1,732,400",42.67
"Feb 8, 2012",42.44,42.72,42.04,42.27,"1,818,800",42.27
"Feb 7, 2012",42.11,42.61,42.11,42.41,"1,621,700",42.41
"Feb 6, 2012",42.03,42.19,41.70,42.02,"1,106,000",42.02
"Feb 3, 2012",42.57,42.57,41.94,41.94,"2,692,400",41.94
"Feb 2, 2012",42.51,43.07,42.30,42.30,"1,602,400",42.30
"Feb 1, 2012",42.79,42.79,42.22,42.32,"1,455,800",42.32
"Jan 31, 2012",42.43,42.65,42.35,42.61,"1,342,500",42.61
"Jan 30, 2012",42.11,42.80,41.93,42.30,"1,411,000",42.30
"Jan 27, 2012",42.29,42.75,42.06,42.09,"1,625,400",42.09
"Jan 26, 2012",42.95,43.00,42.29,42.42,"1,701,700",42.42
"Jan 25, 2012",41.87,42.82,41.64,42.70,"2,400,900",42.70
"Jan 24, 2012",41.28,41.98,41.27,41.82,"2,633,100",41.82
"Jan 23, 2012",41.45,41.58,41.22,41.29,"2,078,900",41.29
"Jan 20, 2012",41.12,41.25,40.71,40.96,"1,575,700",40.96
"Jan 19, 2012",41.63,41.67,40.99,41.22,"1,581,300",41.22
"Jan 18, 2012",41.24,41.50,40.86,41.43,"1,396,000",41.43
"Jan 17, 2012",41.18,41.79,41.18,41.38,"1,305,400",41.38
"Jan 13, 2012",40.16,41.00,39.83,41.00,"1,450,400",41.00
"Jan 12, 2012",40.44,40.55,40.02,40.37,"995,400",40.37
"Jan 11, 2012",40.51,40.69,40.32,40.41,"1,132,500",40.41
"Jan 10, 2012",40.95,41.08,40.43,40.50,"1,882,900",40.50
"Jan 9, 2012",41.04,41.04,40.36,40.85,"1,143,400",40.85
"Jan 6, 2012",41.22,41.26,40.56,40.87,"2,411,900",40.87
"Jan 5, 2012",41.26,41.40,41.01,41.36,"1,265,100",41.36
"Jan 4, 2012",40.91,41.50,40.91,41.36,"1,381,600",41.36
"Jan 3, 2012",41.52,41.57,40.97,41.08,"1,162,500",41.08
"Dec 30, 2011",41.22,41.48,41.10,41.14,"563,600",41.14
"Dec 29, 2011",41.56,41.75,41.10,41.32,"1,020,900",41.32
"Dec 28, 2011",41.53,41.63,41.35,41.45,"1,550,200",41.45
"Dec 27, 2011",41.26,41.67,40.82,41.48,"1,678,100",41.48
"Dec 23, 2011",41.09,41.25,40.88,41.22,"862,900",41.22
"Dec 22, 2011",40.83,41.27,40.50,40.95,"2,220,700",40.95
"Dec 21, 2011",40.95,41.03,40.41,40.72,"2,076,000",40.72
"Dec 20, 2011",40.92,41.09,40.60,40.86,"1,604,300",40.86
"Dec 19, 2011",41.44,41.45,40.24,40.47,"1,762,500",40.47
"Dec 16, 2011",40.88,41.15,40.35,41.02,"2,473,400",41.02
"Dec 15, 2011",41.10,41.65,40.71,40.91,"2,118,800",40.91
"Dec 14, 2011",41.34,41.35,40.31,40.94,"3,058,400",40.94
"Dec 13, 2011",41.87,42.10,41.01,41.45,"3,610,200",41.45
"Dec 12, 2011",40.39,41.50,40.00,41.32,"3,907,500",41.32
"Dec 9, 2011",40.33,40.55,40.02,40.44,"2,451,400",40.44
"Dec 8, 2011",39.44,40.44,39.44,39.99,"5,571,300",39.99
"Dec 7, 2011",39.13,39.70,38.85,39.47,"20,771,500",39.47
"Dec 6, 2011",40.25,40.50,39.60,39.63,"4,241,800",39.63
"Dec 5, 2011",40.98,41.25,40.02,40.58,"3,879,000",40.58
"Dec 2, 2011",40.79,40.79,39.35,39.94,"1,694,900",39.94
"Dec 1, 2011",40.55,41.05,39.99,40.09,"1,123,900",40.09
"Nov 30, 2011",40.47,40.60,39.48,40.57,"1,764,700",40.57
"Nov 29, 2011",38.62,40.08,38.43,39.93,"1,852,900",39.93
"Nov 28, 2011",38.79,39.34,38.57,38.70,"1,165,500",38.70
"Nov 25, 2011",38.69,38.89,38.32,38.32,"492,800",38.32
"Nov 23, 2011",39.30,39.37,38.88,38.93,"548,900",38.93
"Nov 22, 2011",39.09,40.40,39.09,39.39,"1,389,200",39.39
"Nov 21, 2011",39.35,39.44,38.93,39.23,"1,565,700",39.23
"Nov 18, 2011",39.02,39.97,38.81,39.71,"1,760,900",39.71
"Nov 17, 2011",39.47,39.65,38.63,39.06,"1,193,700",39.06
"Nov 16, 2011",40.26,40.44,39.42,39.47,"1,941,100",39.47
"Nov 15, 2011",39.82,40.36,39.74,40.29,"1,148,700",40.29
"Nov 14, 2011",39.85,39.91,39.50,39.72,"602,800",39.72
"Nov 11, 2011",39.16,39.88,38.70,39.86,"746,300",39.86
"Nov 10, 2011",39.12,39.12,38.46,38.96,"698,200",38.96
"Nov 9, 2011",38.90,39.32,38.61,38.71,"782,800",38.71
"Nov 8, 2011",39.31,39.52,38.89,39.45,"985,700",39.45
"Nov 7, 2011",39.27,39.50,38.93,39.20,"582,200",39.20
"Nov 4, 2011",38.86,39.57,38.65,39.26,"909,100",39.26
"Nov 3, 2011",39.13,39.41,38.58,38.92,"1,551,500",38.92
"Nov 2, 2011",39.39,39.61,39.00,39.18,"625,700",39.18
"Nov 1, 2011",38.98,39.67,38.63,39.09,"921,200",39.09
"Oct 31, 2011",38.82,39.92,38.72,39.66,"2,322,000",39.66
"Oct 28, 2011",39.48,40.05,38.52,38.97,"2,254,400",38.97
"Oct 27, 2011",40.25,40.36,39.13,39.77,"2,074,400",39.77
"Oct 26, 2011",40.62,40.71,39.31,39.87,"1,310,200",39.87
"Oct 25, 2011",40.12,40.49,40.01,40.36,"1,354,700",40.36
"Oct 24, 2011",40.02,40.22,39.44,40.01,"2,382,200",40.01
"Oct 21, 2011",40.11,40.27,39.83,40.00,"1,641,400",40.00
"Oct 20, 2011",39.84,40.10,39.40,39.75,"2,109,700",39.75
"Oct 19, 2011",40.08,40.46,39.88,39.92,"1,232,800",39.92
"Oct 18, 2011",39.43,40.26,39.31,40.04,"1,647,900",40.04
"Oct 17, 2011",39.45,39.84,39.05,39.32,"1,215,300",39.32
"Oct 14, 2011",39.09,39.34,38.68,39.33,"1,078,000",39.33
"Oct 13, 2011",38.78,38.92,38.35,38.83,"1,153,900",38.83
"Oct 12, 2011",39.68,39.69,38.76,38.95,"1,919,100",38.95
"Oct 11, 2011",38.46,39.40,38.46,39.07,"1,868,600",39.07
"Oct 10, 2011",38.30,38.47,37.97,38.45,"1,169,100",38.45
"Oct 7, 2011",38.03,38.39,37.36,37.80,"1,500,100",37.80
"Oct 6, 2011",38.00,38.11,37.41,37.88,"2,112,900",37.88
"Oct 5, 2011",37.36,37.87,36.95,37.71,"1,806,100",37.71
"Oct 4, 2011",36.40,37.25,35.83,37.22,"2,109,700",37.22
"Oct 3, 2011",37.71,37.77,36.51,36.82,"2,064,100",36.82
"Sep 30, 2011",37.34,38.39,36.94,37.76,"1,778,000",37.76
"Sep 29, 2011",38.09,38.22,36.69,37.72,"3,239,300",37.72
"Sep 28, 2011",37.31,38.20,37.22,37.78,"2,282,900",37.78
"Sep 27, 2011",37.73,37.92,37.10,37.32,"1,675,400",37.32
"Sep 26, 2011",36.90,37.12,36.41,37.08,"2,341,700",37.08
"Sep 23, 2011",36.00,36.71,35.98,36.55,"2,712,700",36.55
"Sep 22, 2011",36.22,37.54,35.76,36.01,"3,176,800",36.01
"Sep 21, 2011",37.94,37.99,37.05,37.08,"2,208,600",37.08
"Sep 20, 2011",37.95,38.00,37.46,37.65,"3,229,200",37.65
"Sep 19, 2011",37.80,38.25,37.45,37.90,"1,595,600",37.90
"Sep 16, 2011",37.56,38.59,37.52,38.07,"2,535,200",38.07
"Sep 15, 2011",37.25,37.50,37.05,37.39,"2,013,700",37.39
"Sep 14, 2011",36.08,37.10,35.86,37.01,"2,472,300",37.01
"Sep 13, 2011",36.06,36.28,35.22,36.05,"3,631,700",36.05
"Sep 12, 2011",34.93,35.74,34.63,35.74,"3,842,900",35.74
"Sep 9, 2011",34.28,35.05,34.22,34.80,"21,565,400",34.80
"Sep 8, 2011",35.84,35.89,34.80,35.00,"4,622,100",35.00
"Sep 7, 2011",36.71,37.13,36.14,37.13,"1,871,100",37.13
"Sep 6, 2011",35.51,36.59,35.25,36.45,"2,254,400",36.45
"Sep 2, 2011",35.63,36.14,35.03,36.06,"1,792,400",36.06
"Sep 1, 2011",36.54,36.79,35.78,35.97,"1,953,200",35.97
"Aug 31, 2011",36.41,36.86,36.22,36.60,"4,411,400",36.60
"Aug 30, 2011",35.16,36.13,34.60,35.76,"4,536,600",35.76
"Aug 29, 2011",32.74,33.79,32.65,33.79,"2,867,400",33.79
"Aug 26, 2011",32.20,32.76,31.55,32.55,"2,324,900",32.55
"Aug 25, 2011",32.99,33.30,32.13,32.23,"1,616,200",32.23
"Aug 24, 2011",32.45,32.92,32.34,32.84,"1,747,200",32.84
"Aug 23, 2011",32.18,32.49,31.56,32.40,"1,985,300",32.40
"Aug 22, 2011",32.74,32.79,31.76,31.94,"1,928,500",31.94
"Aug 19, 2011",32.24,32.62,31.95,32.08,"1,365,900",32.08
"Aug 18, 2011",31.96,32.66,31.60,32.55,"1,857,700",32.55
"Aug 17, 2011",34.13,34.17,32.47,32.77,"1,711,100",32.77
"Aug 16, 2011",33.02,33.96,32.66,33.79,"3,064,200",33.79
"Aug 15, 2011",31.87,32.33,31.44,32.19,"1,458,800",32.19
"Aug 12, 2011",31.95,31.95,30.94,31.66,"1,097,600",31.66
"Aug 11, 2011",31.03,31.91,30.82,31.62,"1,929,000",31.62
"Aug 10, 2011",31.37,31.65,30.68,30.78,"1,186,800",30.78
"Aug 9, 2011",31.12,31.65,30.33,31.64,"2,134,700",31.64
"Aug 8, 2011",29.98,31.03,29.84,30.46,"5,163,000",30.46
"Aug 5, 2011",30.65,31.04,29.95,30.80,"1,801,500",30.80
"Aug 4, 2011",30.86,31.36,30.32,30.40,"2,425,700",30.40
"Aug 3, 2011",30.41,31.18,30.11,31.05,"1,816,500",31.05
"Aug 2, 2011",31.15,31.30,30.45,30.52,"1,325,600",30.52
"Aug 1, 2011",31.71,31.84,31.00,31.14,"1,761,300",31.14
"Jul 29, 2011",31.25,31.87,31.10,31.46,"3,847,700",31.46
"Jul 28, 2011",31.74,32.20,31.49,31.50,"1,921,900",31.50
"Jul 27, 2011",32.46,32.50,31.61,31.74,"1,836,400",31.74
"Jul 26, 2011",32.67,32.98,32.46,32.50,"889,400",32.50
"Jul 25, 2011",33.10,33.21,32.45,32.48,"1,007,500",32.48
"Jul 22, 2011",33.48,33.64,33.17,33.20,"765,900",33.20
"Jul 21, 2011",33.44,33.72,33.38,33.41,"514,200",33.41
"Jul 20, 2011",33.80,33.80,33.18,33.22,"766,100",33.22
"Jul 19, 2011",33.15,33.97,33.05,33.82,"984,200",33.82
"Jul 18, 2011",33.13,33.18,32.93,33.06,"954,800",33.06
"Jul 15, 2011",33.41,33.65,33.00,33.21,"776,100",33.21
"Jul 14, 2011",33.41,33.64,33.25,33.36,"1,016,400",33.36
"Jul 13, 2011",33.31,33.64,33.24,33.35,"878,000",33.35
"Jul 12, 2011",33.42,33.77,33.21,33.27,"1,798,300",33.27
"Jul 11, 2011",33.66,33.75,33.25,33.28,"677,400",33.28
"Jul 8, 2011",33.82,34.17,33.63,33.86,"547,900",33.86
"Jul 7, 2011",34.14,34.32,33.91,34.13,"1,343,000",34.13
"Jul 6, 2011",34.09,34.28,33.96,34.10,"752,300",34.10
"Jul 5, 2011",34.10,34.47,33.94,34.09,"595,600",34.09
"Jul 1, 2011",33.92,34.24,33.79,34.00,"1,249,600",34.00
"Jun 30, 2011",33.66,34.39,33.53,33.89,"1,313,300",33.89
"Jun 29, 2011",33.26,33.60,32.26,33.42,"2,044,000",33.42
"Jun 28, 2011",33.37,33.52,33.13,33.46,"1,031,500",33.46
"Jun 27, 2011",33.28,33.47,33.05,33.09,"1,723,200",33.09
"Jun 24, 2011",33.59,33.66,33.27,33.44,"2,018,200",33.44
"Jun 23, 2011",33.15,33.94,33.01,33.57,"2,061,000",33.57
"Jun 22, 2011",34.37,34.49,33.96,33.98,"1,079,000",33.98
"Jun 21, 2011",34.47,34.70,34.23,34.40,"1,277,700",34.40
"Jun 20, 2011",33.65,34.27,33.56,34.27,"793,200",34.27
"Jun 17, 2011",33.28,33.96,33.23,33.89,"2,439,000",33.89
"Jun 16, 2011",33.36,33.44,33.05,33.18,"1,425,800",33.18
"Jun 15, 2011",33.22,33.57,33.07,33.36,"1,002,800",33.36
"Jun 14, 2011",33.24,33.55,33.01,33.45,"1,439,500",33.45
"Jun 13, 2011",32.79,33.06,32.40,33.02,"1,851,000",33.02
"Jun 10, 2011",32.69,32.88,32.39,32.57,"2,303,000",32.57
"Jun 9, 2011",32.24,32.94,32.20,32.70,"1,082,600",32.70
"Jun 8, 2011",32.45,32.51,31.90,32.31,"1,272,100",32.31
"Jun 7, 2011",32.39,33.86,32.39,32.43,"2,077,300",32.43
"Jun 6, 2011",31.69,32.44,31.65,32.25,"1,744,000",32.25
"Jun 3, 2011",31.81,32.18,31.31,31.84,"1,934,100",31.84
"Jun 2, 2011",32.01,32.84,31.92,31.97,"5,285,000",31.97
"Jun 1, 2011",32.75,33.42,31.55,31.81,"7,952,300",31.81
"May 31, 2011",34.75,35.09,34.37,35.07,"1,246,800",35.07
"May 27, 2011",34.00,34.75,33.99,34.66,"584,400",34.66
"May 26, 2011",33.27,34.29,33.26,33.89,"2,171,100",33.89
"May 25, 2011",32.70,33.31,32.60,33.16,"1,275,600",33.16
"May 24, 2011",33.04,33.20,32.58,32.75,"875,900",32.75
"May 23, 2011",33.50,34.29,32.56,32.90,"3,015,700",32.90
"May 20, 2011",33.58,33.68,32.97,33.63,"896,700",33.63
"May 19, 2011",34.21,34.79,33.55,33.61,"1,062,000",33.61
"May 18, 2011",33.76,34.06,33.45,34.06,"570,500",34.06
"May 17, 2011",33.43,33.92,33.25,33.62,"945,800",33.62
"May 16, 2011",33.30,33.63,32.97,33.49,"1,009,900",33.49
"May 13, 2011",33.65,33.77,33.14,33.39,"399,200",33.39
"May 12, 2011",33.31,33.72,32.98,33.71,"668,000",33.71
"May 11, 2011",33.13,33.62,32.98,33.42,"1,393,500",33.42
"May 10, 2011",33.11,33.23,32.78,33.09,"736,800",33.09
"May 9, 2011",32.89,33.09,32.60,33.01,"932,900",33.01
"May 6, 2011",32.68,33.00,32.58,32.95,"872,600",32.95
"May 5, 2011",32.72,32.77,32.28,32.51,"1,353,700",32.51
"May 4, 2011",33.06,33.32,32.31,32.72,"953,900",32.72
"May 3, 2011",32.98,33.18,32.63,33.18,"729,800",33.18
"May 2, 2011",32.57,33.09,32.54,33.06,"892,200",33.06
"Apr 29, 2011",33.18,33.18,32.54,32.59,"785,000",32.59
"Apr 28, 2011",32.82,33.58,32.82,33.05,"1,608,800",33.05
"Apr 27, 2011",32.17,32.99,32.09,32.88,"969,200",32.88
"Apr 26, 2011",32.07,32.31,31.77,32.20,"931,600",32.20
"Apr 25, 2011",31.22,32.02,31.17,31.96,"1,082,900",31.96
"Apr 21, 2011",31.16,31.25,30.92,31.17,"825,400",31.17
"Apr 20, 2011",31.57,31.61,30.94,31.00,"1,141,100",31.00
"Apr 19, 2011",31.49,31.71,31.13,31.36,"304,400",31.36
"Apr 18, 2011",31.35,31.70,31.21,31.49,"905,700",31.49
"Apr 15, 2011",31.58,31.67,31.31,31.49,"933,000",31.49
"Apr 14, 2011",31.69,32.00,31.44,31.45,"1,571,200",31.45
"Apr 13, 2011",31.90,32.07,31.50,31.73,"1,252,000",31.73
"Apr 12, 2011",31.60,32.03,31.37,31.81,"2,179,100",31.81
"Apr 11, 2011",31.96,32.01,31.45,31.63,"1,495,000",31.63
"Apr 8, 2011",32.56,32.74,31.66,31.82,"1,440,500",31.82
"Apr 7, 2011",32.31,32.92,32.21,32.51,"1,723,800",32.51
"Apr 6, 2011",32.24,32.61,32.14,32.35,"1,598,800",32.35
"Apr 5, 2011",31.59,32.50,31.41,32.23,"1,287,800",32.23
"Apr 4, 2011",31.61,31.71,31.22,31.60,"1,115,400",31.60
"Apr 1, 2011",31.43,31.70,31.18,31.55,"1,146,700",31.55
"Mar 31, 2011",31.41,31.45,30.86,31.35,"902,800",31.35
"Mar 30, 2011",30.75,31.70,30.67,31.54,"1,948,800",31.54
"Mar 29, 2011",31.42,31.52,30.35,30.52,"5,736,100",30.52
"Mar 28, 2011",31.52,32.08,31.32,31.49,"855,800",31.49
"Mar 25, 2011",31.31,31.72,31.16,31.55,"1,128,200",31.55
"Mar 24, 2011",30.83,31.34,30.76,31.23,"1,170,600",31.23
"Mar 23, 2011",30.90,31.15,30.55,30.61,"1,465,200",30.61
"Mar 22, 2011",31.80,32.10,30.57,30.84,"4,373,600",30.84
"Mar 21, 2011",30.00,30.39,29.90,30.38,"2,121,400",30.38
"Mar 18, 2011",29.97,30.18,29.79,29.85,"3,123,600",29.85
"Mar 17, 2011",29.99,30.00,29.26,29.75,"1,486,100",29.75
"Mar 16, 2011",28.76,29.98,28.76,29.78,"2,095,600",29.78
"Mar 15, 2011",28.41,29.08,28.18,28.88,"1,252,600",28.88
"Mar 14, 2011",28.69,28.74,28.34,28.65,"1,703,100",28.65
"Mar 11, 2011",28.81,29.32,28.36,28.82,"1,910,000",28.82
"Mar 10, 2011",27.90,28.39,27.81,28.11,"1,726,400",28.11
"Mar 9, 2011",28.09,28.21,27.74,28.00,"940,500",28.00
"Mar 8, 2011",28.01,28.46,27.88,28.03,"1,198,400",28.03
"Mar 7, 2011",28.54,28.67,27.56,27.90,"2,581,800",27.90
"Mar 4, 2011",28.05,28.58,27.86,28.47,"1,523,400",28.47
"Mar 3, 2011",28.59,28.77,27.93,27.98,"831,800",27.98
"Mar 2, 2011",28.28,28.50,28.12,28.27,"635,700",28.27
"Mar 1, 2011",28.30,29.02,28.23,28.28,"2,516,000",28.28
"Feb 28, 2011",28.20,28.37,27.99,28.25,"1,061,600",28.25
"Feb 25, 2011",28.36,28.59,27.74,28.00,"1,988,700",28.00
"Feb 24, 2011",27.91,28.68,27.91,28.35,"1,373,700",28.35
"Feb 23, 2011",28.27,28.56,27.71,27.97,"3,876,700",27.97
"Feb 22, 2011",28.94,29.07,28.15,28.48,"1,392,200",28.48
"Feb 18, 2011",29.38,29.50,29.05,29.25,"1,580,700",29.25
"Feb 17, 2011",29.63,29.91,28.90,29.52,"3,762,500",29.52
"Feb 16, 2011",29.32,31.38,29.26,29.64,"14,666,800",29.64
"Feb 15, 2011",26.76,27.03,26.70,26.93,"3,813,900",26.93
"Feb 14, 2011",27.37,27.38,26.65,26.85,"3,109,400",26.85
"Feb 11, 2011",27.58,27.74,27.20,27.24,"1,366,800",27.24
"Feb 10, 2011",27.81,28.06,27.54,27.65,"564,800",27.65
"Feb 9, 2011",28.00,28.25,27.83,27.91,"906,800",27.91
"Feb 8, 2011",28.01,28.22,27.54,28.00,"5,007,900",28.00
"Feb 7, 2011",27.66,27.96,27.33,27.90,"1,487,100",27.90
"Feb 4, 2011",27.60,27.69,27.22,27.47,"1,010,200",27.47
"Feb 3, 2011",27.73,27.97,27.21,27.45,"1,357,000",27.45
"Feb 2, 2011",28.13,28.37,27.50,27.63,"5,701,400",27.63
"Feb 1, 2011",27.99,29.18,27.82,28.85,"2,006,900",28.85
"Jan 31, 2011",28.35,28.42,27.73,27.81,"1,477,000",27.81
"Jan 28, 2011",28.68,28.83,28.31,28.40,"910,600",28.40
"Jan 27, 2011",28.69,28.90,28.53,28.67,"876,500",28.67
"Jan 26, 2011",28.83,29.00,28.50,28.75,"4,809,300",28.75
"Jan 25, 2011",28.85,29.10,28.21,28.70,"2,213,700",28.70
"Jan 24, 2011",29.48,29.49,28.98,29.00,"1,674,300",29.00
"Jan 21, 2011",29.66,29.72,29.22,29.41,"7,111,200",29.41
"Jan 20, 2011",29.32,29.72,29.12,29.48,"1,055,900",29.48
"Jan 19, 2011",30.08,30.15,29.16,29.33,"2,289,100",29.33
"Jan 18, 2011",29.41,30.17,29.40,30.00,"1,701,300",30.00
"Jan 14, 2011",28.88,29.54,28.77,29.46,"2,040,100",29.46
"Jan 13, 2011",29.50,29.52,28.59,28.70,"1,470,100",28.70
"Jan 12, 2011",29.61,29.75,29.36,29.46,"706,700",29.46
"Jan 11, 2011",29.99,30.06,29.47,29.59,"943,000",29.59
"Jan 10, 2011",29.85,30.30,29.74,30.00,"969,200",30.00
"Jan 7, 2011",30.20,30.49,29.60,29.83,"1,687,600",29.83
"Jan 6, 2011",29.74,29.87,29.29,29.80,"2,272,100",29.80
"Jan 5, 2011",29.94,30.19,29.01,30.10,"2,831,200",30.10
"Jan 4, 2011",30.85,30.99,30.23,30.54,"1,282,700",30.54
"Jan 3, 2011",31.00,31.00,30.55,30.67,"800,500",30.67
"Dec 31, 2010",30.61,30.84,30.34,30.67,"572,400",30.67
"Dec 30, 2010",30.75,30.90,30.31,30.58,"2,938,300",30.58
"Dec 29, 2010",30.68,30.83,30.52,30.79,"439,600",30.79
"Dec 28, 2010",30.77,30.78,30.28,30.62,"870,800",30.62
"Dec 27, 2010",30.83,30.98,30.59,30.63,"341,900",30.63
"Dec 23, 2010",31.20,31.25,30.65,30.81,"584,900",30.81
"Dec 22, 2010",31.38,31.49,31.04,31.09,"674,800",31.09
"Dec 21, 2010",31.20,31.43,31.01,31.30,"818,800",31.30
"Dec 20, 2010",30.88,31.24,30.77,30.99,"1,151,700",30.99
"Dec 17, 2010",30.72,30.79,30.59,30.66,"1,272,400",30.66
"Dec 16, 2010",30.65,30.91,30.50,30.70,"1,488,200",30.70
"Dec 15, 2010",30.41,30.84,30.28,30.51,"1,168,600",30.51
"Dec 14, 2010",30.95,31.00,30.29,30.50,"2,136,900",30.50
"Dec 13, 2010",31.21,31.22,30.91,31.00,"1,340,600",31.00
"Dec 10, 2010",30.83,31.34,30.83,31.07,"1,460,800",31.07
"Dec 9, 2010",31.01,31.51,30.77,30.83,"11,532,700",30.83
"Dec 8, 2010",31.49,31.70,30.70,30.84,"1,819,000",30.84
"Dec 7, 2010",31.51,31.80,31.28,31.60,"2,586,000",31.60
"Dec 6, 2010",31.92,32.00,30.58,30.99,"4,422,300",30.99
"Dec 3, 2010",31.77,33.68,31.57,33.43,"2,580,900",33.43
"Dec 2, 2010",32.45,32.48,31.89,31.93,"1,709,300",31.93
"Dec 1, 2010",33.21,33.51,32.23,32.31,"1,296,500",32.31
"Nov 30, 2010",32.51,33.07,32.40,32.84,"706,100",32.84
"Nov 29, 2010",32.54,33.09,32.34,32.78,"1,306,600",32.78
"Nov 26, 2010",32.75,33.42,32.72,32.74,"272,600",32.74
"Nov 24, 2010",33.50,33.58,32.95,33.01,"1,068,800",33.01
"Nov 23, 2010",31.74,33.73,31.74,33.28,"2,483,600",33.28
"Nov 22, 2010",30.78,32.23,30.65,31.98,"1,280,400",31.98
"Nov 19, 2010",30.14,30.98,30.06,30.96,"1,335,500",30.96
"Nov 18, 2010",29.93,30.44,29.92,30.08,"1,848,400",30.08
"Nov 17, 2010",29.17,30.09,29.11,29.71,"1,210,000",29.71
"Nov 16, 2010",28.77,29.38,28.74,29.16,"987,500",29.16
"Nov 15, 2010",29.13,29.46,28.74,28.88,"340,600",28.88
"Nov 12, 2010",29.51,29.67,28.82,29.02,"827,000",29.02
"Nov 11, 2010",28.81,29.85,28.78,29.68,"644,500",29.68
"Nov 10, 2010",28.60,29.23,28.38,29.06,"1,348,500",29.06
"Nov 9, 2010",28.41,28.73,28.25,28.58,"749,900",28.58
"Nov 8, 2010",28.01,28.44,27.35,28.38,"527,600",28.38
"Nov 5, 2010",28.35,28.50,27.29,28.00,"2,020,900",28.00
"Nov 4, 2010",28.83,28.88,28.21,28.35,"828,700",28.35
"Nov 3, 2010",28.84,28.89,28.48,28.55,"504,700",28.55
"Nov 2, 2010",28.12,28.90,28.05,28.64,"1,256,000",28.64
"Nov 1, 2010",28.22,28.31,27.58,27.94,"1,598,700",27.94
"Oct 29, 2010",27.87,28.45,27.74,28.19,"1,135,400",28.19
"Oct 28, 2010",28.02,28.24,27.94,27.94,"581,500",27.94
"Oct 27, 2010",28.15,28.15,27.40,27.94,"1,077,100",27.94
"Oct 26, 2010",28.43,28.47,28.00,28.32,"472,700",28.32
"Oct 25, 2010",28.38,28.87,28.18,28.59,"830,800",28.59
"Oct 22, 2010",28.00,28.27,27.96,28.20,"795,900",28.20
"Oct 21, 2010",28.22,28.56,27.76,27.90,"478,300",27.90
"Oct 20, 2010",28.21,28.47,27.95,28.10,"521,300",28.10
"Oct 19, 2010",29.15,29.32,27.95,28.11,"943,400",28.11
"Oct 18, 2010",28.99,29.34,28.95,29.34,"203,800",29.34
"Oct 15, 2010",29.16,29.20,28.87,28.93,"292,600",28.93
"Oct 14, 2010",29.21,29.25,28.15,29.00,"824,700",29.00
"Oct 13, 2010",29.00,29.32,28.76,29.24,"604,800",29.24
"Oct 12, 2010",29.31,29.68,28.68,28.81,"970,800",28.81
"Oct 11, 2010",30.07,30.07,29.27,29.34,"649,900",29.34
"Oct 8, 2010",29.80,30.13,29.54,30.00,"385,200",30.00
"Oct 7, 2010",29.79,29.98,29.48,29.83,"335,700",29.83
"Oct 6, 2010",29.20,29.76,29.16,29.76,"304,000",29.76
"Oct 5, 2010",29.09,29.38,29.01,29.24,"330,800",29.24
"Oct 4, 2010",29.06,29.51,28.93,28.94,"413,300",28.94
"Oct 1, 2010",29.29,29.41,28.80,29.15,"997,300",29.15
"Sep 30, 2010",29.55,29.66,28.89,29.25,"788,100",29.25
"Sep 29, 2010",29.83,29.90,28.98,29.53,"884,700",29.53
"Sep 28, 2010",29.41,29.83,29.21,29.76,"554,800",29.76
"Sep 27, 2010",28.34,29.38,28.05,29.25,"2,594,300",29.25
"Sep 24, 2010",27.67,28.37,27.61,28.23,"650,700",28.23
"Sep 23, 2010",27.39,28.00,27.29,27.45,"585,100",27.45
"Sep 22, 2010",27.75,27.95,27.47,27.67,"1,424,300",27.67
"Sep 21, 2010",27.86,27.87,27.27,27.73,"893,800",27.73
"Sep 20, 2010",27.43,27.91,27.00,27.80,"802,500",27.80
"Sep 17, 2010",27.66,27.90,27.30,27.42,"666,900",27.42
"Sep 16, 2010",27.52,27.79,27.42,27.68,"957,600",27.68
"Sep 15, 2010",27.42,27.70,27.19,27.47,"927,700",27.47
"Sep 14, 2010",27.24,27.56,27.11,27.40,"710,200",27.40
"Sep 13, 2010",27.68,27.68,27.21,27.42,"604,700",27.42
"Sep 10, 2010",27.31,27.89,27.31,27.45,"561,800",27.45
"Sep 9, 2010",27.94,28.14,27.31,27.33,"1,640,500",27.33
"Sep 8, 2010",27.98,28.24,27.58,27.68,"1,371,800",27.68
"Sep 7, 2010",28.04,28.15,27.87,28.00,"627,000",28.00
"Sep 3, 2010",28.82,29.27,27.94,28.03,"509,800",28.03
"Sep 2, 2010",28.12,28.88,28.02,28.70,"620,700",28.70
"Sep 1, 2010",27.66,28.17,27.45,28.02,"977,200",28.02
"Aug 31, 2010",27.49,27.58,26.64,27.31,"2,336,400",27.31
"Aug 30, 2010",28.19,28.34,27.31,27.38,"1,133,400",27.38
"Aug 27, 2010",28.55,28.65,28.01,28.09,"645,100",28.09
"Aug 26, 2010",28.70,28.86,28.35,28.50,"466,700",28.50
"Aug 25, 2010",28.01,28.50,27.28,28.45,"741,600",28.45
"Aug 24, 2010",28.00,28.46,27.43,28.02,"1,237,700",28.02
"Aug 23, 2010",29.46,29.46,27.21,28.15,"2,039,600",28.15
"Aug 20, 2010",29.01,29.66,29.01,29.44,"553,200",29.44
"Aug 19, 2010",29.36,29.65,28.99,29.00,"648,300",29.00
"Aug 18, 2010",29.52,29.60,29.06,29.39,"690,300",29.39
"Aug 17, 2010",29.14,29.57,29.09,29.36,"352,000",29.36
"Aug 16, 2010",28.72,29.24,28.57,29.08,"361,100",29.08
"Aug 13, 2010",28.99,29.09,28.48,28.76,"447,500",28.76
"Aug 12, 2010",28.16,29.03,28.10,29.00,"671,600",29.00
"Aug 11, 2010",29.32,29.65,28.23,28.44,"908,600",28.44
"Aug 10, 2010",29.52,29.63,29.10,29.35,"754,200",29.35
"Aug 9, 2010",29.46,30.02,29.24,29.66,"602,600",29.66
"Aug 6, 2010",29.33,29.59,29.10,29.44,"562,000",29.44
"Aug 5, 2010",29.84,29.86,29.00,29.59,"1,250,500",29.59
"Aug 4, 2010",29.32,30.20,29.32,30.10,"493,900",30.10
"Aug 3, 2010",29.60,29.65,29.04,29.33,"592,200",29.33
"Aug 2, 2010",29.52,29.72,29.25,29.51,"546,700",29.51
"Jul 30, 2010",28.59,29.27,28.34,29.18,"718,800",29.18
"Jul 29, 2010",29.65,29.94,28.60,28.72,"561,100",28.72
"Jul 28, 2010",29.39,29.98,28.95,29.50,"1,665,800",29.50
"Jul 27, 2010",29.69,29.77,28.95,29.36,"542,200",29.36
"Jul 26, 2010",29.58,30.00,29.39,29.69,"691,500",29.69
"Jul 23, 2010",29.03,29.46,28.91,29.37,"770,400",29.37
"Jul 22, 2010",29.06,29.32,28.80,28.98,"388,300",28.98
"Jul 21, 2010",29.67,29.67,28.71,28.92,"791,600",28.92
"Jul 20, 2010",29.00,29.53,28.78,29.52,"640,600",29.52
"Jul 19, 2010",29.20,29.57,29.02,29.27,"724,300",29.27
"Jul 16, 2010",29.78,29.78,28.98,29.09,"1,425,500",29.09
"Jul 15, 2010",28.29,30.17,28.17,29.80,"1,981,600",29.80
"Jul 14, 2010",27.71,28.46,27.62,28.23,"1,069,600",28.23
"Jul 13, 2010",27.64,27.90,27.43,27.70,"672,600",27.70
"Jul 12, 2010",28.12,28.12,27.28,27.47,"1,033,200",27.47
"Jul 9, 2010",27.60,28.15,27.36,28.14,"866,400",28.14
"Jul 8, 2010",28.13,28.39,27.34,27.63,"1,826,600",27.63
"Jul 7, 2010",27.44,27.97,26.61,27.95,"3,463,700",27.95
"Jul 6, 2010",28.16,28.40,27.77,28.00,"560,000",28.00
"Jul 2, 2010",28.28,28.59,27.85,28.01,"424,700",28.01
"Jul 1, 2010",27.51,28.16,27.37,28.13,"1,658,000",28.13
"Jun 30, 2010",28.28,28.72,27.21,27.55,"1,636,800",27.55
"Jun 29, 2010",28.39,28.73,27.84,28.39,"1,157,900",28.39
"Jun 28, 2010",29.07,29.13,28.74,28.91,"310,500",28.91
"Jun 25, 2010",29.00,29.34,28.16,29.08,"2,382,600",29.08
"Jun 24, 2010",29.09,29.16,28.66,29.13,"881,200",29.13
"Jun 23, 2010",29.03,29.41,28.76,29.13,"1,023,800",29.13
"Jun 22, 2010",29.64,30.08,28.78,28.89,"2,754,400",28.89
"Jun 21, 2010",30.39,30.39,29.50,29.63,"1,226,500",29.63
"Jun 18, 2010",29.71,30.29,29.68,30.15,"739,300",30.15
"Jun 17, 2010",30.26,30.49,29.50,29.90,"909,600",29.90
"Jun 16, 2010",29.98,30.53,29.89,30.30,"1,516,800",30.30
"Jun 15, 2010",30.19,30.50,29.49,30.00,"1,501,100",30.00
"Jun 14, 2010",30.18,30.66,29.90,30.22,"2,304,900",30.22
"Jun 11, 2010",29.69,30.01,29.41,29.97,"485,700",29.97
"Jun 10, 2010",30.95,31.23,29.66,29.98,"1,345,000",29.98
"Jun 9, 2010",30.19,30.45,29.85,30.00,"1,581,400",30.00
"Jun 8, 2010",30.35,30.35,29.25,29.83,"3,250,900",29.83
"Jun 7, 2010",30.19,30.50,28.84,29.23,"1,242,800",29.23
"Jun 4, 2010",30.25,30.50,29.58,30.04,"895,800",30.04
"Jun 3, 2010",31.06,31.41,30.29,30.70,"773,600",30.70
"Jun 2, 2010",30.84,31.36,30.61,31.36,"1,251,100",31.36
"Jun 1, 2010",30.23,30.98,30.08,30.54,"667,200",30.54
"May 28, 2010",30.46,30.82,30.14,30.23,"968,700",30.23
"May 27, 2010",31.07,31.21,30.36,30.64,"1,256,000",30.64
"May 26, 2010",31.00,31.38,30.22,30.44,"4,955,600",30.44
"May 25, 2010",29.38,30.64,29.23,30.61,"1,768,800",30.61
"May 24, 2010",29.60,30.34,29.54,30.01,"1,703,300",30.01
"May 21, 2010",28.74,29.83,28.63,29.55,"1,039,500",29.55
"May 20, 2010",29.31,29.56,28.91,29.03,"969,900",29.03
"May 19, 2010",29.24,30.20,29.13,29.70,"949,400",29.70
"May 18, 2010",29.71,29.96,29.06,29.29,"763,100",29.29
"May 17, 2010",29.36,30.00,29.06,29.45,"1,259,900",29.45
"May 14, 2010",29.39,29.73,29.01,29.27,"2,256,400",29.27
"May 13, 2010",29.36,29.94,28.98,29.44,"1,661,400",29.44
"May 12, 2010",28.28,29.48,28.14,29.36,"1,070,400",29.36
"May 11, 2010",27.31,28.36,27.31,27.98,"686,400",27.98
"May 10, 2010",27.90,28.65,27.32,27.72,"1,048,200",27.72
"May 7, 2010",27.90,28.13,26.74,27.19,"1,395,700",27.19
"May 6, 2010",28.35,29.05,27.59,27.91,"1,625,600",27.91
"May 5, 2010",28.29,28.76,28.14,28.52,"556,000",28.52
"May 4, 2010",28.55,28.93,27.87,28.64,"754,800",28.64
"May 3, 2010",28.59,29.29,28.43,29.02,"424,200",29.02
"Apr 30, 2010",29.13,29.24,28.32,28.57,"879,600",28.57
"Apr 29, 2010",29.06,29.45,28.58,29.13,"830,100",29.13
"Apr 28, 2010",29.03,29.91,28.54,29.01,"795,200",29.01
"Apr 27, 2010",29.34,29.74,28.94,28.99,"952,900",28.99
"Apr 26, 2010",28.55,29.70,28.43,29.58,"1,181,100",29.58
"Apr 23, 2010",29.67,29.69,29.17,29.38,"668,300",29.38
"Apr 22, 2010",28.01,29.62,28.00,29.53,"1,441,400",29.53
"Apr 21, 2010",28.20,28.45,27.90,28.19,"1,229,100",28.19
"Apr 20, 2010",29.25,29.25,28.08,28.25,"1,273,300",28.25
"Apr 19, 2010",28.60,29.55,28.12,29.01,"1,889,200",29.01
"Apr 16, 2010",27.00,28.88,27.00,28.60,"3,306,900",28.60
"Apr 15, 2010",27.50,27.63,26.95,27.00,"11,184,100",27.00
"Apr 14, 2010",27.15,27.86,26.69,27.52,"1,010,100",27.52
"Apr 13, 2010",26.25,27.18,26.19,27.03,"1,792,000",27.03
"Apr 12, 2010",26.45,26.58,26.18,26.24,"252,100",26.24
"Apr 9, 2010",26.60,26.64,26.25,26.47,"305,300",26.47
"Apr 8, 2010",26.60,26.76,26.23,26.51,"210,300",26.51
"Apr 7, 2010",27.02,27.10,26.43,26.55,"731,700",26.55
"Apr 6, 2010",26.11,27.01,26.08,27.01,"716,600",27.01
"Apr 5, 2010",25.73,25.80,25.39,25.80,"621,500",25.80
"Apr 1, 2010",25.35,25.80,25.29,25.52,"1,232,200",25.52
"Mar 31, 2010",26.40,26.40,24.85,25.25,"1,212,100",25.25
"Mar 30, 2010",25.50,25.91,25.20,25.79,"553,100",25.79
"Mar 29, 2010",25.23,25.60,25.16,25.35,"336,700",25.35
"Mar 26, 2010",24.59,25.18,24.35,24.99,"793,000",24.99
"Mar 25, 2010",25.44,25.48,24.29,24.43,"367,900",24.43
"Mar 24, 2010",25.17,25.97,25.00,25.25,"1,307,200",25.25
"Mar 23, 2010",25.00,25.25,24.90,25.18,"152,500",25.18
"Mar 22, 2010",25.56,25.72,24.95,25.01,"234,000",25.01
"Mar 19, 2010",25.60,25.75,25.00,25.60,"741,400",25.60
"Mar 18, 2010",25.88,25.93,25.23,25.24,"156,700",25.24
"Mar 17, 2010",25.11,26.51,24.94,25.82,"503,500",25.82
"Mar 16, 2010",25.02,25.20,24.86,25.12,"109,300",25.12
"Mar 15, 2010",25.16,25.25,24.87,25.03,"195,600",25.03
"Mar 12, 2010",25.14,25.25,24.98,25.13,"55,300",25.13
"Mar 11, 2010",24.99,25.19,24.81,25.11,"99,800",25.11
"Mar 10, 2010",25.11,25.18,24.91,25.06,"248,200",25.06
"Mar 9, 2010",24.55,25.24,24.50,25.12,"185,200",25.12
"Mar 8, 2010",24.55,24.88,24.51,24.67,"144,800",24.67
"Mar 5, 2010",24.25,24.74,24.18,24.52,"189,900",24.52
"Mar 4, 2010",24.02,24.40,23.99,24.20,"149,900",24.20
"Mar 3, 2010",24.00,24.11,23.82,23.99,"114,700",23.99
"Mar 2, 2010",24.13,24.30,23.77,24.04,"279,500",24.04
"Mar 1, 2010",24.01,24.57,23.88,24.09,"271,500",24.09
"Feb 26, 2010",23.91,23.96,23.51,23.89,"265,000",23.89
"Feb 25, 2010",23.82,24.07,23.52,23.80,"258,000",23.80
"Feb 24, 2010",23.81,24.35,23.75,24.16,"208,400",24.16
"Feb 23, 2010",23.20,23.73,23.10,23.64,"134,300",23.64
"Feb 22, 2010",23.50,23.52,23.09,23.24,"155,500",23.24
"Feb 19, 2010",23.29,23.96,23.29,23.58,"187,600",23.58
"Feb 18, 2010",22.64,23.50,22.50,23.28,"121,400",23.28
"Feb 17, 2010",23.04,23.39,22.59,22.76,"189,800",22.76
"Feb 16, 2010",22.65,23.07,22.27,23.03,"248,000",23.03
"Feb 12, 2010",21.91,22.55,21.88,22.55,"125,600",22.55
"Feb 11, 2010",21.97,22.18,21.95,22.06,"107,600",22.06
"Feb 10, 2010",22.38,22.38,21.87,22.05,"403,900",22.05
"Feb 9, 2010",22.49,22.76,22.27,22.56,"220,700",22.56
"Feb 8, 2010",21.88,22.63,21.76,22.39,"208,100",22.39
"Feb 5, 2010",22.41,22.57,21.30,21.71,"1,137,100",21.71
"Feb 4, 2010",23.64,23.75,22.35,22.47,"714,000",22.47
"Feb 3, 2010",23.60,23.86,23.41,23.84,"827,700",23.84
"Feb 2, 2010",23.33,23.72,23.19,23.63,"208,300",23.63
"Feb 1, 2010",23.68,23.68,23.13,23.37,"407,500",23.37
"Jan 29, 2010",24.00,24.00,23.23,23.49,"337,800",23.49
"Jan 28, 2010",23.79,24.12,23.39,23.84,"131,400",23.84
"Jan 27, 2010",23.60,23.60,23.37,23.55,"175,300",23.55
"Jan 26, 2010",23.40,23.68,23.32,23.53,"164,800",23.53
"Jan 25, 2010",23.64,23.64,23.06,23.35,"119,500",23.35
"Jan 22, 2010",23.99,24.04,22.77,23.34,"892,700",23.34
"Jan 21, 2010",24.53,24.72,23.90,23.98,"203,300",23.98
"Jan 20, 2010",24.51,24.80,24.25,24.51,"589,800",24.51
"Jan 19, 2010",24.40,24.90,24.23,24.55,"679,300",24.55
"Jan 15, 2010",24.44,24.50,24.10,24.36,"202,100",24.36
"Jan 14, 2010",24.18,24.20,23.93,24.20,"201,500",24.20
"Jan 13, 2010",23.95,24.40,23.81,24.30,"596,300",24.30
"Jan 12, 2010",23.85,24.00,23.56,23.95,"517,700",23.95
"Jan 11, 2010",23.85,24.08,23.76,24.00,"253,500",24.00
"Jan 8, 2010",23.64,24.15,23.32,23.87,"967,300",23.87
"Jan 7, 2010",23.55,23.78,23.40,23.74,"360,700",23.74
"Jan 6, 2010",23.60,23.90,23.41,23.58,"968,100",23.58
"Jan 5, 2010",23.00,23.26,22.96,23.26,"283,600",23.26
"Jan 4, 2010",22.55,23.40,22.40,23.08,"437,200",23.08
"Dec 31, 2009",22.80,22.84,22.38,22.43,"156,700",22.43
"Dec 30, 2009",22.52,22.80,22.52,22.61,"173,300",22.61
"Dec 29, 2009",22.69,22.80,22.53,22.61,"123,500",22.61
"Dec 28, 2009",22.15,22.68,22.15,22.62,"804,300",22.62
"Dec 24, 2009",22.46,22.60,22.10,22.15,"254,300",22.15
"Dec 23, 2009",23.22,23.25,22.40,22.41,"1,103,000",22.41
"Dec 22, 2009",22.58,22.61,22.30,22.40,"766,100",22.40
"Dec 21, 2009",22.50,22.61,22.17,22.60,"536,400",22.60
"Dec 18, 2009",22.61,22.61,22.11,22.57,"2,105,100",22.57
"Dec 17, 2009",22.75,22.75,22.08,22.44,"634,000",22.44
"Dec 16, 2009",22.84,23.05,22.55,22.73,"585,400",22.73
"Dec 15, 2009",22.80,22.89,22.52,22.69,"700,100",22.69
"Dec 14, 2009",23.29,23.33,22.75,22.80,"489,100",22.80
"Dec 11, 2009",23.60,23.74,23.11,23.34,"600,300",23.34
"Dec 10, 2009",24.77,24.77,23.39,23.70,"848,400",23.70
"Dec 9, 2009",23.63,24.12,23.50,24.00,"609,400",24.00
"Dec 8, 2009",23.50,23.75,23.00,23.63,"652,900",23.63
"Dec 7, 2009",23.77,23.77,23.28,23.63,"271,500",23.63
"Dec 4, 2009",23.47,23.98,23.30,23.85,"318,100",23.85
"Dec 3, 2009",23.82,23.82,23.00,23.31,"410,000",23.31
"Dec 2, 2009",23.29,23.75,23.25,23.60,"571,300",23.60
"Dec 1, 2009",23.44,23.57,23.00,23.31,"803,500",23.31
"Nov 30, 2009",23.12,23.12,22.62,23.00,"853,000",23.00
"Nov 27, 2009",22.74,23.30,22.74,23.15,"141,400",23.15
"Nov 25, 2009",23.00,23.80,22.99,23.74,"362,600",23.74
"Nov 24, 2009",23.60,23.65,23.25,23.50,"633,100",23.50
"Nov 23, 2009",23.70,23.98,23.18,23.40,"741,100",23.40
"Nov 20, 2009",22.50,23.33,22.50,23.21,"1,080,900",23.21
"Nov 19, 2009",22.27,23.14,22.27,22.87,"1,031,500",22.87
"Nov 18, 2009",23.00,23.02,22.50,22.55,"918,300",22.55
"Nov 17, 2009",23.03,23.17,22.50,23.04,"1,328,000",23.04
"Nov 16, 2009",22.90,23.10,22.13,23.10,"2,080,000",23.10
"Nov 13, 2009",22.00,23.10,21.75,22.73,"22,079,100",22.73
"Jan 14, 2010",24.18,24.20,23.93,24.20,"201,500",24.20
"Jan 13, 2010",23.95,24.40,23.81,24.30,"596,300",24.30
"Jan 12, 2010",23.85,24.00,23.56,23.95,"517,700",23.95
"Jan 11, 2010",23.85,24.08,23.76,24.00,"253,500",24.00
"Jan 8, 2010",23.64,24.15,23.32,23.87,"967,300",23.87
"Jan 7, 2010",23.55,23.78,23.40,23.74,"360,700",23.74
"Jan 6, 2010",23.60,23.90,23.41,23.58,"968,100",23.58
"Jan 5, 2010",23.00,23.26,22.96,23.26,"283,600",23.26
"Jan 4, 2010",22.55,23.40,22.40,23.08,"437,200",23.08
"Dec 31, 2009",22.80,22.84,22.38,22.43,"156,700",22.43
"Dec 30, 2009",22.52,22.80,22.52,22.61,"173,300",22.61
"Dec 29, 2009",22.69,22.80,22.53,22.61,"123,500",22.61
"Dec 28, 2009",22.15,22.68,22.15,22.62,"804,300",22.62
"Dec 24, 2009",22.46,22.60,22.10,22.15,"254,300",22.15
"Dec 23, 2009",23.22,23.25,22.40,22.41,"1,103,000",22.41
"Dec 22, 2009",22.58,22.61,22.30,22.40,"766,100",22.40
"Dec 21, 2009",22.50,22.61,22.17,22.60,"536,400",22.60
"Dec 18, 2009",22.61,22.61,22.11,22.57,"2,105,100",22.57
"Dec 17, 2009",22.75,22.75,22.08,22.44,"634,000",22.44
"Dec 16, 2009",22.84,23.05,22.55,22.73,"585,400",22.73
"Dec 15, 2009",22.80,22.89,22.52,22.69,"700,100",22.69
"Dec 14, 2009",23.29,23.33,22.75,22.80,"489,100",22.80
"Dec 11, 2009",23.60,23.74,23.11,23.34,"600,300",23.34
"Dec 10, 2009",24.77,24.77,23.39,23.70,"848,400",23.70
"Dec 9, 2009",23.63,24.12,23.50,24.00,"609,400",24.00
"Dec 8, 2009",23.50,23.75,23.00,23.63,"652,900",23.63
"Dec 7, 2009",23.77,23.77,23.28,23.63,"271,500",23.63
"Dec 4, 2009",23.47,23.98,23.30,23.85,"318,100",23.85
"Dec 3, 2009",23.82,23.82,23.00,23.31,"410,000",23.31
"Dec 2, 2009",23.29,23.75,23.25,23.60,"571,300",23.60
"Dec 1, 2009",23.44,23.57,23.00,23.31,"803,500",23.31
"Nov 30, 2009",23.12,23.12,22.62,23.00,"853,000",23.00
"Nov 27, 2009",22.74,23.30,22.74,23.15,"141,400",23.15
"Nov 25, 2009",23.00,23.80,22.99,23.74,"362,600",23.74
"Nov 24, 2009",23.60,23.65,23.25,23.50,"633,100",23.50
"Nov 23, 2009",23.70,23.98,23.18,23.40,"741,100",23.40
"Nov 20, 2009",22.50,23.33,22.50,23.21,"1,080,900",23.21
"Nov 19, 2009",22.27,23.14,22.27,22.87,"1,031,500",22.87
"Nov 18, 2009",23.00,23.02,22.50,22.55,"918,300",22.55
"Nov 17, 2009",23.03,23.17,22.50,23.04,"1,328,000",23.04
"Nov 16, 2009",22.90,23.10,22.13,23.10,"2,080,000",23.10
"Nov 13, 2009",22.00,23.10,21.75,22.73,"22,079,100",22.73
