"Jul 1, 2014",72.81,74.57,72.80,74.39,"737,200",37.19
"Jun 30, 2014",72.20,73.67,72.20,72.59,"795,600",36.29
"Jun 27, 2014",71.96,72.47,71.86,72.29,"1,296,000",36.15
"Jun 26, 2014",73.33,73.33,70.91,72.08,"1,048,800",36.04
"Jun 25, 2014",72.64,73.93,72.52,73.41,"492,600",36.71
"Jun 24, 2014",73.65,74.16,73.43,73.57,"341,800",36.78
"Jun 23, 2014",73.24,74.66,72.78,73.60,"431,200",36.80
"Jun 20, 2014",74.94,74.94,72.93,73.29,"1,603,000",36.65
"Jun 19, 2014",76.22,76.22,74.81,74.90,"930,200",37.45
"Jun 18, 2014",76.49,76.49,75.01,76.01,"505,200",38.01
"Jun 17, 2014",76.01,76.47,75.65,76.37,"1,376,400",38.19
"Jun 16, 2014",76.58,76.58,75.65,76.27,"885,200",38.13
"Jun 13, 2014",77.40,77.65,76.33,76.50,"780,600",38.25
"Jun 12, 2014",77.51,77.79,77.01,77.30,"466,400",38.65
"Jun 11, 2014",78.36,78.82,77.16,77.44,"932,800",38.72
"Jun 10, 2014",78.63,78.88,77.90,78.68,"1,165,600",39.34
"Jun 9, 2014",78.56,79.91,78.56,78.82,"836,200",39.41
"Jun 6, 2014",78.09,79.07,78.04,78.76,"1,191,400",39.38
"Jun 5, 2014",77.45,79.37,77.44,78.48,"1,417,600",39.24
"Jun 4, 2014",77.25,78.29,76.89,77.59,"1,358,000",38.79
"Jun 3, 2014",76.06,77.36,76.06,77.23,"1,699,000",38.62
"Jun 2, 2014",75.04,76.90,75.04,76.60,"1,387,800",38.30
"May 30, 2014",75.25,75.85,74.80,74.95,"3,072,600",37.47
"May 29, 2014",76.78,76.98,75.35,75.68,"829,600",37.84
"May 28, 2014",75.77,77.17,75.42,76.79,"1,040,800",38.40
"May 27, 2014",75.26,76.24,74.64,75.85,"1,177,800",37.92
"May 23, 2014",72.89,75.17,72.89,75.11,"1,632,400",37.56
"May 22, 2014",71.96,73.12,71.49,72.88,"1,202,000",36.44
"May 21, 2014",69.33,73.08,69.14,72.01,"6,767,200",36.01
"May 20, 2014",68.83,69.28,68.12,68.50,"1,750,800",34.25
"May 19, 2014",67.35,69.16,67.35,68.67,"2,099,000",34.33
"May 16, 2014",67.01,67.98,66.87,67.89,"1,387,000",33.94
"May 15, 2014",67.18,67.67,66.59,67.20,"1,909,200",33.60
"May 14, 2014",67.36,67.52,66.37,67.13,"3,113,600",33.56
"May 13, 2014",68.15,68.38,67.25,67.29,"1,108,800",33.65
"May 12, 2014",67.10,68.14,67.10,67.78,"1,054,000",33.89
"May 9, 2014",68.15,68.15,66.92,66.98,"1,615,200",33.49
"May 8, 2014",67.19,69.19,66.74,68.20,"2,351,200",34.10
"May 7, 2014",68.18,68.50,66.80,66.95,"1,991,000",33.47
"May 6, 2014",72.00,72.00,67.74,68.29,"4,826,200",34.15
"May 5, 2014",70.48,71.71,70.29,71.51,"2,786,600",35.76
"May 2, 2014",70.77,71.10,70.58,70.74,"1,732,200",35.37
"May 1, 2014",70.48,71.08,70.05,70.61,"1,682,000",35.31
"Apr 30, 2014",70.00,70.55,69.42,70.13,"1,361,200",35.06
"Apr 29, 2014",70.20,70.32,69.80,69.95,"1,588,800",34.97
"Apr 28, 2014",71.67,71.99,69.58,70.13,"1,628,400",35.06
"Apr 25, 2014",71.95,71.95,71.42,71.54,"699,400",35.77
"Apr 24, 2014",72.56,72.68,71.95,71.98,"1,119,000",35.99
"Apr 23, 2014",72.68,73.10,72.11,72.16,"1,113,200",36.08
"Apr 22, 2014",72.50,73.34,72.38,72.59,"1,529,400",36.29
"Apr 21, 2014",72.75,73.26,72.16,72.44,"818,200",36.22
"Apr 17, 2014",72.52,72.97,72.40,72.75,"910,000",36.38
"Apr 16, 2014",71.91,72.78,71.91,72.70,"1,009,200",36.35
"Apr 15, 2014",72.27,72.64,70.37,71.77,"1,714,800",35.88
"Apr 14, 2014",73.19,73.25,72.13,72.26,"1,105,800",36.13
"Apr 11, 2014",73.91,74.39,72.67,72.83,"890,000",36.42
"Apr 10, 2014",75.50,75.51,74.19,74.32,"1,050,000",37.16
"Apr 9, 2014",75.22,75.90,75.00,75.55,"884,800",37.78
"Apr 8, 2014",75.44,75.59,74.24,74.90,"1,024,400",37.45
"Apr 7, 2014",77.55,77.62,74.71,75.45,"1,094,400",37.72
"Apr 4, 2014",79.44,79.44,77.62,77.62,"882,600",38.81
"Apr 3, 2014",78.68,79.24,78.37,78.57,"466,600",39.28
"Apr 2, 2014",78.58,79.31,78.36,78.72,"518,400",39.36
"Apr 1, 2014",77.48,78.45,77.26,78.39,"582,200",39.19
"Mar 31, 2014",76.69,77.58,76.56,77.06,"513,200",38.53
"Mar 28, 2014",76.05,76.64,75.71,76.50,"660,000",38.25
"Mar 27, 2014",75.88,76.27,75.28,75.72,"701,600",37.86
"Mar 26, 2014",77.02,77.44,76.12,76.14,"757,200",38.07
"Mar 25, 2014",77.03,77.48,76.34,76.57,"638,000",38.28
"Mar 24, 2014",77.99,77.99,76.52,76.88,"852,200",38.44
"Mar 21, 2014",77.53,78.56,76.93,77.79,"1,078,400",38.90
"Mar 20, 2014",77.07,77.77,76.83,77.02,"1,095,800",38.51
"Mar 19, 2014",77.51,78.02,77.36,77.39,"1,400,600",38.69
"Mar 18, 2014",77.30,78.07,77.08,77.65,"1,405,000",38.83
"Mar 17, 2014",78.00,78.00,77.16,77.35,"1,164,000",38.67
"Mar 14, 2014",78.18,78.82,76.91,77.73,"1,030,600",38.87
"Mar 13, 2014",79.65,79.97,78.07,78.16,"1,170,800",39.08
"Mar 12, 2014",78.41,79.40,78.34,79.26,"1,326,600",39.63
"Mar 11, 2014",80.22,80.23,78.51,78.86,"860,800",39.43
"Mar 10, 2014",78.91,80.56,78.91,80.00,"1,179,200",40.00
"Mar 7, 2014",79.92,80.34,79.21,79.30,"918,200",39.65
"Mar 6, 2014",78.27,80.36,78.00,79.75,"1,695,600",39.88
"Mar 5, 2014",78.36,79.00,78.18,78.41,"1,160,200",39.21
"Mar 4, 2014",76.85,78.62,76.85,78.20,"555,200",39.10
"Mar 3, 2014",76.66,76.94,75.87,76.43,"655,200",38.22
"Feb 28, 2014",76.50,77.97,76.50,77.13,"1,199,600",38.56
"Feb 27, 2014",76.22,76.91,75.20,76.32,"627,200",38.16
"Feb 26, 2014",76.54,77.78,75.85,76.06,"799,400",38.03
"Feb 25, 2014",77.05,77.46,76.25,76.50,"636,800",38.25
"Feb 24, 2014",77.62,77.89,77.14,77.17,"899,000",38.58
"Feb 21, 2014",76.58,77.57,75.91,77.33,"1,053,400",38.67
"Feb 20, 2014",75.64,76.60,75.56,76.56,"720,800",38.28
"Feb 19, 2014",74.45,76.30,74.45,75.41,"623,600",37.71
"Feb 18, 2014",75.20,75.67,74.11,74.63,"608,800",37.31
"Feb 14, 2014",73.30,75.17,72.80,74.78,"799,200",37.39
"Feb 13, 2014",73.85,74.71,72.54,72.85,"849,000",36.42
"Feb 12, 2014",76.14,76.52,75.60,76.07,"529,400",38.03
"Feb 11, 2014",75.63,77.10,75.63,76.05,"574,000",38.03
"Feb 10, 2014",76.03,76.03,75.56,75.80,"255,800",37.90
"Feb 7, 2014",75.82,76.40,75.32,76.02,"566,600",38.01
"Feb 6, 2014",73.50,75.73,73.18,75.35,"898,600",37.67
"Feb 5, 2014",72.29,74.00,71.81,73.39,"467,200",36.69
"Feb 4, 2014",72.64,73.03,71.86,72.52,"540,800",36.26
"Feb 3, 2014",73.83,73.83,72.06,72.31,"697,000",36.15
"Jan 31, 2014",73.02,74.56,72.77,73.72,"547,200",36.86
"Jan 30, 2014",73.03,75.54,72.81,73.98,"1,386,000",36.99
"Jan 29, 2014",71.21,72.85,70.88,72.60,"1,066,600",36.30
"Jan 28, 2014",72.01,72.52,71.36,72.11,"788,200",36.06
"Jan 27, 2014",73.78,73.92,71.26,71.77,"750,400",35.88
"Jan 24, 2014",74.30,74.30,73.37,73.59,"1,394,000",36.79
"Jan 23, 2014",73.74,74.25,73.43,73.98,"1,527,000",36.99
"Jan 22, 2014",74.14,74.42,73.72,74.30,"790,600",37.15
"Jan 21, 2014",74.75,74.82,73.34,74.13,"842,400",37.06
"Jan 17, 2014",75.11,75.52,74.01,74.53,"521,400",37.26
"Jan 16, 2014",75.54,76.40,75.05,75.32,"443,800",37.66
"Jan 15, 2014",76.00,76.16,75.22,75.85,"543,800",37.92
"Jan 14, 2014",75.21,76.21,75.13,75.72,"696,800",37.86
"Jan 13, 2014",77.17,77.58,74.97,75.21,"660,600",37.60
"Jan 10, 2014",78.42,78.89,77.33,77.55,"603,200",38.78
"Jan 9, 2014",78.32,78.58,77.42,78.44,"960,200",39.22
"Jan 8, 2014",80.13,80.72,77.64,78.14,"1,163,200",39.07
"Jan 7, 2014",80.77,80.77,79.80,79.98,"587,800",39.99
"Jan 6, 2014",82.20,82.70,80.49,80.73,"572,800",40.37
"Jan 3, 2014",82.83,83.30,81.94,82.12,"320,200",41.06
"Jan 2, 2014",83.22,83.67,82.13,82.52,"369,000",41.26
"Dec 31, 2013",83.48,84.04,83.15,83.86,"625,400",41.93
"Dec 30, 2013",82.32,83.78,82.13,83.58,"514,400",41.79
"Dec 27, 2013",82.69,82.83,82.07,82.33,"292,800",41.17
"Dec 26, 2013",82.00,82.55,81.25,82.29,"365,200",41.15
"Dec 24, 2013",80.80,82.19,80.80,81.85,"443,000",40.92
"Dec 23, 2013",81.44,81.76,81.19,81.43,"706,600",40.72
"Dec 20, 2013",79.76,81.70,79.73,80.90,"1,289,000",40.45
"Dec 19, 2013",78.71,80.19,78.71,79.71,"597,600",39.85
"Dec 18, 2013",77.81,79.69,77.40,79.64,"599,800",39.82
"Dec 17, 2013",77.50,77.82,76.65,77.60,"470,800",38.80
"Dec 16, 2013",76.56,78.06,76.56,77.46,"489,600",38.73
"Dec 13, 2013",76.68,77.95,75.86,76.39,"627,400",38.19
"Dec 12, 2013",77.79,77.82,76.47,76.53,"631,600",38.26
"Dec 11, 2013",78.77,79.98,77.84,78.06,"512,200",39.03
"Dec 10, 2013",78.69,79.57,78.25,78.59,"326,600",39.29
"Dec 9, 2013",79.24,79.29,77.63,78.92,"798,000",39.46
"Dec 6, 2013",78.27,78.95,77.84,78.85,"458,200",39.42
"Dec 5, 2013",77.64,78.56,77.25,77.61,"683,200",38.81
"Dec 4, 2013",78.38,78.89,77.46,77.88,"580,400",38.94
"Dec 3, 2013",79.75,80.20,78.68,79.01,"614,000",39.51
"Dec 2, 2013",81.10,81.10,79.77,80.12,"414,000",40.06
"Nov 29, 2013",80.27,81.77,80.27,80.77,"316,800",40.38
"Nov 27, 2013",80.51,81.01,80.08,80.47,"375,400",40.24
"Nov 26, 2013",79.60,80.72,79.22,80.21,"609,000",40.10
"Nov 25, 2013",79.93,80.30,79.20,79.42,"374,200",39.71
"Nov 22, 2013",79.22,79.88,79.22,79.59,"257,600",39.79
"Nov 21, 2013",79.46,79.47,78.77,79.03,"501,400",39.51
"Nov 20, 2013",79.07,79.87,78.57,79.15,"798,800",39.58
"Nov 19, 2013",79.08,79.69,78.82,78.95,"441,600",39.47
"Nov 18, 2013",79.66,79.94,79.10,79.27,"340,600",39.63
"Nov 15, 2013",79.73,80.05,79.16,79.40,"331,000",39.70
"Nov 14, 2013",79.43,80.15,78.98,79.44,"389,800",39.72
"Nov 13, 2013",77.55,79.32,77.36,79.31,"351,200",39.65
"Nov 12, 2013",78.29,78.74,77.71,78.01,"584,400",39.01
"Nov 11, 2013",79.17,79.60,78.42,78.57,"194,400",39.28
"Nov 8, 2013",78.49,79.47,78.06,79.05,"577,000",39.53
"Nov 7, 2013",79.90,79.90,78.17,78.49,"1,244,600",39.24
"Nov 6, 2013",80.85,81.43,79.40,79.55,"564,200",39.78
"Nov 5, 2013",79.90,81.01,79.50,80.69,"433,200",40.35
"Nov 4, 2013",81.23,81.75,79.12,80.33,"794,200",40.17
"Nov 1, 2013",82.25,83.07,81.10,81.19,"1,695,600",40.60
"Oct 31, 2013",78.12,83.63,77.32,82.71,"1,366,200",41.35
"Oct 30, 2013",78.62,79.68,77.47,78.16,"700,800",39.08
"Oct 29, 2013",79.22,79.50,78.67,78.87,"419,800",39.44
"Oct 28, 2013",79.62,79.66,78.91,79.11,"227,200",39.56
"Oct 25, 2013",79.29,79.40,78.68,79.38,"333,400",39.69
"Oct 24, 2013",78.57,79.21,78.00,78.89,"720,000",39.44
"Oct 23, 2013",78.15,78.19,77.41,78.01,"538,600",39.01
"Oct 22, 2013",76.07,78.50,76.07,78.27,"544,800",39.13
"Oct 21, 2013",75.66,76.18,75.30,76.00,"264,800",38.00
"Oct 18, 2013",74.87,75.71,74.87,75.48,"238,600",37.74
"Oct 17, 2013",73.64,75.01,73.64,74.80,"602,800",37.40
"Oct 16, 2013",72.90,74.67,72.90,73.92,"497,400",36.96
"Oct 15, 2013",73.20,73.52,72.71,72.79,"522,400",36.40
"Oct 14, 2013",72.98,73.77,72.76,73.53,"880,400",36.76
"Oct 11, 2013",73.50,74.01,72.91,73.53,"1,320,000",36.76
"Oct 10, 2013",72.54,73.78,71.39,73.40,"935,000",36.70
"Oct 9, 2013",72.37,72.88,71.62,71.89,"880,400",35.94
"Oct 8, 2013",73.90,74.08,72.37,72.49,"1,037,000",36.24
"Oct 7, 2013",74.82,75.23,73.91,74.01,"711,800",37.01
"Oct 4, 2013",75.13,75.44,74.46,75.15,"416,400",37.58
"Oct 3, 2013",75.86,76.25,75.00,75.25,"850,000",37.62
"Oct 2, 2013",76.74,76.95,76.02,76.24,"454,000",38.12
"Oct 1, 2013",78.52,78.52,76.59,77.09,"922,000",38.54
"Sep 30, 2013",77.59,78.15,77.00,78.12,"685,400",39.06
"Sep 27, 2013",76.51,78.60,76.51,77.76,"493,600",38.88
"Sep 26, 2013",74.02,77.11,73.79,77.05,"873,600",38.53
"Sep 25, 2013",73.17,74.51,73.16,73.79,"1,010,800",36.90
"Sep 24, 2013",73.18,73.68,72.72,73.23,"576,200",36.62
"Sep 23, 2013",74.38,74.52,73.27,73.34,"724,800",36.67
"Sep 20, 2013",74.81,75.57,74.24,74.64,"1,123,400",37.32
"Sep 19, 2013",74.28,75.30,73.90,74.80,"512,600",37.40
"Sep 18, 2013",73.65,74.15,72.68,73.94,"598,600",36.97
"Sep 17, 2013",72.67,73.71,72.65,73.55,"352,800",36.78
"Sep 16, 2013",72.66,73.19,72.51,72.62,"339,600",36.31
"Sep 13, 2013",71.92,72.06,71.48,71.81,"326,400",35.90
"Sep 12, 2013",72.08,72.29,71.55,71.85,"504,600",35.92
"Sep 11, 2013",71.31,72.16,71.31,72.09,"488,200",36.04
"Sep 10, 2013",72.04,72.49,71.36,71.48,"414,600",35.74
"Sep 9, 2013",71.36,72.03,71.04,71.65,"446,400",35.83
"Sep 6, 2013",71.00,71.86,70.29,71.03,"579,400",35.51
"Sep 5, 2013",70.73,71.84,70.73,71.02,"568,400",35.51
"Sep 4, 2013",70.91,71.46,70.34,70.83,"594,000",35.42
"Sep 3, 2013",71.88,72.76,70.76,71.01,"653,400",35.51
"Aug 30, 2013",71.56,71.89,70.57,71.17,"856,000",35.58
"Aug 29, 2013",71.50,72.22,70.91,71.53,"602,600",35.76
"Aug 28, 2013",71.33,71.85,70.83,71.53,"548,200",35.76
"Aug 27, 2013",72.94,72.94,71.35,71.43,"659,000",35.72
"Aug 26, 2013",73.08,74.23,73.07,73.49,"499,800",36.74
"Aug 23, 2013",73.00,73.24,72.61,73.07,"802,200",36.53
"Aug 22, 2013",72.60,73.49,72.21,72.96,"496,800",36.48
"Aug 21, 2013",72.64,73.20,72.22,72.44,"872,600",36.22
"Aug 20, 2013",73.04,73.48,72.75,72.82,"591,000",36.41
"Aug 19, 2013",72.62,73.44,72.51,72.90,"476,600",36.45
"Aug 16, 2013",72.71,73.75,72.67,72.73,"703,600",36.37
"Aug 15, 2013",74.52,74.52,72.80,72.84,"686,200",36.42
"Aug 14, 2013",75.75,75.75,74.87,74.91,"828,400",37.46
"Aug 13, 2013",74.80,75.77,74.61,75.66,"451,800",37.83
"Aug 12, 2013",74.88,75.37,74.50,74.84,"791,400",37.42
"Aug 9, 2013",74.74,75.53,74.62,75.03,"727,200",37.51
"Aug 8, 2013",75.66,76.22,75.14,75.14,"811,800",37.57
"Aug 7, 2013",74.50,75.70,74.50,75.42,"501,800",37.71
"Aug 6, 2013",74.99,75.65,74.95,75.07,"494,800",37.53
"Aug 5, 2013",74.57,75.95,74.57,75.23,"471,800",37.62
"Aug 2, 2013",74.35,74.98,73.88,74.83,"754,200",37.42
"Aug 1, 2013",72.75,74.72,72.75,74.32,"896,400",37.16
"Jul 31, 2013",74.27,74.27,72.00,72.66,"1,432,000",36.33
"Jul 30, 2013",76.15,76.15,73.21,73.68,"1,252,600",36.84
"Jul 29, 2013",77.40,77.61,76.76,76.87,"750,400",38.44
"Jul 26, 2013",76.99,77.95,76.82,77.38,"550,400",38.69
"Jul 25, 2013",77.14,77.99,76.82,77.59,"675,800",38.79
"Jul 24, 2013",77.73,77.91,76.47,76.96,"510,000",38.48
"Jul 23, 2013",76.64,77.54,76.41,77.28,"603,400",38.64
"Jul 22, 2013",76.67,76.93,76.07,76.42,"578,000",38.21
"Jul 19, 2013",76.34,77.47,75.94,76.21,"826,000",38.10
"Jul 18, 2013",76.99,77.56,76.79,77.34,"670,200",38.67
"Jul 17, 2013",76.13,77.05,76.09,76.73,"502,000",38.37
"Jul 16, 2013",76.41,77.17,76.18,76.23,"567,800",38.12
"Jul 15, 2013",76.92,76.96,76.24,76.24,"816,000",38.12
"Jul 12, 2013",75.70,76.66,75.23,76.64,"1,115,600",38.32
"Jul 11, 2013",75.34,76.25,75.27,75.91,"727,200",37.96
"Jul 10, 2013",73.82,74.46,73.49,74.43,"799,800",37.22
"Jul 9, 2013",74.88,75.13,73.65,73.70,"1,121,400",36.85
"Jul 8, 2013",73.83,74.32,73.56,74.06,"822,400",37.03
"Jul 5, 2013",73.89,73.89,73.07,73.33,"610,200",36.67
"Jul 3, 2013",70.91,73.01,70.45,72.88,"730,000",36.44
"Jul 2, 2013",70.45,71.22,70.00,71.18,"811,800",35.59
"Jul 1, 2013",70.66,70.83,69.99,70.26,"920,200",35.13
"Jun 28, 2013",68.52,69.96,68.20,69.77,"1,359,200",34.88
"Jun 27, 2013",68.01,68.96,68.01,68.54,"603,200",34.27
"Jun 26, 2013",67.92,68.11,67.38,67.93,"408,600",33.97
"Jun 25, 2013",68.18,68.18,67.35,67.38,"793,400",33.69
"Jun 24, 2013",66.86,68.04,66.41,67.72,"1,638,600",33.86
"Jun 21, 2013",67.52,68.13,66.63,67.48,"1,157,400",33.74
"Jun 20, 2013",68.00,68.05,66.74,67.16,"1,444,200",33.58
"Jun 19, 2013",69.73,70.12,68.56,68.65,"1,342,800",34.33
"Jun 18, 2013",69.43,70.41,69.35,70.01,"1,315,800",35.01
"Jun 17, 2013",68.26,69.37,68.26,69.05,"1,902,200",34.53
"Jun 14, 2013",67.63,68.38,67.22,68.19,"2,456,600",34.10
"Jun 13, 2013",65.08,67.60,65.00,67.31,"2,050,600",33.65
"Jun 12, 2013",65.28,65.90,64.74,65.24,"729,200",32.62
"Jun 11, 2013",65.63,65.97,64.60,65.68,"1,311,400",32.84
"Jun 10, 2013",68.11,68.15,65.89,66.02,"528,600",33.01
"Jun 7, 2013",67.29,68.36,67.01,68.02,"1,444,400",34.01
"Jun 6, 2013",67.51,67.66,66.00,67.13,"1,168,600",33.56
"Jun 5, 2013",69.39,69.55,66.64,67.54,"1,223,800",33.77
"Jun 4, 2013",69.58,70.49,69.25,69.45,"735,200",34.72
"Jun 3, 2013",70.38,70.38,69.39,69.84,"1,061,800",34.92
"May 31, 2013",70.01,70.83,69.75,69.97,"1,296,400",34.99
"May 30, 2013",70.00,71.08,69.82,70.32,"733,400",35.16
"May 29, 2013",70.56,70.70,69.73,70.01,"817,200",35.01
"May 28, 2013",70.61,71.09,70.61,70.94,"943,800",35.47
"May 24, 2013",70.16,70.56,69.64,70.06,"713,600",35.03
"May 23, 2013",69.86,70.65,69.39,70.39,"1,100,600",35.19
"May 22, 2013",70.19,70.93,69.82,70.27,"1,038,800",35.13
"May 21, 2013",69.72,70.93,69.54,70.66,"1,353,800",35.33
"May 20, 2013",69.65,70.67,69.58,69.71,"1,293,800",34.85
"May 17, 2013",70.69,70.69,69.65,69.89,"465,800",34.94
"May 16, 2013",70.61,70.87,69.95,70.22,"2,569,200",35.11
"May 15, 2013",70.59,71.05,70.38,70.72,"1,074,200",35.36
"May 14, 2013",70.02,70.75,69.99,70.57,"627,200",35.28
"May 13, 2013",70.79,70.90,69.76,69.86,"553,800",34.93
"May 10, 2013",70.29,71.10,70.29,71.03,"579,400",35.51
"May 9, 2013",69.65,70.71,69.57,70.40,"1,178,600",35.20
"May 8, 2013",70.32,70.47,69.52,69.82,"1,113,600",34.91
"May 7, 2013",68.51,70.71,68.51,70.47,"1,439,200",35.24
"May 6, 2013",71.33,71.43,71.07,71.25,"527,800",35.62
"May 3, 2013",72.33,72.49,71.58,71.60,"462,000",35.80
"May 2, 2013",70.53,72.11,70.51,71.86,"844,400",35.93
"May 1, 2013",71.20,71.20,70.51,70.56,"654,200",35.28
"Apr 30, 2013",70.97,71.69,70.81,70.89,"1,531,800",35.44
"Apr 29, 2013",71.10,71.10,70.60,70.87,"735,400",35.44
"Apr 26, 2013",70.93,71.39,70.77,70.78,"767,200",35.39
"Apr 25, 2013",71.36,71.54,70.55,71.29,"1,053,600",35.65
"Apr 24, 2013",70.90,71.18,70.65,70.82,"777,200",35.41
"Apr 23, 2013",71.10,71.27,69.93,70.91,"1,121,000",35.46
"Apr 22, 2013",70.93,71.00,70.45,70.90,"889,000",35.45
"Apr 19, 2013",70.25,71.06,69.75,71.01,"1,080,400",35.51
"Apr 18, 2013",71.36,71.36,69.47,70.00,"1,099,600",35.00
"Apr 17, 2013",71.04,71.31,70.08,71.08,"1,696,800",35.54
"Apr 16, 2013",71.77,71.80,70.91,71.25,"1,205,400",35.62
"Apr 15, 2013",72.91,73.29,70.96,71.10,"1,022,800",35.55
"Apr 12, 2013",72.62,73.66,72.62,73.48,"781,800",36.74
"Apr 11, 2013",72.83,73.83,72.83,73.08,"954,400",36.54
"Apr 10, 2013",71.58,72.80,70.87,72.77,"1,181,000",36.38
"Apr 9, 2013",70.54,71.02,70.15,70.68,"1,172,000",35.34
"Apr 8, 2013",69.74,70.67,69.74,70.55,"1,311,400",35.28
"Apr 5, 2013",68.60,70.04,68.03,69.99,"1,611,000",34.99
"Apr 4, 2013",69.53,69.93,69.04,69.72,"698,200",34.86
"Apr 3, 2013",69.89,70.05,69.25,69.83,"832,600",34.92
"Apr 2, 2013",69.72,70.44,69.72,70.02,"1,846,600",35.01
"Apr 1, 2013",69.80,70.09,69.64,69.97,"3,078,800",34.99
"Mar 28, 2013",69.72,70.06,69.42,69.54,"1,328,600",34.77
"Mar 27, 2013",69.51,69.65,68.67,69.48,"1,223,600",34.74
"Mar 26, 2013",70.00,70.00,69.44,69.76,"1,762,400",34.88
"Mar 25, 2013",70.26,70.81,69.08,69.59,"1,677,600",34.79
"Mar 22, 2013",69.94,70.01,69.50,69.92,"1,191,000",34.96
"Mar 21, 2013",70.07,70.65,69.43,69.76,"1,098,600",34.88
"Mar 20, 2013",70.00,70.68,69.98,70.50,"1,253,200",35.25
"Mar 19, 2013",69.57,69.93,68.86,69.69,"622,400",34.85
"Mar 18, 2013",68.50,69.59,67.89,69.47,"1,184,600",34.74
"Mar 15, 2013",70.52,70.52,69.32,69.34,"910,600",34.67
"Mar 14, 2013",70.03,70.86,70.00,70.60,"945,000",35.30
"Mar 13, 2013",69.81,70.21,69.63,70.08,"786,600",35.04
"Mar 12, 2013",70.00,70.34,69.42,69.92,"505,200",34.96
"Mar 11, 2013",70.00,70.32,69.52,70.10,"730,200",35.05
"Mar 8, 2013",69.75,70.85,69.25,69.99,"2,092,600",34.99
"Mar 7, 2013",67.01,69.71,66.99,69.50,"8,115,800",34.75
"Mar 6, 2013",66.80,68.51,65.91,66.48,"1,928,600",33.24
"Mar 5, 2013",67.11,68.14,66.85,68.09,"1,067,200",34.04
"Mar 4, 2013",66.16,66.74,65.84,66.66,"1,033,800",33.33
"Mar 1, 2013",63.78,66.31,63.78,66.17,"1,066,000",33.08
"Feb 28, 2013",64.56,65.05,64.40,64.50,"1,613,800",32.25
"Feb 27, 2013",63.00,65.20,63.00,64.85,"1,311,800",32.42
"Feb 26, 2013",63.03,63.63,62.78,63.19,"949,000",31.59
"Feb 25, 2013",63.01,63.44,62.62,62.99,"1,209,600",31.50
"Feb 22, 2013",61.78,63.05,61.48,63.00,"406,600",31.50
"Feb 21, 2013",61.91,62.05,60.94,61.62,"461,400",30.81
"Feb 20, 2013",63.30,63.51,62.10,62.22,"524,200",31.11
"Feb 19, 2013",62.84,63.26,62.66,63.02,"563,400",31.51
"Feb 15, 2013",63.26,64.01,62.24,63.01,"934,800",31.50
"Feb 14, 2013",63.78,64.18,61.50,63.76,"996,600",31.88
"Feb 13, 2013",64.50,64.83,64.20,64.31,"1,276,400",32.15
"Feb 12, 2013",64.64,64.64,63.99,64.22,"584,800",32.11
"Feb 11, 2013",64.73,64.98,63.88,64.31,"743,200",32.15
"Feb 8, 2013",64.53,64.94,64.41,64.60,"875,600",32.30
"Feb 7, 2013",63.81,64.33,63.09,64.33,"578,600",32.17
"Feb 6, 2013",63.84,63.84,63.46,63.67,"806,000",31.83
"Feb 5, 2013",63.79,64.05,63.51,63.96,"592,400",31.98
"Feb 4, 2013",63.57,64.15,63.20,63.71,"603,600",31.85
"Feb 1, 2013",63.92,64.43,63.90,64.19,"789,200",32.10
"Jan 31, 2013",62.93,63.87,62.65,63.71,"1,226,000",31.85
"Jan 30, 2013",62.94,63.53,62.91,63.29,"576,000",31.65
"Jan 29, 2013",62.72,63.32,61.97,63.11,"671,600",31.56
"Jan 28, 2013",63.01,63.26,62.56,63.01,"701,000",31.50
"Jan 25, 2013",62.75,62.89,62.12,62.80,"861,600",31.40
"Jan 24, 2013",61.76,62.94,61.76,62.20,"628,000",31.10
"Jan 23, 2013",61.51,61.97,61.51,61.79,"727,600",30.90
"Jan 22, 2013",61.58,61.93,61.57,61.80,"446,200",30.90
"Jan 18, 2013",61.88,62.24,61.69,61.86,"513,400",30.93
"Jan 17, 2013",61.76,62.17,61.55,61.99,"815,400",31.00
"Jan 16, 2013",61.43,61.69,61.19,61.59,"463,000",30.80
"Jan 15, 2013",61.54,61.75,61.09,61.52,"1,195,200",30.76
"Jan 14, 2013",62.03,62.16,61.29,61.79,"387,800",30.90
"Jan 11, 2013",61.72,62.30,61.52,62.09,"679,000",31.05
"Jan 10, 2013",62.16,62.24,61.40,61.66,"403,200",30.83
"Jan 9, 2013",61.87,62.46,61.36,61.92,"463,600",30.96
"Jan 8, 2013",60.35,62.05,59.78,61.97,"1,201,600",30.99
"Jan 7, 2013",60.77,60.77,60.13,60.21,"511,800",30.10
"Jan 4, 2013",60.24,60.90,60.24,60.74,"470,600",30.37
"Jan 3, 2013",60.34,60.55,59.86,60.33,"304,000",30.17
"Jan 2, 2013",60.03,61.42,59.56,60.16,"974,800",30.08
"Dec 31, 2012",57.12,58.64,57.02,58.50,"476,600",29.25
"Dec 28, 2012",57.25,57.71,56.89,57.12,"386,400",28.56
"Dec 27, 2012",57.86,58.63,56.71,57.50,"493,000",28.75
"Dec 26, 2012",58.12,58.67,57.61,58.01,"288,800",29.00
"Dec 24, 2012",58.35,58.54,57.89,58.27,"329,000",29.14
"Dec 21, 2012",57.45,58.54,57.30,58.29,"1,201,600",29.15
"Dec 20, 2012",58.50,59.88,58.07,58.51,"1,814,200",29.25
"Dec 19, 2012",58.99,58.99,58.16,58.46,"1,252,200",29.23
"Dec 18, 2012",57.84,59.48,57.25,58.87,"1,702,800",29.43
"Dec 17, 2012",56.79,57.86,56.52,57.47,"2,209,600",28.74
"Dec 14, 2012",55.59,56.83,55.59,56.33,"2,068,000",28.17
"Dec 13, 2012",57.00,57.67,56.03,56.08,"1,341,400",28.04
"Dec 12, 2012",57.75,58.05,56.99,57.33,"1,012,200",28.67
"Dec 11, 2012",56.14,57.35,56.14,57.28,"888,400",28.64
"Dec 10, 2012",56.85,56.86,55.98,56.05,"1,365,400",28.02
"Dec 7, 2012",57.77,57.95,56.74,56.86,"901,000",28.43
"Dec 6, 2012",57.23,57.54,56.47,57.48,"1,014,200",28.74
"Dec 5, 2012",56.43,58.27,55.28,57.04,"1,794,600",28.52
"Dec 4, 2012",55.60,56.43,55.35,56.10,"1,048,600",28.05
"Dec 3, 2012",56.34,56.64,55.82,55.85,"477,800",27.92
"Nov 30, 2012",55.88,56.55,55.77,56.28,"2,309,000",28.14
"Nov 29, 2012",55.18,55.96,53.03,55.79,"521,400",27.90
"Nov 28, 2012",53.52,55.17,53.35,55.06,"510,800",27.53
"Nov 27, 2012",53.77,54.73,53.77,54.05,"444,600",27.02
"Nov 26, 2012",54.30,54.35,53.66,54.13,"620,200",27.07
"Nov 23, 2012",53.68,54.27,53.22,54.19,"297,200",27.09
"Nov 21, 2012",53.34,53.81,53.14,53.48,"410,800",26.74
"Nov 20, 2012",52.86,53.99,52.86,53.54,"554,400",26.77
"Nov 19, 2012",51.59,53.15,51.38,53.05,"707,000",26.52
"Nov 16, 2012",51.44,51.84,51.06,51.36,"542,800",25.68
"Nov 15, 2012",50.84,51.90,50.73,51.44,"993,600",25.72
"Nov 14, 2012",52.89,52.93,51.21,51.28,"551,000",25.64
"Nov 13, 2012",51.52,53.39,51.52,52.74,"829,000",26.37
"Nov 12, 2012",52.73,52.73,51.69,51.90,"214,400",25.95
"Nov 9, 2012",51.33,52.86,51.33,52.55,"389,000",26.27
"Nov 8, 2012",52.31,52.68,51.56,51.66,"726,800",25.83
"Nov 7, 2012",52.63,52.82,51.81,52.42,"457,600",26.21
"Nov 6, 2012",54.11,54.11,51.75,53.09,"749,400",26.55
"Nov 5, 2012",55.17,55.19,54.01,54.58,"546,600",27.29
"Nov 2, 2012",56.52,56.64,55.14,55.16,"413,000",27.58
"Nov 1, 2012",54.75,56.59,54.75,56.40,"1,185,600",28.20
"Oct 31, 2012",54.28,54.81,53.73,54.78,"632,000",27.39
"Oct 26, 2012",54.50,54.75,53.52,53.75,"1,079,000",26.88
"Oct 25, 2012",55.25,55.68,54.51,54.60,"518,400",27.30
"Oct 24, 2012",55.95,55.95,54.84,54.95,"530,800",27.48
"Oct 23, 2012",56.32,56.32,55.43,55.71,"333,200",27.85
"Oct 22, 2012",56.40,56.70,56.09,56.61,"299,400",28.31
"Oct 19, 2012",57.12,57.57,56.00,56.16,"338,200",28.08
"Oct 18, 2012",57.00,57.68,56.67,57.44,"234,400",28.72
"Oct 17, 2012",57.78,58.14,56.97,57.08,"655,800",28.54
"Oct 16, 2012",57.64,58.29,57.45,57.73,"364,200",28.86
"Oct 15, 2012",56.73,57.50,56.62,57.47,"475,400",28.74
"Oct 12, 2012",56.93,57.01,56.57,56.71,"626,800",28.35
"Oct 11, 2012",56.75,57.05,56.40,56.61,"514,400",28.31
"Oct 10, 2012",55.92,56.16,55.48,56.13,"750,800",28.07
"Oct 9, 2012",56.62,56.62,55.68,55.68,"718,800",27.84
"Oct 8, 2012",57.11,57.23,56.20,56.48,"1,113,600",28.24
"Oct 5, 2012",57.29,57.53,57.03,57.27,"748,800",28.64
"Oct 4, 2012",56.66,57.13,56.56,57.08,"748,800",28.54
"Oct 3, 2012",56.07,56.68,56.07,56.37,"772,400",28.18
"Oct 2, 2012",56.42,56.80,55.93,56.01,"789,200",28.00
"Oct 1, 2012",56.25,56.92,56.18,56.33,"659,800",28.17
"Sep 28, 2012",55.46,56.34,55.39,56.04,"818,800",28.02
"Sep 27, 2012",54.90,55.91,54.69,55.79,"734,000",27.90
"Sep 26, 2012",54.84,55.09,54.19,54.74,"681,200",27.37
"Sep 25, 2012",55.04,55.70,54.44,54.51,"821,600",27.25
"Sep 24, 2012",55.62,55.95,55.12,55.18,"1,152,200",27.59
"Sep 21, 2012",55.58,56.48,55.52,55.70,"1,165,800",27.85
"Sep 20, 2012",55.63,55.96,55.32,55.62,"666,600",27.81
"Sep 19, 2012",54.70,56.02,54.52,55.63,"540,600",27.82
"Sep 18, 2012",54.40,54.97,54.24,54.68,"539,400",27.34
"Sep 17, 2012",54.55,54.68,53.86,54.46,"612,800",27.23
"Sep 14, 2012",54.10,54.76,53.91,54.44,"1,140,800",27.22
"Sep 13, 2012",52.55,54.45,52.55,54.02,"1,047,000",27.01
"Sep 12, 2012",52.35,52.49,52.08,52.45,"1,180,000",26.23
"Sep 11, 2012",52.38,52.38,51.86,51.92,"1,157,000",25.96
"Sep 10, 2012",52.51,52.56,52.16,52.20,"1,036,200",26.10
"Sep 7, 2012",52.32,52.52,52.09,52.47,"1,253,600",26.24
"Sep 6, 2012",51.96,52.73,51.96,52.26,"1,445,600",26.13
"Sep 5, 2012",51.97,52.46,51.66,51.74,"696,400",25.87
"Sep 4, 2012",51.65,52.30,51.59,52.07,"513,200",26.03
"Aug 31, 2012",51.13,52.11,51.13,51.81,"1,673,400",25.91
"Aug 30, 2012",50.19,51.59,50.19,51.04,"808,800",25.52
"Aug 29, 2012",50.39,50.84,50.39,50.62,"536,200",25.31
"Aug 28, 2012",50.40,50.84,50.30,50.38,"493,600",25.19
"Aug 27, 2012",50.17,50.89,50.17,50.63,"390,000",25.32
"Aug 24, 2012",48.71,50.40,48.49,50.10,"636,000",25.05
"Aug 23, 2012",49.38,49.38,48.76,48.86,"782,600",24.43
"Aug 22, 2012",49.65,49.80,49.27,49.37,"984,200",24.68
"Aug 21, 2012",49.29,49.64,49.24,49.57,"725,000",24.78
"Aug 20, 2012",49.80,49.92,49.14,49.26,"658,200",24.63
"Aug 17, 2012",50.16,50.17,49.51,49.71,"591,800",24.85
"Aug 16, 2012",50.18,50.33,49.79,50.08,"707,200",25.04
"Aug 15, 2012",50.14,50.56,49.69,50.11,"574,600",25.06
"Aug 14, 2012",51.27,51.38,49.87,49.93,"856,800",24.97
"Aug 13, 2012",51.28,51.40,50.81,51.00,"464,600",25.50
"Aug 10, 2012",50.68,51.46,50.58,51.40,"843,800",25.70
"Aug 9, 2012",50.62,51.19,50.60,50.71,"1,189,600",25.35
"Aug 8, 2012",50.10,50.89,50.04,50.61,"954,800",25.31
"Aug 7, 2012",49.42,50.79,49.42,50.53,"808,600",25.26
"Aug 6, 2012",48.59,49.89,48.40,49.52,"673,600",24.76
"Aug 3, 2012",47.53,48.81,47.40,48.58,"790,800",24.29
"Aug 2, 2012",45.73,47.08,45.48,47.03,"1,058,400",23.51
"Aug 1, 2012",46.80,46.80,45.50,45.98,"1,442,200",22.99
"Jul 31, 2012",46.45,47.54,45.41,46.62,"1,172,800",23.31
"Jul 30, 2012",48.18,48.59,46.85,47.09,"1,348,800",23.55
"Jul 27, 2012",47.44,48.69,47.28,48.36,"725,800",24.18
"Jul 26, 2012",46.66,47.37,46.45,46.98,"1,061,200",23.49
"Jul 25, 2012",45.50,46.47,45.50,46.04,"822,000",23.02
"Jul 24, 2012",45.49,46.02,45.27,45.49,"1,061,200",22.75
"Jul 23, 2012",45.76,45.88,45.20,45.67,"629,600",22.83
"Jul 20, 2012",46.36,46.97,46.27,46.33,"782,200",23.17
"Jul 19, 2012",46.29,47.51,46.29,46.91,"903,600",23.45
"Jul 18, 2012",46.13,46.39,46.05,46.27,"809,800",23.14
"Jul 17, 2012",45.53,46.57,45.35,46.30,"1,361,200",23.15
"Jul 16, 2012",46.22,46.34,45.21,45.27,"1,480,400",22.64
"Jul 13, 2012",45.83,46.61,45.58,46.42,"1,245,800",23.21
"Jul 12, 2012",46.14,46.26,44.68,46.12,"2,301,600",23.06
"Jul 11, 2012",46.64,46.84,45.68,46.27,"1,572,400",23.14
"Jul 10, 2012",48.28,48.72,46.33,46.49,"1,111,600",23.25
"Jul 9, 2012",49.56,49.64,47.78,47.85,"1,234,200",23.92
"Jul 6, 2012",50.08,50.56,49.26,49.56,"738,600",24.78
"Jul 5, 2012",50.86,51.13,50.12,50.37,"797,800",25.18
"Jul 3, 2012",51.25,51.60,50.81,51.01,"473,600",25.50
"Jul 2, 2012",49.84,51.29,49.84,51.04,"1,183,600",25.52
"Jun 29, 2012",50.03,50.42,49.76,50.09,"1,337,400",25.05
"Jun 28, 2012",49.37,49.56,48.55,49.33,"612,000",24.67
"Jun 27, 2012",49.37,50.25,49.36,49.58,"1,077,200",24.79
"Jun 26, 2012",49.20,50.19,49.08,49.29,"1,064,600",24.65
"Jun 25, 2012",48.91,49.58,48.52,49.26,"1,188,000",24.63
"Jun 22, 2012",49.55,49.98,49.52,49.57,"1,529,200",24.78
"Jun 21, 2012",49.76,50.16,49.25,49.52,"1,615,000",24.76
"Jun 20, 2012",48.59,49.91,48.59,49.72,"1,211,000",24.86
"Jun 19, 2012",48.35,49.05,48.35,48.84,"937,400",24.42
"Jun 18, 2012",47.36,48.32,47.14,48.19,"779,200",24.09
"Jun 15, 2012",47.15,47.64,47.03,47.57,"1,129,800",23.78
"Jun 14, 2012",46.87,47.38,46.64,46.97,"1,255,600",23.49
"Jun 13, 2012",48.02,48.34,46.71,46.81,"936,800",23.41
"Jun 12, 2012",47.64,48.53,47.64,48.40,"803,200",24.20
"Jun 11, 2012",47.68,48.30,47.68,47.70,"731,000",23.85
"Jun 8, 2012",46.90,47.66,46.81,47.60,"996,800",23.80
"Jun 7, 2012",46.95,47.54,46.93,47.21,"943,400",23.60
"Jun 6, 2012",46.02,46.89,45.79,46.59,"874,200",23.30
"Jun 5, 2012",44.70,45.74,44.62,45.65,"971,200",22.83
"Jun 4, 2012",45.38,45.67,44.69,44.98,"1,211,200",22.49
"Jun 1, 2012",46.40,46.56,45.15,45.20,"1,236,200",22.60
"May 31, 2012",46.67,47.09,46.11,46.59,"2,251,200",23.30
"May 30, 2012",47.11,47.24,46.61,46.76,"840,400",23.38
"May 29, 2012",47.24,47.79,47.05,47.39,"1,106,400",23.69
"May 25, 2012",46.13,47.12,46.08,47.03,"862,200",23.51
"May 24, 2012",46.52,46.96,46.15,46.38,"1,371,600",23.19
"May 23, 2012",45.74,46.20,44.96,46.15,"1,266,000",23.08
"May 22, 2012",45.46,46.41,45.35,45.89,"1,522,400",22.94
"May 21, 2012",44.07,45.64,44.05,45.58,"1,178,800",22.79
"May 18, 2012",44.63,45.00,43.92,44.05,"1,050,000",22.02
"May 17, 2012",47.14,47.23,44.58,44.63,"2,266,800",22.32
"May 16, 2012",46.94,47.57,46.93,47.26,"1,066,800",23.63
"May 15, 2012",46.84,47.55,46.65,46.93,"1,137,200",23.47
"May 14, 2012",47.15,47.47,46.74,46.81,"1,227,400",23.41
"May 11, 2012",46.94,47.62,46.63,47.51,"1,627,800",23.75
"May 10, 2012",47.41,47.77,46.94,46.96,"1,122,000",23.48
"May 9, 2012",46.83,47.40,45.89,47.22,"1,519,800",23.61
"May 8, 2012",49.00,49.00,46.20,47.16,"1,381,600",23.58
"May 7, 2012",49.26,49.95,48.98,49.36,"933,000",24.68
"May 4, 2012",50.49,50.49,49.20,49.26,"907,800",24.63
"May 3, 2012",49.80,50.66,49.80,50.45,"971,200",25.23
"May 2, 2012",49.39,50.20,49.27,49.87,"883,800",24.93
"May 1, 2012",49.79,50.25,49.31,49.40,"1,220,400",24.70
"Apr 30, 2012",50.29,50.40,49.67,49.69,"1,011,600",24.84
"Apr 27, 2012",49.36,50.71,49.17,50.39,"722,800",25.19
"Apr 26, 2012",48.35,49.21,48.31,49.05,"1,212,600",24.52
"Apr 25, 2012",48.34,48.48,48.05,48.33,"689,000",24.17
"Apr 24, 2012",47.59,48.22,47.59,47.90,"569,200",23.95
"Apr 23, 2012",47.82,47.82,47.10,47.53,"787,600",23.76
"Apr 20, 2012",47.96,48.27,47.74,48.19,"815,200",24.09
"Apr 19, 2012",47.98,48.27,47.69,47.80,"861,600",23.90
"Apr 18, 2012",47.92,48.35,47.53,48.12,"1,085,600",24.06
"Apr 17, 2012",48.06,48.29,47.86,48.04,"933,400",24.02
"Apr 16, 2012",48.25,48.52,47.61,47.78,"1,020,800",23.89
"Apr 13, 2012",48.17,48.49,48.12,48.22,"1,033,200",24.11
"Apr 12, 2012",47.49,48.38,47.49,48.19,"705,600",24.09
"Apr 11, 2012",47.10,47.77,47.10,47.60,"619,200",23.80
"Apr 10, 2012",47.43,47.82,46.62,46.76,"575,200",23.38
"Apr 9, 2012",47.14,47.86,47.00,47.64,"521,800",23.82
"Apr 5, 2012",47.42,48.31,47.39,47.95,"1,532,800",23.98
"Apr 4, 2012",46.90,47.68,46.38,47.64,"732,600",23.82
"Apr 3, 2012",47.04,47.67,46.96,47.45,"729,600",23.73
"Apr 2, 2012",46.98,47.40,46.74,47.29,"1,569,400",23.65
"Mar 30, 2012",46.28,47.62,46.28,46.88,"1,798,600",23.44
"Mar 29, 2012",45.87,46.21,45.48,45.96,"746,000",22.98
"Mar 28, 2012",46.05,46.24,45.81,45.91,"839,600",22.95
"Mar 27, 2012",46.28,46.55,46.10,46.15,"1,198,600",23.08
"Mar 26, 2012",46.72,46.93,46.34,46.40,"621,400",23.20
"Mar 23, 2012",45.92,46.57,45.58,46.41,"794,400",23.20
"Mar 22, 2012",45.67,46.06,45.39,45.85,"870,600",22.92
"Mar 21, 2012",44.80,46.18,44.53,45.89,"1,068,200",22.94
"Mar 20, 2012",45.15,45.23,44.58,44.70,"588,400",22.35
"Mar 19, 2012",45.00,45.60,45.00,45.46,"689,400",22.73
"Mar 16, 2012",44.75,45.30,44.19,45.19,"663,000",22.59
"Mar 15, 2012",44.63,45.28,44.10,44.66,"734,600",22.33
"Mar 14, 2012",45.10,45.66,44.42,44.57,"1,058,400",22.28
"Mar 13, 2012",43.81,45.48,43.80,45.23,"833,200",22.61
"Mar 12, 2012",44.01,44.33,43.33,43.69,"871,600",21.84
"Mar 9, 2012",44.29,44.62,44.04,44.07,"613,200",22.03
"Mar 8, 2012",43.68,44.32,43.57,44.27,"1,208,200",22.14
"Mar 7, 2012",43.43,43.66,43.17,43.32,"938,600",21.66
"Mar 6, 2012",44.17,44.66,43.33,43.38,"1,598,400",21.69
"Mar 5, 2012",44.20,44.90,44.09,44.54,"1,434,800",22.27
"Mar 2, 2012",43.29,44.49,43.29,44.30,"1,077,200",22.15
"Mar 1, 2012",43.37,43.61,42.93,43.40,"1,315,000",21.70
"Feb 29, 2012",42.35,43.66,42.35,43.46,"2,360,600",21.73
"Feb 28, 2012",41.42,42.70,41.01,42.55,"1,283,000",21.27
"Feb 27, 2012",41.04,41.53,40.94,41.30,"567,400",20.65
"Feb 24, 2012",41.02,41.38,40.75,41.14,"670,600",20.57
"Feb 23, 2012",40.68,41.00,40.65,40.85,"738,000",20.42
"Feb 22, 2012",41.04,41.06,40.61,40.78,"965,800",20.39
"Feb 21, 2012",41.46,41.63,40.98,41.02,"1,001,600",20.51
"Feb 17, 2012",41.14,41.73,40.15,41.53,"1,107,800",20.76
"Feb 16, 2012",41.53,42.06,40.71,41.23,"1,400,800",20.61
"Feb 15, 2012",41.79,41.85,41.44,41.52,"776,200",20.76
"Feb 14, 2012",41.17,41.51,40.88,41.46,"895,600",20.73
"Feb 13, 2012",41.22,41.55,40.68,41.36,"1,457,600",20.68
"Feb 10, 2012",40.38,41.07,40.38,41.04,"1,207,600",20.52
"Feb 9, 2012",40.75,41.09,40.37,40.75,"1,113,800",20.38
"Feb 8, 2012",40.63,40.98,40.47,40.84,"1,106,200",20.42
"Feb 7, 2012",39.77,40.82,39.48,40.56,"1,028,200",20.28
"Feb 6, 2012",39.16,39.81,39.04,39.78,"1,346,800",19.89
"Feb 3, 2012",39.12,39.51,39.12,39.34,"3,353,800",19.67
"Feb 2, 2012",39.37,39.37,38.81,38.95,"1,753,000",19.48
"Feb 1, 2012",39.19,39.54,38.93,39.26,"1,321,200",19.63
"Jan 31, 2012",39.00,39.38,38.80,38.85,"538,600",19.42
"Jan 30, 2012",38.94,39.00,38.52,38.93,"483,600",19.47
"Jan 27, 2012",39.58,39.86,39.18,39.19,"690,400",19.59
"Jan 26, 2012",40.34,40.37,39.76,39.87,"617,200",19.93
"Jan 25, 2012",39.76,40.20,39.76,40.03,"670,600",20.01
"Jan 24, 2012",39.63,40.00,39.47,39.87,"418,200",19.93
"Jan 23, 2012",39.96,40.31,39.62,39.77,"519,400",19.89
"Jan 20, 2012",40.74,40.74,39.86,39.98,"865,600",19.99
"Jan 19, 2012",39.97,40.96,39.89,40.67,"1,183,200",20.33
"Jan 18, 2012",39.50,40.06,39.33,39.96,"759,800",19.98
"Jan 17, 2012",39.76,40.38,39.75,39.84,"1,147,400",19.92
"Jan 13, 2012",39.00,39.62,38.96,39.62,"2,257,000",19.81
"Jan 12, 2012",38.65,39.43,38.54,39.38,"788,600",19.69
"Jan 11, 2012",38.04,38.68,37.75,38.58,"844,200",19.29
"Jan 10, 2012",37.63,38.16,37.63,38.14,"924,200",19.07
"Jan 9, 2012",37.34,37.65,37.20,37.46,"866,600",18.73
"Jan 6, 2012",37.24,37.44,36.92,37.32,"1,320,200",18.66
"Jan 5, 2012",37.20,37.39,36.87,37.14,"1,226,000",18.57
"Jan 4, 2012",37.65,37.89,37.11,37.50,"691,000",18.75
"Jan 3, 2012",38.13,38.63,37.78,37.80,"636,000",18.90
"Dec 30, 2011",37.63,37.97,37.46,37.70,"650,200",18.85
"Dec 29, 2011",37.55,37.81,37.27,37.48,"1,217,000",18.74
"Dec 28, 2011",37.18,37.91,37.16,37.58,"1,398,400",18.79
"Dec 27, 2011",37.12,37.39,36.89,37.25,"976,400",18.62
"Dec 23, 2011",36.73,37.33,36.73,37.18,"874,000",18.59
"Dec 22, 2011",37.05,37.21,36.71,36.90,"676,600",18.45
"Dec 21, 2011",37.12,37.30,35.55,36.94,"802,000",18.47
"Dec 20, 2011",36.78,37.34,36.42,37.07,"1,205,000",18.53
"Dec 19, 2011",36.74,36.98,35.72,36.18,"972,800",18.09
"Dec 16, 2011",36.94,37.16,36.30,36.45,"1,064,200",18.23
"Dec 15, 2011",37.15,37.51,36.79,36.81,"937,800",18.41
"Dec 14, 2011",37.54,37.65,36.83,36.90,"770,000",18.45
"Dec 13, 2011",37.99,38.34,37.50,37.70,"730,800",18.85
"Dec 12, 2011",37.70,37.90,37.18,37.78,"532,600",18.89
"Dec 9, 2011",37.34,38.14,37.19,37.95,"631,400",18.98
"Dec 8, 2011",37.70,37.71,36.02,37.38,"430,200",18.69
"Dec 7, 2011",37.76,38.20,37.34,38.00,"615,200",19.00
"Dec 6, 2011",37.93,38.20,37.51,38.04,"845,400",19.02
"Dec 5, 2011",38.48,38.68,37.66,37.89,"1,056,600",18.94
"Dec 2, 2011",37.66,38.36,37.66,38.16,"713,600",19.08
"Dec 1, 2011",37.70,38.03,37.44,37.46,"577,600",18.73
"Nov 30, 2011",37.14,37.86,37.04,37.84,"2,355,200",18.92
"Nov 29, 2011",36.37,36.77,36.05,36.41,"2,009,600",18.20
"Nov 28, 2011",36.77,37.09,36.25,36.26,"1,684,600",18.13
"Nov 25, 2011",36.00,36.62,35.91,36.05,"477,000",18.02
"Nov 23, 2011",37.18,37.18,36.19,36.19,"1,115,800",18.09
"Nov 22, 2011",36.93,37.66,36.79,37.43,"1,110,200",18.72
"Nov 21, 2011",37.08,37.35,36.56,36.98,"919,600",18.49
"Nov 18, 2011",37.75,37.86,37.48,37.50,"746,600",18.75
"Nov 17, 2011",38.28,38.33,37.38,37.51,"659,600",18.75
"Nov 16, 2011",38.26,38.88,37.89,38.40,"701,200",19.20
"Nov 15, 2011",39.05,39.21,38.50,38.69,"559,000",19.34
"Nov 14, 2011",39.07,39.48,38.95,39.37,"1,100,200",19.68
"Nov 11, 2011",39.01,39.52,38.94,39.34,"934,800",19.67
"Nov 10, 2011",39.27,39.56,38.50,38.77,"683,200",19.39
"Nov 9, 2011",40.44,40.49,38.81,38.93,"735,200",19.47
"Nov 8, 2011",40.89,41.81,40.52,41.80,"434,200",20.90
"Nov 7, 2011",40.03,40.92,39.99,40.79,"404,800",20.40
"Nov 4, 2011",39.99,40.42,39.73,40.22,"420,600",20.11
"Nov 3, 2011",40.09,40.64,39.85,40.45,"567,800",20.23
"Nov 2, 2011",39.97,40.07,38.86,40.05,"1,171,800",20.02
"Nov 1, 2011",38.13,39.63,37.92,38.47,"824,800",19.24
"Oct 31, 2011",38.73,39.97,38.73,39.57,"1,887,000",19.78
"Oct 28, 2011",39.61,39.72,39.01,39.20,"1,793,600",19.60
"Oct 27, 2011",40.00,40.31,39.59,39.76,"1,205,800",19.88
"Oct 26, 2011",39.88,39.88,39.23,39.28,"1,142,400",19.64
"Oct 25, 2011",40.23,40.35,39.77,39.79,"863,000",19.90
"Oct 24, 2011",40.12,40.93,40.12,40.44,"657,400",20.22
"Oct 21, 2011",38.88,40.35,38.88,40.18,"503,000",20.09
"Oct 20, 2011",38.56,38.87,38.37,38.71,"579,000",19.35
"Oct 19, 2011",38.72,39.02,38.43,38.53,"989,000",19.26
"Oct 18, 2011",38.77,39.31,38.34,38.96,"1,318,600",19.48
"Oct 17, 2011",39.00,39.23,37.58,38.79,"532,400",19.40
"Oct 14, 2011",38.84,39.42,38.84,39.18,"413,200",19.59
"Oct 13, 2011",38.25,38.51,37.90,38.33,"352,400",19.17
"Oct 12, 2011",38.48,38.90,38.14,38.33,"657,600",19.17
"Oct 11, 2011",37.00,38.34,36.95,37.89,"722,000",18.94
"Oct 10, 2011",36.81,37.35,36.34,37.33,"680,200",18.67
"Oct 7, 2011",36.49,36.73,36.00,36.13,"855,600",18.07
"Oct 6, 2011",35.71,36.42,35.10,36.42,"715,400",18.21
"Oct 5, 2011",35.11,35.60,34.54,35.58,"1,021,600",17.79
"Oct 4, 2011",33.80,35.10,33.19,34.93,"1,009,400",17.47
"Oct 3, 2011",35.03,35.04,33.99,34.13,"1,343,600",17.07
"Sep 30, 2011",35.80,36.01,35.15,35.15,"1,164,400",17.58
"Sep 29, 2011",36.70,37.38,35.71,36.10,"1,165,800",18.05
"Sep 28, 2011",38.53,38.57,36.64,36.69,"1,244,200",18.34
"Sep 27, 2011",39.47,39.66,38.13,38.34,"1,136,200",19.17
"Sep 26, 2011",38.28,38.98,37.95,38.80,"1,202,400",19.40
"Sep 23, 2011",36.47,38.59,36.47,38.13,"1,045,400",19.07
"Sep 22, 2011",37.08,37.47,36.10,36.91,"962,600",18.45
"Sep 21, 2011",37.91,39.11,37.83,37.94,"1,503,600",18.97
"Sep 20, 2011",37.78,38.25,37.69,37.95,"1,343,000",18.98
"Sep 19, 2011",37.02,37.77,36.80,37.71,"1,185,200",18.85
"Sep 16, 2011",38.25,38.96,37.55,37.59,"1,794,400",18.80
"Sep 15, 2011",37.84,38.30,37.62,38.21,"831,200",19.10
"Sep 14, 2011",36.97,37.87,36.47,37.50,"955,800",18.75
"Sep 13, 2011",36.16,36.75,36.00,36.58,"1,120,400",18.29
"Sep 12, 2011",36.08,36.43,35.39,36.07,"1,436,800",18.03
"Sep 9, 2011",36.99,37.33,36.37,36.70,"1,053,400",18.35
"Sep 8, 2011",38.04,38.39,37.24,37.45,"1,416,000",18.73
"Sep 7, 2011",38.32,38.50,37.89,38.35,"1,609,200",19.17
"Sep 6, 2011",37.44,38.11,37.03,37.98,"1,582,600",18.99
"Sep 2, 2011",38.48,39.02,38.31,38.77,"1,192,200",19.39
"Sep 1, 2011",39.43,39.74,39.18,39.25,"2,707,800",19.62
"Aug 31, 2011",38.77,39.65,38.57,39.51,"2,204,000",19.75
"Aug 30, 2011",37.38,38.94,37.38,38.66,"782,800",19.33
"Aug 29, 2011",37.15,37.83,37.13,37.67,"773,000",18.83
"Aug 26, 2011",35.38,36.93,35.25,36.82,"1,222,600",18.41
"Aug 25, 2011",35.89,36.18,35.22,35.67,"1,234,000",17.83
"Aug 24, 2011",34.79,35.91,34.61,35.86,"1,641,800",17.93
"Aug 23, 2011",33.25,35.01,33.20,34.95,"2,216,400",17.48
"Aug 22, 2011",34.32,34.50,32.99,33.11,"1,156,600",16.56
"Aug 19, 2011",33.36,34.43,33.20,33.70,"1,478,400",16.85
"Aug 18, 2011",35.35,35.48,33.40,33.76,"1,956,600",16.88
"Aug 17, 2011",36.65,37.18,36.01,36.33,"903,000",18.17
"Aug 16, 2011",36.25,36.93,35.95,36.66,"1,042,000",18.33
"Aug 15, 2011",36.00,36.65,35.77,36.57,"786,200",18.28
"Aug 12, 2011",35.38,36.19,35.27,35.89,"1,316,400",17.94
"Aug 11, 2011",33.68,35.39,33.68,35.09,"2,072,200",17.55
"Aug 10, 2011",33.28,34.45,32.84,33.52,"2,547,000",16.76
"Aug 9, 2011",32.00,34.05,32.00,34.04,"2,992,800",17.02
"Aug 8, 2011",32.92,33.16,31.63,31.66,"3,165,400",15.83
"Aug 5, 2011",33.24,34.02,32.51,33.84,"5,250,000",16.92
"Aug 4, 2011",33.78,34.71,32.80,32.86,"3,382,600",16.43
"Aug 3, 2011",34.45,34.74,33.09,34.21,"3,049,400",17.10
"Aug 2, 2011",35.20,35.49,34.42,34.45,"1,335,000",17.23
"Aug 1, 2011",36.29,36.35,35.08,35.55,"1,401,000",17.77
"Jul 29, 2011",35.99,36.46,35.67,36.03,"1,006,400",18.01
"Jul 28, 2011",36.08,36.94,36.08,36.50,"918,800",18.25
"Jul 27, 2011",36.09,36.46,35.87,36.15,"1,069,600",18.08
"Jul 26, 2011",36.10,36.54,36.05,36.28,"1,460,800",18.14
"Jul 25, 2011",36.57,36.69,36.12,36.16,"1,562,400",18.08
"Jul 22, 2011",36.94,37.10,36.73,36.91,"921,600",18.45
"Jul 21, 2011",36.49,37.01,36.49,36.90,"1,878,400",18.45
"Jul 20, 2011",36.84,36.86,35.92,36.26,"2,043,200",18.13
"Jul 19, 2011",36.80,37.00,36.61,36.69,"1,247,000",18.34
"Jul 18, 2011",37.30,37.30,36.39,36.53,"2,047,200",18.26
"Jul 15, 2011",37.64,37.74,37.15,37.41,"1,395,000",18.70
"Jul 14, 2011",37.83,37.83,37.26,37.53,"1,627,600",18.76
"Jul 13, 2011",37.78,38.09,37.52,37.67,"1,406,200",18.83
"Jul 12, 2011",37.29,38.07,37.29,37.73,"1,394,400",18.86
"Jul 11, 2011",37.08,37.58,37.07,37.36,"1,177,000",18.68
"Jul 8, 2011",37.66,37.97,37.50,37.54,"1,173,400",18.77
"Jul 7, 2011",37.65,38.43,37.65,38.20,"2,145,800",19.10
"Jul 6, 2011",37.72,37.76,37.43,37.48,"1,013,200",18.74
"Jul 5, 2011",37.46,38.08,37.09,37.83,"1,672,800",18.92
"Jul 1, 2011",36.72,37.55,36.49,37.37,"1,521,400",18.68
"Jun 30, 2011",36.32,36.89,36.32,36.55,"1,813,600",18.27
"Jun 29, 2011",36.49,36.72,36.31,36.33,"1,219,800",18.17
"Jun 28, 2011",36.00,36.39,35.95,36.23,"1,387,200",18.11
"Jun 27, 2011",35.98,36.15,35.76,36.00,"1,704,600",18.00
"Jun 24, 2011",36.36,36.46,35.90,35.92,"1,396,200",17.96
"Jun 23, 2011",36.82,36.82,35.74,36.48,"2,351,800",18.24
"Jun 22, 2011",37.44,37.76,37.34,37.34,"810,000",18.67
"Jun 21, 2011",36.99,37.96,36.99,37.65,"925,600",18.83
"Jun 20, 2011",36.26,37.01,36.15,36.91,"1,701,600",18.45
"Jun 17, 2011",36.66,37.01,36.47,36.58,"978,000",18.29
"Jun 16, 2011",35.63,36.46,35.49,36.40,"2,584,200",18.20
"Jun 15, 2011",36.12,36.60,35.57,35.63,"1,449,200",17.82
"Jun 14, 2011",36.16,36.53,36.07,36.45,"791,000",18.23
"Jun 13, 2011",35.82,36.36,35.53,35.87,"1,130,200",17.93
"Jun 10, 2011",36.66,36.69,35.77,35.80,"1,150,400",17.90
"Jun 9, 2011",36.58,36.97,36.51,36.73,"782,800",18.36
"Jun 8, 2011",36.85,36.85,36.22,36.40,"951,800",18.20
"Jun 7, 2011",36.84,37.03,36.54,36.85,"1,101,600",18.42
"Jun 6, 2011",37.39,37.39,36.50,36.54,"979,600",18.27
"Jun 3, 2011",37.46,37.74,37.35,37.41,"756,000",18.70
"Jun 2, 2011",38.40,38.69,37.85,37.96,"994,200",18.98
"Jun 1, 2011",38.59,39.03,38.10,38.21,"1,471,600",19.10
"May 31, 2011",38.53,38.90,38.30,38.83,"1,381,400",19.42
"May 27, 2011",38.50,38.86,38.47,38.49,"1,063,600",19.25
"May 26, 2011",38.41,38.76,38.04,38.55,"802,800",19.27
"May 25, 2011",38.42,38.64,38.20,38.49,"1,427,000",19.25
"May 24, 2011",39.27,39.28,38.47,38.49,"1,197,400",19.25
"May 23, 2011",39.46,39.54,39.14,39.24,"726,200",19.62
"May 20, 2011",39.97,40.14,39.56,39.77,"852,200",19.89
"May 19, 2011",39.77,40.46,39.77,40.21,"963,600",20.10
"May 18, 2011",38.81,39.80,38.72,39.76,"1,365,400",19.88
"May 17, 2011",38.76,39.20,38.60,38.74,"775,600",19.37
"May 16, 2011",39.44,39.69,38.82,38.84,"362,000",19.42
"May 13, 2011",39.88,39.93,39.25,39.55,"659,400",19.77
"May 12, 2011",39.05,40.03,39.05,39.95,"1,032,000",19.98
"May 11, 2011",39.69,39.78,39.03,39.20,"981,200",19.60
"May 10, 2011",39.89,40.17,39.71,39.89,"736,600",19.94
"May 9, 2011",40.01,40.03,39.55,39.73,"558,600",19.86
"May 6, 2011",39.71,40.25,39.55,39.93,"699,400",19.97
"May 5, 2011",39.12,39.54,38.77,39.23,"711,400",19.61
"May 4, 2011",39.95,40.20,39.04,39.29,"1,771,400",19.65
"May 3, 2011",39.68,40.04,39.67,39.76,"1,700,800",19.88
"May 2, 2011",39.44,40.38,39.38,39.82,"1,539,200",19.91
"Apr 29, 2011",39.02,39.66,39.02,39.46,"1,722,000",19.73
"Apr 28, 2011",37.99,39.30,37.78,38.84,"2,183,200",19.42
"Apr 27, 2011",37.34,37.85,37.12,37.77,"1,121,400",18.89
"Apr 26, 2011",37.65,37.70,37.17,37.25,"1,718,600",18.62
"Apr 25, 2011",36.90,37.66,36.90,37.66,"1,834,600",18.83
"Apr 21, 2011",37.06,37.07,36.80,36.96,"548,800",18.48
"Apr 20, 2011",36.43,37.04,36.40,37.01,"1,355,200",18.50
"Apr 19, 2011",35.79,36.19,35.66,36.10,"1,550,800",18.05
"Apr 18, 2011",35.27,35.78,35.26,35.67,"884,000",17.83
"Apr 15, 2011",35.72,36.08,35.56,35.81,"1,236,000",17.91
"Apr 14, 2011",35.59,35.79,35.51,35.63,"973,800",17.82
"Apr 13, 2011",35.87,35.99,35.76,35.83,"884,800",17.92
"Apr 12, 2011",35.46,35.73,35.37,35.66,"1,160,000",17.83
"Apr 11, 2011",35.41,35.71,35.34,35.69,"911,400",17.84
"Apr 8, 2011",35.60,35.73,35.37,35.46,"1,581,400",17.73
"Apr 7, 2011",35.56,35.70,35.28,35.56,"2,346,400",17.78
"Apr 6, 2011",35.79,35.82,35.57,35.62,"1,702,400",17.81
"Apr 5, 2011",35.62,36.02,35.48,35.59,"1,287,800",17.80
"Apr 4, 2011",35.59,35.88,35.44,35.78,"1,231,200",17.89
"Apr 1, 2011",35.27,35.84,35.17,35.46,"1,262,800",17.73
"Mar 31, 2011",35.27,35.39,35.07,35.21,"928,000",17.60
"Mar 30, 2011",34.11,35.41,34.11,35.40,"4,233,400",17.70
"Mar 29, 2011",34.25,34.29,33.84,34.00,"2,357,800",17.00
"Mar 28, 2011",34.58,34.73,34.01,34.31,"1,419,000",17.16
"Mar 25, 2011",34.66,35.10,34.52,34.58,"1,503,800",17.29
"Mar 24, 2011",35.04,35.22,34.63,34.64,"927,000",17.32
"Mar 23, 2011",34.36,34.93,33.89,34.78,"1,718,200",17.39
"Mar 22, 2011",34.78,34.97,34.37,34.50,"923,400",17.25
"Mar 21, 2011",34.76,35.21,34.64,34.74,"1,913,000",17.37
"Mar 18, 2011",34.00,34.73,34.00,34.39,"2,789,000",17.19
"Mar 17, 2011",34.46,34.55,33.87,33.91,"1,747,600",16.95
"Mar 16, 2011",34.72,34.82,33.87,33.97,"4,399,800",16.99
"Mar 15, 2011",34.68,35.05,34.59,34.85,"2,718,800",17.42
"Mar 14, 2011",35.59,35.76,35.15,35.33,"2,008,600",17.67
"Mar 11, 2011",35.59,36.36,35.59,35.92,"1,298,400",17.96
"Mar 10, 2011",35.98,36.06,35.41,35.80,"1,537,000",17.90
"Mar 9, 2011",36.49,36.65,36.06,36.28,"2,367,400",18.14
"Mar 8, 2011",36.47,36.73,36.07,36.50,"1,559,000",18.25
"Mar 7, 2011",37.07,37.29,36.27,36.47,"1,522,200",18.24
"Mar 4, 2011",37.73,37.80,37.04,37.11,"1,843,000",18.56
"Mar 3, 2011",37.70,38.13,37.54,37.77,"853,600",18.89
"Mar 2, 2011",37.25,37.77,37.03,37.61,"671,600",18.81
"Mar 1, 2011",37.98,38.25,37.19,37.32,"973,400",18.66
"Feb 28, 2011",38.20,38.21,37.67,38.07,"1,570,000",19.03
"Feb 25, 2011",38.02,38.42,38.02,38.13,"826,200",19.07
"Feb 24, 2011",37.82,38.30,37.49,37.86,"943,800",18.93
"Feb 23, 2011",38.18,38.35,37.34,37.91,"1,304,200",18.95
"Feb 22, 2011",38.57,38.77,38.00,38.34,"1,087,400",19.17
"Feb 18, 2011",38.53,39.08,38.53,39.05,"951,400",19.52
"Feb 17, 2011",39.24,39.36,38.63,38.63,"1,030,400",19.32
"Feb 16, 2011",39.05,39.58,39.05,39.42,"955,000",19.71
"Feb 15, 2011",38.37,39.11,38.37,39.00,"738,000",19.50
"Feb 14, 2011",38.93,38.93,38.33,38.76,"1,419,200",19.38
"Feb 11, 2011",37.75,38.80,37.13,38.73,"2,307,000",19.36
"Feb 10, 2011",37.36,38.27,37.36,38.26,"1,621,200",19.13
"Feb 9, 2011",37.87,38.51,37.60,37.96,"1,119,600",18.98
"Feb 8, 2011",37.45,38.13,37.17,37.84,"2,092,200",18.92
"Feb 7, 2011",36.70,37.38,36.59,37.31,"1,264,600",18.66
"Feb 4, 2011",36.30,36.71,36.06,36.66,"1,587,800",18.33
"Feb 3, 2011",34.90,36.35,34.90,36.20,"2,138,400",18.10
"Feb 2, 2011",34.16,35.08,33.68,34.90,"1,915,400",17.45
"Feb 1, 2011",34.00,34.20,32.98,34.10,"2,898,000",17.05
"Jan 31, 2011",33.60,34.22,33.56,33.96,"2,156,200",16.98
"Jan 28, 2011",34.12,34.44,33.55,33.57,"1,453,400",16.78
"Jan 27, 2011",34.25,34.73,34.10,34.17,"1,183,200",17.08
"Jan 26, 2011",34.09,34.34,33.93,34.24,"1,601,400",17.12
"Jan 25, 2011",34.53,34.76,33.72,34.19,"1,222,200",17.09
"Jan 24, 2011",34.66,34.90,34.06,34.66,"1,044,600",17.33
"Jan 21, 2011",34.60,34.94,34.27,34.53,"987,400",17.26
"Jan 20, 2011",33.98,34.64,33.98,34.31,"2,691,000",17.16
"Jan 19, 2011",33.84,34.30,33.73,33.89,"3,006,000",16.94
"Jan 18, 2011",33.07,33.99,32.82,33.98,"1,957,200",16.99
"Jan 14, 2011",33.55,33.59,32.81,33.28,"2,961,600",16.64
"Jan 13, 2011",34.26,34.51,33.62,33.65,"2,193,000",16.83
"Jan 12, 2011",34.81,34.85,34.28,34.41,"1,049,000",17.20
"Jan 11, 2011",34.81,34.85,34.49,34.75,"905,400",17.38
"Jan 10, 2011",34.56,34.65,34.14,34.50,"1,282,800",17.25
"Jan 7, 2011",34.96,35.00,34.35,34.84,"2,228,600",17.42
"Jan 6, 2011",35.23,35.28,34.83,34.86,"2,963,200",17.43
"Jan 5, 2011",36.08,36.29,35.20,35.33,"2,281,200",17.67
"Jan 4, 2011",36.71,36.81,36.15,36.24,"1,078,000",18.12
"Jan 3, 2011",36.86,36.99,36.51,36.76,"920,400",18.38
"Dec 31, 2010",36.51,37.00,36.37,36.69,"821,400",18.34
"Dec 30, 2010",36.77,36.80,36.24,36.62,"1,550,400",18.31
"Dec 29, 2010",36.26,36.87,36.25,36.73,"798,400",18.36
"Dec 28, 2010",36.63,36.84,36.20,36.55,"522,800",18.27
"Dec 27, 2010",36.63,36.78,36.45,36.61,"558,200",18.31
"Dec 23, 2010",36.91,37.17,36.64,36.80,"1,167,400",18.40
"Dec 22, 2010",37.21,37.36,36.97,37.01,"1,810,200",18.50
"Dec 21, 2010",36.95,37.29,36.83,37.11,"947,600",18.56
"Dec 20, 2010",37.38,37.38,36.77,37.00,"1,035,400",18.50
"Dec 17, 2010",36.57,37.19,36.37,37.07,"2,144,200",18.53
"Dec 16, 2010",36.31,36.75,36.01,36.66,"1,824,600",18.33
"Dec 15, 2010",36.69,36.99,36.42,36.43,"1,160,200",18.22
"Dec 14, 2010",36.50,36.73,36.37,36.61,"874,000",18.31
"Dec 13, 2010",37.03,37.44,36.44,36.56,"1,703,600",18.28
"Dec 10, 2010",36.75,37.11,36.63,37.02,"1,655,600",18.51
"Dec 9, 2010",37.19,37.26,36.63,36.78,"699,400",18.39
"Dec 8, 2010",37.31,37.67,36.90,37.05,"1,080,600",18.52
"Dec 7, 2010",37.82,37.98,37.38,37.38,"1,134,200",18.69
"Dec 6, 2010",37.52,37.59,37.10,37.40,"1,764,000",18.70
"Dec 3, 2010",36.71,37.46,36.54,37.42,"1,109,800",18.71
"Dec 2, 2010",36.22,36.94,36.12,36.76,"1,078,200",18.38
"Dec 1, 2010",35.86,36.37,35.30,35.96,"2,816,000",17.98
"Nov 30, 2010",35.95,36.08,35.48,35.51,"5,273,400",17.75
"Nov 29, 2010",36.13,36.21,35.34,36.06,"2,224,600",18.03
"Nov 26, 2010",36.49,36.72,36.18,36.51,"516,800",18.25
"Nov 24, 2010",35.97,36.81,35.95,36.63,"1,147,400",18.32
"Nov 23, 2010",36.18,36.18,35.59,35.79,"1,585,600",17.90
"Nov 22, 2010",37.00,37.00,36.37,36.53,"2,379,800",18.26
"Nov 19, 2010",36.84,37.12,36.60,36.89,"1,067,000",18.44
"Nov 18, 2010",36.58,37.39,36.45,36.90,"2,664,800",18.45
"Nov 17, 2010",35.17,36.04,35.15,36.00,"3,121,200",18.00
"Nov 16, 2010",34.95,35.05,34.54,34.97,"1,900,200",17.49
"Nov 15, 2010",35.26,35.31,34.75,35.09,"1,437,800",17.55
"Nov 12, 2010",35.43,35.65,35.06,35.15,"1,225,800",17.58
"Nov 11, 2010",35.83,35.83,35.22,35.53,"2,227,000",17.76
"Nov 10, 2010",35.40,36.16,35.04,36.02,"1,838,200",18.01
"Nov 9, 2010",35.91,35.91,35.20,35.36,"1,602,200",17.68
"Nov 8, 2010",35.88,36.00,35.45,35.69,"1,567,400",17.84
"Nov 5, 2010",36.52,36.52,35.61,35.63,"1,400,400",17.82
"Nov 4, 2010",37.53,37.66,36.23,36.37,"2,191,400",18.18
"Nov 3, 2010",37.45,37.60,36.67,37.14,"2,849,800",18.57
"Nov 2, 2010",39.26,39.28,38.69,38.70,"1,235,600",19.35
"Nov 1, 2010",38.98,39.31,38.48,38.76,"554,200",19.38
"Oct 29, 2010",38.02,38.96,38.02,38.90,"2,824,800",19.45
"Oct 28, 2010",39.68,39.68,38.86,39.08,"1,019,200",19.54
"Oct 27, 2010",38.96,39.33,38.50,39.33,"1,415,200",19.67
"Oct 26, 2010",38.72,39.25,38.50,39.09,"671,200",19.55
"Oct 25, 2010",38.96,39.71,38.81,38.89,"1,179,600",19.44
"Oct 22, 2010",38.37,38.61,38.12,38.61,"385,600",19.31
"Oct 21, 2010",38.37,39.01,38.05,38.11,"532,000",19.06
"Oct 20, 2010",37.67,38.66,37.39,38.15,"1,053,000",19.08
"Oct 19, 2010",37.77,38.18,37.25,37.52,"1,347,800",18.76
"Oct 18, 2010",38.38,38.38,37.81,38.09,"1,133,800",19.05
"Oct 15, 2010",38.23,38.37,37.56,37.99,"1,090,400",19.00
"Oct 14, 2010",38.65,38.65,37.69,38.00,"919,600",19.00
"Oct 13, 2010",38.46,38.96,38.46,38.64,"765,400",19.32
"Oct 12, 2010",37.83,38.37,37.38,38.17,"374,800",19.08
"Oct 11, 2010",37.92,38.25,37.84,37.96,"515,600",18.98
"Oct 8, 2010",38.51,38.56,37.75,38.01,"1,379,000",19.00
"Oct 7, 2010",38.18,38.45,37.91,38.35,"679,800",19.17
"Oct 6, 2010",38.39,38.59,37.61,37.87,"1,125,000",18.93
"Oct 5, 2010",37.80,38.53,37.38,38.39,"2,248,600",19.19
"Oct 4, 2010",37.64,37.86,37.15,37.38,"808,600",18.69
"Oct 1, 2010",38.65,38.65,37.53,37.76,"1,041,800",18.88
"Sep 30, 2010",38.44,39.01,38.06,38.19,"897,200",19.09
"Sep 29, 2010",38.04,38.30,37.80,38.25,"735,800",19.12
"Sep 28, 2010",38.20,38.39,37.86,38.20,"1,001,200",19.10
"Sep 27, 2010",37.98,38.57,37.84,38.24,"657,000",19.12
"Sep 24, 2010",37.92,38.30,37.76,38.09,"2,283,000",19.05
"Sep 23, 2010",37.04,38.03,36.93,37.33,"1,099,200",18.67
"Sep 22, 2010",38.02,38.52,37.34,37.53,"1,318,400",18.76
"Sep 21, 2010",38.63,39.14,38.05,38.21,"1,436,200",19.10
"Sep 20, 2010",37.55,38.61,37.39,38.52,"1,510,800",19.26
"Sep 17, 2010",37.10,37.57,37.00,37.40,"1,113,800",18.70
"Sep 16, 2010",36.69,37.28,36.15,37.08,"1,804,400",18.54
"Sep 15, 2010",35.61,37.24,35.61,36.65,"2,707,800",18.33
"Sep 14, 2010",35.31,35.78,34.91,35.76,"1,445,600",17.88
"Sep 13, 2010",35.35,35.70,35.16,35.21,"815,600",17.60
"Sep 10, 2010",34.94,35.01,34.52,34.99,"761,000",17.50
"Sep 9, 2010",35.14,35.22,34.50,34.76,"1,352,800",17.38
"Sep 8, 2010",34.99,35.50,34.58,34.65,"1,355,000",17.33
"Sep 7, 2010",36.22,36.22,34.72,34.99,"824,600",17.50
"Sep 3, 2010",35.91,36.30,35.48,36.13,"905,800",18.07
"Sep 2, 2010",35.08,35.40,34.95,35.36,"1,211,800",17.68
"Sep 1, 2010",34.18,35.08,34.14,34.89,"1,165,000",17.44
"Aug 31, 2010",33.65,34.13,33.40,33.80,"1,164,800",16.90
"Aug 30, 2010",33.99,34.19,33.63,33.73,"752,000",16.86
"Aug 27, 2010",33.50,33.93,32.80,33.93,"963,400",16.97
"Aug 26, 2010",32.93,33.34,32.75,33.12,"999,000",16.56
"Aug 25, 2010",32.40,32.84,32.07,32.74,"740,600",16.37
"Aug 24, 2010",33.36,33.36,32.66,32.75,"726,200",16.38
"Aug 23, 2010",34.00,34.00,33.43,33.55,"635,800",16.77
"Aug 20, 2010",33.16,33.68,32.92,33.57,"1,206,200",16.78
"Aug 19, 2010",33.71,33.84,33.15,33.28,"1,177,400",16.64
"Aug 18, 2010",33.64,34.23,33.28,33.99,"948,400",17.00
"Aug 17, 2010",32.99,33.93,32.73,33.60,"1,340,800",16.80
"Aug 16, 2010",32.77,32.85,32.40,32.72,"847,200",16.36
"Aug 13, 2010",32.53,33.04,32.49,32.82,"1,342,400",16.41
"Aug 12, 2010",32.76,32.95,32.34,32.70,"864,400",16.35
"Aug 11, 2010",33.21,33.32,32.69,33.11,"894,200",16.56
"Aug 10, 2010",33.00,33.75,32.90,33.67,"1,603,600",16.83
"Aug 9, 2010",33.57,33.58,33.26,33.36,"1,240,200",16.68
"Aug 6, 2010",33.54,33.77,33.07,33.47,"1,886,200",16.74
"Aug 5, 2010",33.67,33.96,33.13,33.85,"1,655,400",16.92
"Aug 4, 2010",33.92,34.22,33.48,34.03,"1,314,800",17.01
"Aug 3, 2010",34.67,35.75,33.90,34.04,"3,765,200",17.02
"Aug 2, 2010",34.98,35.75,34.82,34.86,"2,794,800",17.43
"Jul 30, 2010",33.15,34.43,32.82,34.38,"2,560,600",17.19
"Jul 29, 2010",33.52,33.83,33.10,33.53,"919,400",16.76
"Jul 28, 2010",33.19,33.28,32.92,33.23,"1,418,200",16.61
"Jul 27, 2010",34.13,34.13,33.23,33.32,"1,578,200",16.66
"Jul 26, 2010",32.11,33.81,32.11,33.69,"2,755,000",16.84
"Jul 23, 2010",31.26,32.25,31.23,32.23,"1,159,600",16.11
"Jul 22, 2010",30.65,31.44,30.14,31.30,"1,712,800",15.65
"Jul 21, 2010",31.11,31.13,30.29,30.34,"1,552,000",15.17
"Jul 20, 2010",30.35,31.14,30.21,31.08,"1,793,600",15.54
"Jul 19, 2010",30.82,31.07,30.63,30.83,"958,800",15.41
"Jul 16, 2010",31.70,31.70,30.53,30.63,"1,473,600",15.31
"Jul 15, 2010",32.14,32.18,31.43,31.89,"2,629,800",15.94
"Jul 14, 2010",31.81,32.43,31.62,32.10,"2,354,400",16.05
"Jul 13, 2010",31.45,32.05,31.34,31.87,"1,752,800",15.94
"Jul 12, 2010",31.31,31.50,30.76,31.16,"1,868,400",15.58
"Jul 9, 2010",31.45,31.59,31.16,31.48,"2,835,600",15.74
"Jul 8, 2010",31.71,31.92,31.10,31.52,"2,430,400",15.76
"Jul 7, 2010",31.14,31.52,31.00,31.50,"2,048,600",15.75
"Jul 6, 2010",31.56,31.56,30.80,31.14,"2,424,600",15.57
"Jul 2, 2010",31.58,31.63,30.25,30.84,"2,391,600",15.42
"Jul 1, 2010",30.71,31.41,30.45,31.40,"2,440,800",15.70
"Jun 30, 2010",30.61,31.47,30.50,30.93,"2,980,400",15.47
"Jun 29, 2010",32.30,32.35,30.44,30.59,"3,587,400",15.30
"Jun 28, 2010",32.68,33.18,32.48,32.74,"4,381,600",16.37
"Jun 25, 2010",32.13,32.91,31.95,32.35,"40,189,800",16.17
"Jun 24, 2010",32.63,32.91,31.40,32.20,"5,319,000",16.10
"Jun 23, 2010",33.31,33.49,32.64,33.05,"4,718,600",16.52
"Jun 22, 2010",33.84,34.17,33.08,33.23,"6,902,200",16.61
"Jun 21, 2010",33.39,34.58,33.33,33.64,"3,894,600",16.82
"Jun 18, 2010",32.87,33.45,32.84,33.04,"2,356,600",16.52
"Jun 17, 2010",32.57,33.03,32.48,32.97,"1,544,800",16.49
"Jun 16, 2010",32.49,33.00,31.89,32.57,"1,738,800",16.28
"Jun 15, 2010",32.10,32.87,31.98,32.77,"1,878,200",16.39
"Jun 14, 2010",32.38,32.56,31.89,31.95,"1,580,600",15.98
"Jun 11, 2010",31.17,32.15,30.76,32.08,"2,057,200",16.04
"Jun 10, 2010",30.13,31.34,30.13,31.28,"1,721,400",15.64
"Jun 9, 2010",30.03,30.61,29.58,29.70,"1,699,200",14.85
"Jun 8, 2010",30.20,30.20,28.93,29.90,"1,555,600",14.95
"Jun 7, 2010",31.05,31.29,30.00,30.11,"2,031,800",15.06
"Jun 4, 2010",32.40,32.40,30.94,31.09,"1,611,400",15.55
"Jun 3, 2010",32.78,33.23,32.46,32.84,"1,794,400",16.42
"Jun 2, 2010",31.43,32.75,31.20,32.69,"1,874,400",16.34
"Jun 1, 2010",31.42,32.18,31.16,31.23,"1,630,800",15.61
"May 28, 2010",32.64,32.64,31.29,31.74,"2,639,200",15.87
"May 27, 2010",31.99,32.71,31.97,32.71,"1,040,200",16.35
"May 26, 2010",31.18,32.33,30.97,31.42,"1,291,400",15.71
"May 25, 2010",30.41,31.03,29.53,30.94,"1,235,400",15.47
"May 24, 2010",30.64,31.17,30.31,30.91,"951,200",15.45
"May 21, 2010",29.89,30.81,29.53,30.70,"930,400",15.35
"May 20, 2010",30.46,30.88,30.10,30.22,"1,562,600",15.11
"May 19, 2010",31.10,31.60,30.52,31.04,"1,518,600",15.52
"May 18, 2010",31.74,32.00,30.95,31.18,"999,800",15.59
"May 17, 2010",31.73,32.08,30.92,31.47,"695,000",15.73
"May 14, 2010",32.27,32.40,31.43,31.76,"814,000",15.88
"May 13, 2010",33.03,33.13,32.34,32.46,"760,000",16.23
"May 12, 2010",32.76,33.07,32.33,32.90,"929,200",16.45
"May 11, 2010",31.27,32.46,31.27,32.46,"1,612,400",16.23
"May 10, 2010",31.14,32.55,31.14,31.71,"1,974,200",15.85
"May 7, 2010",30.97,31.37,29.47,29.88,"1,685,600",14.94
"May 6, 2010",31.65,32.14,28.45,30.75,"2,304,800",15.38
"May 5, 2010",33.09,33.09,31.44,31.73,"1,270,600",15.86
"May 4, 2010",33.37,33.37,32.79,33.18,"947,600",16.59
"May 3, 2010",33.66,33.80,33.21,33.58,"1,743,200",16.79
"Apr 30, 2010",32.14,33.70,32.14,33.38,"2,818,000",16.69
"Apr 29, 2010",31.22,32.21,31.14,32.19,"2,159,000",16.09
"Apr 28, 2010",30.55,31.07,30.49,31.00,"1,268,400",15.50
"Apr 27, 2010",30.85,31.09,30.48,30.59,"1,548,600",15.30
"Apr 26, 2010",31.26,31.44,30.97,31.13,"913,600",15.56
"Apr 23, 2010",30.83,31.54,30.57,31.38,"1,075,600",15.69
"Apr 22, 2010",30.49,30.81,30.40,30.77,"2,264,800",15.39
"Apr 21, 2010",30.44,30.99,30.44,30.76,"2,841,800",15.38
"Apr 20, 2010",30.11,30.66,30.00,30.46,"1,663,600",15.23
"Apr 19, 2010",29.84,30.31,29.64,29.99,"1,171,200",14.99
"Apr 16, 2010",30.13,30.53,29.71,30.01,"737,800",15.01
"Apr 15, 2010",30.22,30.36,30.08,30.18,"967,000",15.09
"Apr 14, 2010",30.03,30.21,29.77,30.17,"1,183,400",15.09
"Apr 13, 2010",29.80,30.05,29.67,30.03,"728,000",15.02
"Apr 12, 2010",30.09,30.17,29.81,29.91,"1,107,800",14.95
"Apr 9, 2010",29.64,30.27,29.59,30.10,"1,514,600",15.05
"Apr 8, 2010",29.64,29.71,29.38,29.63,"2,410,800",14.81
"Apr 7, 2010",29.78,29.80,29.40,29.60,"1,403,200",14.80
"Apr 6, 2010",29.41,29.97,29.38,29.93,"854,400",14.97
"Apr 5, 2010",29.45,29.61,29.20,29.58,"563,200",14.79
"Apr 1, 2010",29.44,29.46,29.06,29.32,"1,026,600",14.66
"Mar 31, 2010",29.62,29.68,29.28,29.41,"1,157,000",14.70
"Mar 30, 2010",29.50,29.94,29.27,29.80,"2,053,600",14.90
"Mar 29, 2010",29.62,30.14,29.37,29.43,"578,600",14.72
"Mar 26, 2010",29.57,29.80,29.38,29.54,"1,561,400",14.77
"Mar 25, 2010",29.64,29.99,29.41,29.46,"905,200",14.73
"Mar 24, 2010",29.40,29.64,29.13,29.62,"723,400",14.81
"Mar 23, 2010",29.13,29.50,29.05,29.38,"1,207,000",14.69
"Mar 22, 2010",28.64,29.45,28.44,29.31,"809,600",14.65
"Mar 19, 2010",28.70,29.20,28.51,28.70,"830,600",14.35
"Mar 18, 2010",28.81,28.96,28.66,28.75,"806,400",14.38
"Mar 17, 2010",28.79,29.04,28.70,28.86,"273,400",14.43
"Mar 16, 2010",28.58,28.91,28.43,28.78,"721,600",14.39
"Mar 15, 2010",28.63,28.76,28.38,28.65,"587,200",14.32
"Mar 12, 2010",28.38,28.75,28.21,28.74,"602,600",14.37
"Mar 11, 2010",28.19,28.49,27.95,28.42,"429,400",14.21
"Mar 10, 2010",28.11,28.40,27.77,28.17,"762,600",14.09
"Mar 9, 2010",27.68,28.30,27.68,28.19,"870,000",14.10
"Mar 8, 2010",27.66,28.09,27.63,27.95,"1,449,600",13.98
"Mar 5, 2010",27.26,27.80,27.25,27.71,"894,000",13.85
"Mar 4, 2010",26.85,27.41,26.60,27.23,"910,400",13.61
"Mar 3, 2010",26.80,27.02,26.75,26.76,"1,195,600",13.38
"Mar 2, 2010",26.88,27.00,26.76,26.84,"2,754,400",13.42
"Mar 1, 2010",26.65,27.10,26.65,26.92,"5,921,800",13.46
"Feb 26, 2010",27.29,27.61,26.52,26.55,"15,486,000",13.27
"Feb 25, 2010",27.85,27.89,27.03,27.31,"1,542,000",13.65
"Feb 24, 2010",28.42,28.42,27.91,28.13,"1,154,800",14.06
"Feb 23, 2010",27.59,28.45,27.53,28.20,"1,776,200",14.10
"Feb 22, 2010",27.98,28.52,27.98,28.23,"1,477,600",14.11
"Feb 19, 2010",27.34,28.18,27.31,28.02,"980,600",14.01
"Feb 18, 2010",27.27,27.78,27.27,27.52,"1,354,800",13.76
"Feb 17, 2010",27.31,27.84,27.00,27.49,"2,467,800",13.74
"Feb 16, 2010",25.80,26.05,25.73,25.83,"910,600",12.91
"Feb 12, 2010",25.24,25.80,25.20,25.70,"1,006,400",12.85
"Feb 11, 2010",25.42,25.55,25.20,25.40,"581,800",12.70
"Feb 10, 2010",25.87,25.87,25.00,25.33,"1,078,200",12.66
"Feb 9, 2010",25.95,26.36,25.81,26.22,"1,101,000",13.11
"Feb 8, 2010",25.73,26.05,25.66,25.73,"3,177,600",12.86
"Feb 5, 2010",25.67,25.69,24.96,25.64,"921,400",12.82
"Feb 4, 2010",26.25,26.26,25.71,25.77,"827,200",12.89
"Feb 3, 2010",26.50,26.64,26.36,26.41,"503,400",13.20
"Feb 2, 2010",26.68,26.68,26.24,26.50,"741,600",13.25
"Feb 1, 2010",26.57,26.68,26.32,26.52,"482,800",13.26
"Jan 29, 2010",26.65,26.83,26.25,26.26,"986,600",13.13
"Jan 28, 2010",26.40,26.77,26.09,26.61,"668,400",13.31
"Jan 27, 2010",26.73,26.90,25.89,26.40,"403,400",13.20
"Jan 26, 2010",26.83,27.02,26.54,26.87,"514,400",13.44
"Jan 25, 2010",27.28,27.28,26.56,26.78,"872,600",13.39
"Jan 22, 2010",27.98,27.98,26.83,26.84,"638,000",13.42
"Jan 21, 2010",28.52,28.65,27.33,27.89,"1,457,000",13.94
"Jan 20, 2010",28.37,28.46,28.14,28.19,"385,600",14.10
"Jan 19, 2010",28.30,28.54,28.15,28.54,"666,000",14.27
"Jan 15, 2010",28.39,29.03,27.99,28.43,"661,200",14.22
"Jan 14, 2010",27.81,28.26,27.72,27.80,"531,200",13.90
"Jan 13, 2010",27.97,28.16,27.45,27.91,"1,196,000",13.95
"Jan 12, 2010",28.56,28.72,27.94,27.96,"1,762,200",13.98
"Jan 11, 2010",28.92,29.05,28.65,28.73,"1,086,200",14.36
"Jan 8, 2010",28.38,28.91,28.30,28.91,"1,252,200",14.45
"Jan 7, 2010",28.32,28.59,28.13,28.51,"744,800",14.26
"Jan 6, 2010",28.14,28.41,27.84,28.25,"1,016,000",14.12
"Jan 5, 2010",26.68,28.04,26.68,27.97,"857,400",13.98
"Jan 4, 2010",26.63,26.92,26.50,26.79,"535,400",13.40
"Dec 31, 2009",26.21,26.63,26.21,26.52,"348,800",13.26
"Dec 30, 2009",26.42,26.60,26.05,26.30,"401,400",13.15
"Dec 29, 2009",26.74,26.96,26.59,26.59,"245,800",13.30
"Dec 28, 2009",26.96,27.15,26.69,26.72,"125,000",13.36
"Dec 24, 2009",26.78,26.97,26.76,26.88,"96,600",13.44
"Dec 23, 2009",27.32,27.35,26.67,26.79,"387,200",13.40
"Dec 22, 2009",27.32,27.50,26.98,27.34,"725,600",13.67
"Dec 21, 2009",27.05,27.46,27.05,27.31,"415,800",13.65
"Dec 18, 2009",27.18,27.30,26.78,27.10,"997,600",13.55
"Dec 17, 2009",26.35,27.37,26.13,27.15,"923,600",13.57
"Dec 16, 2009",26.98,27.09,26.83,26.85,"851,400",13.43
"Dec 15, 2009",27.13,27.29,26.78,26.85,"1,641,800",13.43
"Dec 14, 2009",27.65,27.82,27.08,27.27,"988,400",13.64
"Dec 11, 2009",28.05,28.09,27.53,27.69,"839,800",13.85
"Dec 10, 2009",27.22,28.05,27.10,27.82,"836,800",13.91
"Dec 9, 2009",27.64,27.64,27.05,27.16,"805,000",13.58
"Dec 8, 2009",27.73,27.73,27.30,27.44,"520,600",13.72
"Dec 7, 2009",27.32,27.89,27.32,27.68,"592,600",13.84
"Dec 4, 2009",27.59,27.78,27.16,27.45,"711,400",13.73
"Dec 3, 2009",28.00,28.17,27.38,27.44,"1,039,200",13.72
"Dec 2, 2009",28.01,28.45,27.91,28.03,"877,400",14.02
"Dec 1, 2009",28.25,28.48,27.98,28.16,"1,391,000",14.08
"Nov 30, 2009",27.79,28.08,27.38,28.04,"1,278,200",14.02
"Nov 27, 2009",27.16,27.89,27.16,27.69,"127,200",13.85
"Nov 25, 2009",27.97,28.11,27.76,27.96,"581,200",13.98
"Nov 24, 2009",27.77,28.12,27.42,28.05,"770,800",14.02
"Nov 23, 2009",27.93,28.46,27.41,27.71,"637,200",13.85
"Nov 20, 2009",27.51,27.77,26.79,27.40,"657,800",13.70
"Nov 19, 2009",27.66,27.66,26.98,27.51,"587,200",13.76
"Nov 18, 2009",27.92,28.21,27.60,27.69,"549,800",13.85
"Nov 17, 2009",27.80,28.16,27.48,28.16,"599,800",14.08
"Nov 16, 2009",27.02,27.79,26.82,27.75,"448,800",13.88
"Nov 13, 2009",26.89,26.99,26.51,26.99,"481,000",13.49
"Nov 12, 2009",26.61,27.20,26.58,26.70,"457,600",13.35
"Nov 11, 2009",26.99,27.22,26.69,26.78,"318,800",13.39
"Nov 10, 2009",27.00,27.00,26.41,26.81,"854,400",13.40
"Nov 9, 2009",26.51,26.98,26.01,26.97,"639,600",13.48
"Nov 6, 2009",25.60,26.08,25.28,26.08,"410,800",13.04
"Nov 5, 2009",25.00,25.70,24.51,25.68,"908,600",12.84
"Nov 4, 2009",24.62,25.79,24.49,24.61,"758,400",12.31
"Nov 3, 2009",23.72,24.39,23.33,24.38,"794,400",12.19
"Nov 2, 2009",23.94,24.52,23.54,23.82,"1,120,400",11.91
"Oct 30, 2009",25.00,25.10,23.88,24.02,"685,200",12.01
"Oct 29, 2009",24.49,25.20,24.38,25.09,"1,301,200",12.55
"Oct 28, 2009",25.39,25.39,24.44,24.52,"1,087,400",12.26
"Oct 27, 2009",26.52,26.55,25.58,25.59,"818,600",12.80
"Oct 26, 2009",26.36,26.69,26.23,26.30,"875,400",13.15
"Oct 23, 2009",26.43,26.64,26.26,26.36,"888,600",13.18
"Oct 22, 2009",26.25,26.94,26.17,26.60,"612,200",13.30
"Oct 21, 2009",27.30,27.48,26.37,26.46,"501,400",13.23
"Oct 20, 2009",27.64,27.98,27.30,27.45,"1,034,600",13.73
"Oct 19, 2009",27.09,27.76,26.80,27.55,"1,701,400",13.77
"Oct 16, 2009",26.81,27.20,26.75,26.96,"805,800",13.48
"Oct 15, 2009",27.44,27.48,26.91,27.00,"810,400",13.50
"Oct 14, 2009",27.47,27.51,27.16,27.45,"1,096,800",13.73
"Oct 13, 2009",27.64,27.64,27.10,27.30,"319,600",13.65
"Oct 12, 2009",27.56,27.89,27.36,27.55,"617,800",13.77
"Oct 9, 2009",28.05,28.05,27.38,27.63,"803,000",13.81
"Oct 8, 2009",27.36,28.15,27.36,27.98,"2,051,600",13.99
"Oct 7, 2009",26.96,27.38,26.83,27.34,"928,000",13.67
"Oct 6, 2009",26.58,27.45,26.45,27.16,"558,000",13.58
"Oct 5, 2009",26.43,26.69,26.15,26.58,"894,000",13.29
"Oct 2, 2009",25.93,26.18,25.65,26.10,"312,800",13.05
"Oct 1, 2009",26.54,26.84,25.92,26.01,"909,600",13.01
"Sep 30, 2009",25.60,26.27,25.60,26.03,"791,200",13.02
"Sep 29, 2009",25.50,25.95,25.30,25.67,"631,200",12.84
"Sep 28, 2009",24.92,25.67,24.88,25.46,"569,800",12.73
"Sep 25, 2009",25.40,25.51,24.85,24.85,"535,200",12.43
"Sep 24, 2009",25.79,25.80,25.29,25.54,"571,000",12.77
"Sep 23, 2009",26.35,26.48,25.76,25.78,"816,600",12.89
"Sep 22, 2009",26.22,26.48,26.20,26.35,"952,200",13.18
"Sep 21, 2009",26.15,26.58,26.14,26.18,"679,000",13.09
"Sep 18, 2009",26.36,26.60,26.03,26.41,"827,200",13.20
"Sep 17, 2009",26.50,26.50,26.12,26.14,"452,600",13.07
"Sep 16, 2009",26.04,26.75,25.83,26.45,"398,200",13.23
"Sep 15, 2009",25.47,26.04,25.31,25.88,"1,033,000",12.94
"Sep 14, 2009",25.54,25.60,25.22,25.41,"814,400",12.70
"Sep 11, 2009",25.53,26.03,25.24,25.48,"1,230,600",12.74
"Sep 10, 2009",24.61,25.74,24.46,25.65,"970,400",12.82
"Sep 9, 2009",23.99,24.64,23.88,24.59,"706,800",12.30
"Sep 8, 2009",23.67,24.16,23.67,24.10,"443,000",12.05
"Sep 4, 2009",23.02,23.70,23.02,23.68,"263,800",11.84
"Sep 3, 2009",23.24,23.30,22.87,23.17,"435,800",11.59
"Sep 2, 2009",23.34,23.36,22.82,22.99,"873,200",11.49
"Sep 1, 2009",23.42,23.87,23.07,23.23,"1,253,800",11.61
"Aug 31, 2009",23.36,23.52,23.17,23.37,"535,800",11.69
"Aug 28, 2009",23.87,24.20,23.02,23.41,"1,044,800",11.70
"Aug 27, 2009",24.24,24.24,23.33,23.79,"1,041,400",11.90
"Aug 26, 2009",24.00,24.27,23.81,24.20,"1,335,200",12.10
"Aug 25, 2009",23.86,24.50,23.79,24.23,"1,544,800",12.11
"Aug 24, 2009",23.55,23.90,23.35,23.65,"656,800",11.82
"Aug 21, 2009",23.14,23.57,23.02,23.52,"815,200",11.76
"Aug 20, 2009",22.42,23.26,22.42,23.12,"589,600",11.56
"Aug 19, 2009",22.44,23.08,22.40,22.89,"952,800",11.44
"Aug 18, 2009",22.53,22.83,22.35,22.67,"366,400",11.34
"Aug 17, 2009",22.62,22.68,22.16,22.37,"456,000",11.19
"Aug 14, 2009",22.91,22.99,22.33,22.83,"283,000",11.41
"Aug 13, 2009",23.21,23.21,22.79,22.93,"477,400",11.47
"Aug 12, 2009",23.03,23.57,22.89,23.18,"1,175,400",11.59
"Aug 11, 2009",23.09,23.82,22.69,22.93,"500,400",11.47
"Aug 10, 2009",23.41,23.77,22.99,23.34,"651,600",11.67
"Aug 7, 2009",23.24,23.51,22.99,23.48,"841,200",11.74
"Aug 6, 2009",22.82,23.50,22.69,22.95,"688,000",11.48
"Aug 5, 2009",23.07,23.13,22.41,22.96,"343,200",11.48
"Aug 4, 2009",22.77,23.42,22.55,22.94,"639,200",11.47
"Aug 3, 2009",22.49,23.11,22.35,23.11,"1,818,400",11.56
"Jul 31, 2009",22.39,22.50,22.24,22.40,"708,800",11.20
"Jul 30, 2009",22.31,22.64,22.23,22.35,"1,834,000",11.18
"Jul 29, 2009",22.13,22.50,22.06,22.08,"187,000",11.04
"Jul 28, 2009",21.79,22.53,21.79,22.43,"429,000",11.22
"Jul 27, 2009",22.17,22.20,21.67,22.07,"274,600",11.03
"Jul 24, 2009",22.25,22.32,21.81,22.17,"311,200",11.09
"Jul 23, 2009",22.08,22.21,21.64,22.05,"376,600",11.02
"Jul 22, 2009",21.63,22.03,21.63,21.88,"217,600",10.94
"Jul 21, 2009",22.03,22.03,21.66,21.89,"355,800",10.94
"Jul 20, 2009",21.15,22.02,21.04,21.98,"578,400",10.99
"Jul 17, 2009",21.56,21.62,21.13,21.29,"423,200",10.65
"Jul 16, 2009",21.50,21.80,21.10,21.66,"380,800",10.83
"Jul 15, 2009",21.15,21.79,21.02,21.60,"466,000",10.80
"Jul 14, 2009",20.19,21.18,20.19,20.98,"814,600",10.49
"Jul 13, 2009",20.58,20.58,19.83,20.41,"873,400",10.20
"Jul 10, 2009",20.41,20.83,20.17,20.46,"532,800",10.23
"Jul 9, 2009",19.84,20.63,19.84,20.41,"1,299,600",10.20
"Jul 8, 2009",20.17,20.34,19.54,19.85,"1,033,400",9.93
"Jul 7, 2009",20.03,20.38,19.80,19.89,"618,400",9.94
"Jul 6, 2009",20.49,20.49,19.87,20.11,"607,800",10.06
"Jul 2, 2009",21.21,21.21,20.39,20.41,"846,200",10.20
"Jul 1, 2009",20.46,21.53,20.43,21.21,"703,000",10.60
"Jun 30, 2009",20.44,20.70,20.24,20.53,"2,236,400",10.27
"Jun 29, 2009",20.51,20.68,20.24,20.33,"1,510,200",10.16
"Jun 26, 2009",18.95,21.50,18.95,21.22,"14,605,200",10.61
"Jun 25, 2009",18.80,19.29,18.73,19.20,"834,600",9.60
"Jun 24, 2009",18.50,19.55,18.48,18.77,"417,200",9.39
"Jun 23, 2009",18.40,18.81,18.06,18.27,"530,200",9.14
"Jun 22, 2009",18.74,18.98,18.18,18.42,"555,200",9.21
"Jun 19, 2009",19.29,19.41,18.78,18.87,"815,600",9.44
"Jun 18, 2009",19.24,19.54,19.19,19.28,"441,600",9.64
"Jun 17, 2009",19.22,19.45,18.76,19.24,"617,600",9.62
"Jun 16, 2009",19.86,20.15,19.06,19.28,"283,200",9.64
"Jun 15, 2009",20.17,20.17,19.34,19.98,"541,400",9.99
"Jun 12, 2009",20.79,20.79,19.94,20.17,"583,600",10.09
"Jun 11, 2009",20.81,20.99,20.49,20.66,"551,600",10.33
"Jun 10, 2009",21.89,21.95,20.76,21.05,"427,800",10.52
"Jun 9, 2009",21.26,21.64,21.11,21.57,"471,000",10.78
"Jun 8, 2009",20.67,21.51,20.67,21.36,"375,400",10.68
"Jun 5, 2009",20.82,21.11,20.32,21.00,"1,281,800",10.50
"Jun 4, 2009",20.60,20.88,20.43,20.53,"901,800",10.27
"Jun 3, 2009",20.87,20.99,20.55,20.77,"350,600",10.39
"Jun 2, 2009",20.90,21.06,20.37,20.88,"681,800",10.44
"Jun 1, 2009",20.81,21.45,20.53,20.80,"1,244,400",10.40
"May 29, 2009",20.24,20.84,20.24,20.84,"1,559,200",10.42
"May 28, 2009",20.00,20.50,19.75,20.43,"541,200",10.22
"May 27, 2009",20.21,20.29,19.93,20.07,"1,390,600",10.03
"May 26, 2009",20.19,20.44,20.07,20.25,"1,364,800",10.12
"May 22, 2009",20.21,20.39,19.94,20.19,"336,200",10.10
"May 21, 2009",20.22,20.22,19.42,20.01,"763,200",10.01
"May 20, 2009",19.26,20.70,19.26,20.41,"930,200",10.20
"May 19, 2009",18.88,19.38,18.66,19.27,"281,400",9.64
"May 18, 2009",18.14,18.79,17.76,18.77,"357,600",9.39
"May 15, 2009",18.20,18.52,17.91,18.09,"303,000",9.05
"May 14, 2009",17.82,18.22,17.62,18.07,"317,400",9.03
"May 13, 2009",17.80,18.06,17.63,17.91,"402,400",8.95
"May 12, 2009",18.96,19.75,17.82,18.18,"566,800",9.09
"May 11, 2009",18.78,19.29,18.55,19.00,"578,000",9.50
"May 8, 2009",19.24,19.24,18.59,18.93,"390,400",9.47
"May 7, 2009",19.67,19.82,18.84,18.96,"1,086,400",9.48
"May 6, 2009",19.96,20.14,19.41,19.74,"495,200",9.87
"May 5, 2009",18.62,19.94,18.39,19.89,"1,181,800",9.94
"May 4, 2009",17.55,19.01,17.55,18.80,"1,677,400",9.40
"May 1, 2009",17.61,17.61,16.80,17.29,"284,400",8.65
"Apr 30, 2009",18.26,18.61,17.45,17.52,"706,400",8.76
"Apr 29, 2009",17.24,18.30,17.24,18.13,"1,196,200",9.06
"Apr 28, 2009",16.96,17.35,16.89,17.02,"367,800",8.51
"Apr 27, 2009",16.58,17.39,16.56,17.06,"704,400",8.53
"Apr 24, 2009",16.60,16.99,16.56,16.82,"437,800",8.41
"Apr 23, 2009",17.24,17.37,16.46,16.63,"433,600",8.31
"Apr 22, 2009",16.55,17.59,16.55,17.22,"388,000",8.61
"Apr 21, 2009",16.66,16.89,16.19,16.84,"401,000",8.42
"Apr 20, 2009",16.46,16.69,16.34,16.51,"394,400",8.26
"Apr 17, 2009",16.64,16.90,16.51,16.79,"691,200",8.40
"Apr 16, 2009",15.84,16.94,15.84,16.71,"417,600",8.35
"Apr 15, 2009",15.51,15.94,15.40,15.82,"506,600",7.91
"Apr 14, 2009",16.10,16.30,15.66,15.71,"682,600",7.86
"Apr 13, 2009",16.30,16.32,15.90,16.15,"276,400",8.07
"Apr 9, 2009",15.84,16.48,15.84,16.27,"1,237,800",8.14
"Apr 8, 2009",15.45,15.88,15.25,15.66,"1,013,000",7.83
"Apr 7, 2009",16.05,16.05,15.23,15.36,"1,842,600",7.68
"Apr 6, 2009",16.35,16.48,16.13,16.47,"1,113,200",8.23
"Apr 3, 2009",16.44,16.64,16.02,16.63,"1,647,800",8.31
"Apr 2, 2009",15.59,16.54,15.59,16.35,"1,269,200",8.18
"Apr 1, 2009",14.41,15.62,14.41,15.53,"2,333,800",7.76
"Mar 31, 2009",14.61,14.98,14.47,14.65,"1,000,400",7.32
"Mar 30, 2009",14.52,14.69,13.98,14.62,"575,800",7.31
"Mar 27, 2009",14.92,15.15,14.14,14.79,"991,800",7.39
"Mar 26, 2009",14.77,15.21,14.77,15.05,"1,320,400",7.53
"Mar 25, 2009",14.81,14.81,14.27,14.77,"1,420,400",7.39
"Mar 24, 2009",14.94,15.19,14.76,14.84,"293,600",7.42
"Mar 23, 2009",14.73,15.20,14.40,15.18,"619,600",7.59
"Mar 20, 2009",14.90,14.92,14.41,14.50,"432,600",7.25
"Mar 19, 2009",15.28,15.35,14.67,14.83,"1,144,400",7.41
"Mar 18, 2009",15.05,15.37,15.00,15.26,"832,400",7.63
"Mar 17, 2009",15.37,15.37,14.88,15.25,"610,000",7.62
"Mar 16, 2009",15.44,15.68,15.11,15.25,"520,400",7.62
"Mar 13, 2009",15.25,15.44,14.81,15.37,"755,200",7.68
"Mar 12, 2009",14.12,15.25,14.01,15.20,"1,309,400",7.60
"Mar 11, 2009",14.15,14.33,13.87,14.25,"1,011,400",7.12
"Mar 10, 2009",13.57,14.11,13.29,14.01,"1,325,600",7.01
"Mar 9, 2009",13.76,14.08,13.24,13.30,"1,816,000",6.65
"Mar 6, 2009",14.32,14.58,13.63,13.98,"1,812,400",6.99
"Mar 5, 2009",14.18,14.99,14.14,14.26,"701,800",7.13
"Mar 4, 2009",14.95,15.05,14.01,14.50,"2,074,600",7.25
"Mar 3, 2009",14.82,15.01,14.49,14.81,"809,200",7.41
"Mar 2, 2009",14.32,14.90,14.32,14.51,"884,000",7.26
"Feb 27, 2009",13.88,14.80,13.88,14.68,"1,430,800",7.34
"Feb 26, 2009",14.30,14.75,13.90,14.04,"795,000",7.02
"Feb 25, 2009",13.82,14.58,13.65,14.13,"1,066,400",7.07
"Feb 24, 2009",12.17,12.78,12.04,12.68,"1,301,800",6.34
"Feb 23, 2009",12.27,12.66,12.03,12.10,"808,800",6.05
"Feb 20, 2009",12.50,12.62,12.09,12.26,"433,200",6.13
"Feb 19, 2009",13.05,13.11,12.58,12.63,"779,000",6.32
"Feb 18, 2009",13.38,13.51,12.77,12.99,"852,800",6.49
"Feb 17, 2009",13.48,13.80,12.99,13.20,"1,149,800",6.60
"Feb 13, 2009",13.90,13.91,13.54,13.78,"432,000",6.89
"Feb 12, 2009",13.24,13.90,13.24,13.81,"339,800",6.91
"Feb 11, 2009",13.34,13.76,13.34,13.56,"399,400",6.78
"Feb 10, 2009",13.59,13.84,13.27,13.39,"766,400",6.70
"Feb 9, 2009",13.66,13.94,13.66,13.76,"331,200",6.88
"Feb 6, 2009",13.31,13.91,13.31,13.76,"620,400",6.88
"Feb 5, 2009",13.41,13.50,13.11,13.37,"796,600",6.68
"Feb 4, 2009",14.28,14.45,13.55,13.60,"679,600",6.80
"Feb 3, 2009",14.40,14.40,13.92,14.18,"1,507,600",7.09
"Feb 2, 2009",14.25,14.54,13.80,14.42,"552,200",7.21
"Jan 30, 2009",14.31,14.50,13.82,14.38,"1,207,800",7.19
"Jan 29, 2009",14.53,14.56,14.07,14.14,"318,600",7.07
"Jan 28, 2009",14.78,14.90,14.28,14.60,"659,400",7.30
"Jan 27, 2009",14.36,14.58,14.18,14.56,"671,600",7.28
"Jan 26, 2009",14.32,14.79,13.94,14.19,"758,600",7.09
"Jan 23, 2009",14.20,14.65,14.20,14.39,"546,800",7.20
"Jan 22, 2009",14.15,14.75,14.03,14.40,"467,800",7.20
"Jan 21, 2009",13.50,14.46,13.38,14.36,"751,000",7.18
"Jan 20, 2009",14.52,14.52,13.42,13.42,"516,600",6.71
"Jan 16, 2009",14.90,15.08,14.06,14.52,"502,800",7.26
"Jan 15, 2009",14.72,14.92,13.83,14.47,"687,800",7.24
"Jan 14, 2009",14.70,14.80,14.12,14.59,"465,200",7.30
"Jan 13, 2009",14.73,14.93,14.44,14.79,"837,800",7.39
"Jan 12, 2009",14.43,14.43,14.08,14.38,"1,245,400",7.19
"Jan 9, 2009",14.11,14.51,13.80,14.41,"969,200",7.20
"Jan 8, 2009",13.89,14.24,13.42,14.24,"1,464,800",7.12
"Jan 7, 2009",14.06,14.14,13.70,13.80,"433,000",6.90
"Jan 6, 2009",14.35,14.52,13.64,14.45,"705,000",7.22
"Jan 5, 2009",13.69,14.18,13.67,14.08,"598,400",7.04
"Jan 2, 2009",13.27,13.79,13.27,13.78,"994,200",6.89
"Dec 31, 2008",13.40,13.46,12.85,13.39,"583,200",6.70
"Dec 30, 2008",13.09,13.35,12.57,13.29,"553,400",6.64
"Dec 29, 2008",13.28,13.34,12.76,13.14,"685,000",6.57
"Dec 26, 2008",13.04,13.38,12.90,13.13,"403,600",6.57
"Dec 24, 2008",13.07,13.22,13.04,13.09,"138,400",6.55
"Dec 23, 2008",13.71,13.71,12.88,13.16,"563,400",6.58
"Dec 22, 2008",13.99,13.99,12.78,13.22,"617,800",6.61
"Dec 19, 2008",13.32,13.91,12.52,13.84,"2,043,600",6.92
"Dec 18, 2008",13.29,13.46,12.50,13.38,"1,360,000",6.69
"Dec 17, 2008",12.14,12.68,11.99,12.51,"3,902,200",6.26
"Dec 16, 2008",12.18,12.56,11.83,12.44,"1,723,600",6.22
"Dec 15, 2008",12.49,12.94,12.16,12.18,"1,023,400",6.09
"Dec 12, 2008",11.79,12.65,11.77,12.51,"2,127,000",6.26
"Dec 11, 2008",12.68,13.48,11.72,12.01,"5,460,800",6.01
"Dec 10, 2008",13.12,13.64,12.62,12.93,"3,992,800",6.47
"Dec 9, 2008",14.46,14.46,12.43,13.12,"3,537,800",6.56
"Dec 8, 2008",13.52,14.36,13.45,14.22,"2,114,000",7.11
"Dec 5, 2008",12.54,13.29,11.83,13.29,"1,368,000",6.64
"Dec 4, 2008",13.15,13.43,12.05,12.39,"1,500,000",6.20
"Dec 3, 2008",12.66,13.50,12.66,13.50,"879,600",6.75
"Dec 2, 2008",13.28,13.65,12.97,13.10,"1,086,000",6.55
"Dec 1, 2008",13.19,14.74,13.14,13.17,"1,380,400",6.59
"Nov 28, 2008",13.40,15.25,13.37,15.13,"783,800",7.57
"Nov 26, 2008",12.44,13.64,12.37,13.34,"740,400",6.67
"Nov 25, 2008",13.43,13.43,12.37,12.72,"1,585,800",6.36
"Nov 24, 2008",12.47,13.27,12.47,13.17,"874,000",6.59
"Nov 21, 2008",12.12,12.40,10.87,12.33,"1,883,400",6.16
"Nov 20, 2008",11.68,12.65,11.44,11.96,"2,633,000",5.98
"Nov 19, 2008",11.71,12.50,11.57,11.75,"1,273,400",5.88
"Nov 18, 2008",12.26,12.81,11.36,11.86,"889,000",5.93
"Nov 17, 2008",13.40,13.76,12.56,12.58,"546,000",6.29
"Nov 14, 2008",12.82,13.92,12.50,13.46,"691,000",6.73
"Nov 13, 2008",12.03,12.99,11.42,12.99,"1,103,000",6.49
"Nov 12, 2008",12.99,13.07,11.46,11.86,"802,000",5.93
"Nov 11, 2008",13.08,13.64,12.22,13.14,"711,400",6.57
"Nov 10, 2008",13.50,14.24,13.28,13.35,"666,200",6.68
"Nov 7, 2008",11.19,13.58,11.19,13.51,"3,255,600",6.76
"Nov 6, 2008",12.88,13.70,11.35,11.35,"897,000",5.68
"Nov 5, 2008",13.88,13.88,13.02,13.26,"1,215,800",6.63
"Nov 4, 2008",13.54,13.88,13.26,13.58,"1,728,600",6.79
"Nov 3, 2008",13.07,13.32,12.86,13.05,"2,848,200",6.53
"Oct 31, 2008",12.45,13.55,12.45,13.32,"1,434,200",6.66
"Oct 30, 2008",11.96,12.60,11.60,12.59,"1,119,600",6.30
"Oct 29, 2008",10.39,11.97,9.52,11.62,"1,747,200",5.81
"Oct 28, 2008",10.38,10.62,9.70,10.55,"839,200",5.28
"Oct 27, 2008",9.76,10.55,9.57,10.00,"1,894,000",5.00
"Oct 24, 2008",10.03,10.36,9.25,9.79,"1,790,600",4.89
"Oct 23, 2008",11.92,12.13,10.38,11.38,"1,868,000",5.69
"Oct 22, 2008",12.05,12.51,11.50,11.80,"1,920,400",5.90
"Oct 21, 2008",12.34,13.09,12.13,12.56,"1,563,800",6.28
"Oct 20, 2008",12.35,12.82,12.14,12.74,"1,134,200",6.37
"Oct 17, 2008",11.76,13.60,10.98,12.40,"1,276,000",6.20
"Oct 16, 2008",12.50,13.51,10.11,11.89,"2,503,000",5.95
"Oct 15, 2008",13.49,13.62,11.77,12.27,"1,320,200",6.14
"Oct 14, 2008",10.34,13.16,10.14,13.10,"2,461,200",6.55
"Oct 13, 2008",10.05,12.42,10.05,12.24,"1,231,000",6.12
"Oct 10, 2008",9.01,11.13,8.50,10.44,"2,022,400",5.22
"Oct 9, 2008",11.49,12.00,10.40,10.88,"1,761,400",5.44
"Oct 8, 2008",8.78,11.75,8.78,11.21,"2,802,400",5.61
"Oct 7, 2008",12.75,13.21,11.36,11.80,"2,858,400",5.90
"Oct 6, 2008",12.37,12.94,11.56,12.47,"2,274,800",6.24
"Oct 3, 2008",13.33,13.64,12.55,12.99,"3,083,800",6.49
"Oct 2, 2008",14.13,14.30,13.01,13.40,"2,456,000",6.70
"Oct 1, 2008",13.16,14.32,13.16,14.31,"2,559,400",7.16
"Sep 30, 2008",13.70,14.49,13.52,14.16,"3,073,400",7.08
"Sep 29, 2008",15.03,15.35,13.09,14.62,"3,593,200",7.31
"Sep 26, 2008",15.50,16.00,15.32,15.50,"1,332,000",7.75
"Sep 25, 2008",15.81,16.95,15.11,16.07,"2,778,000",8.03
"Sep 24, 2008",16.22,17.00,15.16,15.85,"1,491,200",7.93
"Sep 23, 2008",16.51,17.41,16.00,16.62,"1,825,800",8.31
"Sep 22, 2008",16.88,17.04,15.60,16.87,"3,424,400",8.44
"Sep 19, 2008",15.25,20.00,15.25,16.70,"1,527,800",8.35
"Sep 18, 2008",12.80,18.50,12.80,16.00,"11,602,600",8.00
"Sep 23, 2008",16.51,17.41,16.00,16.62,"1,825,800",8.31
"Sep 22, 2008",16.88,17.04,15.60,16.87,"3,424,400",8.44
"Sep 19, 2008",15.25,20.00,15.25,16.70,"1,527,800",8.35
"Sep 18, 2008",12.80,18.50,12.80,16.00,"11,602,600",8.00
