"Jul 1, 2014",67.58,68.44,67.39,68.06,"33,243,000",68.06
"Jun 30, 2014",67.46,67.92,67.13,67.29,"27,202,000",67.29
"Jun 27, 2014",67.31,67.70,66.84,67.60,"46,461,000",67.60
"Jun 26, 2014",68.00,68.00,66.90,67.13,"47,714,000",67.13
"Jun 25, 2014",65.58,67.48,65.57,67.44,"44,308,000",67.44
"Jun 24, 2014",65.36,67.17,65.27,65.72,"57,335,000",65.72
"Jun 23, 2014",64.32,65.66,64.22,65.37,"34,560,000",65.37
"Jun 20, 2014",64.46,64.81,63.35,64.50,"46,466,000",64.50
"Jun 19, 2014",65.46,65.58,64.21,64.34,"34,245,000",64.34
"Jun 18, 2014",64.49,65.75,64.05,65.60,"35,570,000",65.60
"Jun 17, 2014",64.10,64.88,63.93,64.40,"27,715,000",64.40
"Jun 16, 2014",64.16,64.88,63.75,64.19,"31,046,000",64.19
"Jun 13, 2014",64.70,64.97,63.83,64.50,"29,419,000",64.50
"Jun 12, 2014",65.85,66.47,64.06,64.29,"55,730,000",64.29
"Jun 11, 2014",65.32,65.80,64.90,65.78,"44,242,000",65.78
"Jun 10, 2014",63.53,65.82,63.50,65.77,"69,206,900",65.77
"Jun 9, 2014",62.40,63.34,61.79,62.88,"37,617,000",62.88
"Jun 6, 2014",63.37,63.48,62.15,62.50,"42,442,000",62.50
"Jun 5, 2014",63.66,64.36,62.82,63.19,"47,352,000",63.19
"Jun 4, 2014",62.45,63.59,62.07,63.34,"36,514,000",63.34
"Jun 3, 2014",62.62,63.42,62.32,62.87,"32,217,000",62.87
"Jun 2, 2014",63.23,63.59,62.05,63.08,"35,947,400",63.08
"May 30, 2014",63.95,64.17,62.56,63.30,"45,253,500",63.30
"May 29, 2014",63.84,64.30,63.51,63.83,"42,700,000",63.83
"May 28, 2014",63.39,64.14,62.62,63.51,"47,795,000",63.51
"May 27, 2014",61.62,63.51,61.57,63.48,"55,682,000",63.48
"May 23, 2014",60.41,61.45,60.15,61.35,"38,294,000",61.35
"May 22, 2014",60.94,61.48,60.40,60.52,"54,200,000",60.52
"May 21, 2014",58.56,60.50,58.25,60.49,"58,992,000",60.49
"May 20, 2014",59.50,60.19,58.18,58.56,"53,931,000",58.56
"May 19, 2014",57.89,59.56,57.57,59.21,"43,034,000",59.21
"May 16, 2014",58.31,58.45,57.31,58.02,"47,933,000",58.02
"May 15, 2014",59.26,59.38,57.52,57.92,"56,814,000",57.92
"May 14, 2014",59.53,60.45,58.95,59.23,"47,429,000",59.23
"May 13, 2014",59.66,60.89,59.51,59.83,"48,525,000",59.83
"May 12, 2014",57.98,59.90,57.98,59.83,"48,575,000",59.83
"May 9, 2014",56.85,57.65,56.38,57.24,"52,584,000",57.24
"May 8, 2014",57.23,58.82,56.50,56.76,"61,251,000",56.76
"May 7, 2014",58.77,59.30,56.26,57.39,"78,587,000",57.39
"May 6, 2014",60.98,61.15,58.49,58.53,"55,901,000",58.53
"May 5, 2014",59.67,61.35,59.18,61.22,"46,057,000",61.22
"May 2, 2014",61.30,61.89,60.18,60.46,"54,189,000",60.46
"May 1, 2014",60.43,62.28,60.21,61.15,"82,429,000",61.15
"Apr 30, 2014",57.58,59.85,57.16,59.78,"76,093,000",59.78
"Apr 29, 2014",56.09,58.28,55.84,58.15,"75,557,000",58.15
"Apr 28, 2014",58.05,58.31,54.66,56.14,"107,758,000",56.14
"Apr 25, 2014",59.97,60.01,57.57,57.71,"92,502,000",57.71
"Apr 24, 2014",63.60,63.65,59.77,60.87,"138,769,000",60.87
"Apr 23, 2014",63.45,63.48,61.26,61.36,"96,565,000",61.36
"Apr 22, 2014",62.65,63.44,62.22,63.03,"60,631,000",63.03
"Apr 21, 2014",59.46,61.24,59.15,61.24,"60,364,000",61.24
"Apr 17, 2014",59.30,60.58,58.72,58.94,"88,040,000",58.94
"Apr 16, 2014",59.79,60.19,57.74,59.72,"78,774,000",59.72
"Apr 15, 2014",59.29,59.68,55.88,59.09,"108,623,000",59.09
"Apr 14, 2014",60.09,60.45,57.78,58.89,"72,325,000",58.89
"Apr 11, 2014",57.60,60.31,57.31,58.53,"91,452,000",58.53
"Apr 10, 2014",63.08,63.18,58.68,59.16,"114,988,000",59.16
"Apr 9, 2014",59.63,62.46,59.19,62.41,"100,215,000",62.41
"Apr 8, 2014",57.68,58.71,57.17,58.19,"78,836,000",58.19
"Apr 7, 2014",55.90,58.00,55.44,56.95,"108,488,000",56.95
"Apr 4, 2014",59.94,60.20,56.32,56.75,"125,214,400",56.75
"Apr 3, 2014",62.55,63.17,59.13,59.49,"83,859,000",59.49
"Apr 2, 2014",63.21,63.91,62.21,62.72,"66,277,000",62.72
"Apr 1, 2014",60.46,62.66,60.24,62.62,"59,291,000",62.62
"Mar 31, 2014",60.78,61.52,59.87,60.24,"53,011,000",60.24
"Mar 28, 2014",61.34,61.95,59.34,60.01,"67,052,000",60.01
"Mar 27, 2014",60.51,61.90,57.98,60.97,"112,650,000",60.97
"Mar 26, 2014",64.74,64.95,60.37,60.39,"97,503,900",60.39
"Mar 25, 2014",64.89,66.19,63.78,64.89,"68,786,000",64.89
"Mar 24, 2014",67.19,67.36,63.36,64.10,"85,696,000",64.10
"Mar 21, 2014",67.53,67.92,66.18,67.24,"59,999,900",67.24
"Mar 20, 2014",68.01,68.23,66.82,66.97,"44,439,000",66.97
"Mar 19, 2014",69.17,69.29,67.47,68.24,"43,981,000",68.24
"Mar 18, 2014",68.76,69.60,68.30,69.19,"40,827,000",69.19
"Mar 17, 2014",68.18,68.95,66.62,68.74,"52,197,000",68.74
"Mar 14, 2014",68.49,69.43,67.46,67.72,"48,227,000",67.72
"Mar 13, 2014",71.29,71.35,68.15,68.83,"57,091,000",68.83
"Mar 12, 2014",69.86,71.35,69.00,70.88,"46,340,500",70.88
"Mar 11, 2014",72.50,72.59,69.96,70.10,"59,408,300",70.10
"Mar 10, 2014",70.77,72.15,70.51,72.03,"59,871,600",72.03
"Mar 7, 2014",71.08,71.18,69.47,69.80,"38,927,000",69.80
"Mar 6, 2014",71.88,71.89,70.25,70.84,"46,026,500",70.84
"Mar 5, 2014",69.69,71.97,69.62,71.57,"74,567,700",71.57
"Mar 4, 2014",68.66,68.90,67.62,68.80,"42,013,500",68.80
"Mar 3, 2014",66.96,68.05,66.51,67.41,"56,824,100",67.41
"Feb 28, 2014",69.47,69.88,67.38,68.46,"66,783,700",68.46
"Feb 27, 2014",69.34,70.01,68.87,68.94,"41,653,700",68.94
"Feb 26, 2014",70.19,71.22,68.85,69.26,"55,322,700",69.26
"Feb 25, 2014",70.95,71.00,69.45,69.85,"52,077,000",69.85
"Feb 24, 2014",68.74,71.44,68.54,70.78,"76,620,300",70.78
"Feb 21, 2014",69.69,69.96,68.45,68.59,"70,932,400",68.59
"Feb 20, 2014",67.73,70.11,65.73,69.63,"130,928,900",69.63
"Feb 19, 2014",67.05,69.08,67.00,68.06,"62,087,100",68.06
"Feb 18, 2014",66.94,67.54,66.07,67.30,"43,809,900",67.30
"Feb 14, 2014",67.50,67.58,66.72,67.09,"36,694,900",67.09
"Feb 13, 2014",64.18,67.33,64.05,67.33,"61,911,700",67.33
"Feb 12, 2014",64.92,65.06,64.05,64.45,"47,282,100",64.45
"Feb 11, 2014",63.75,65.00,63.35,64.85,"45,675,600",64.85
"Feb 10, 2014",64.30,64.49,63.47,63.55,"43,666,100",63.55
"Feb 7, 2014",62.27,64.57,62.22,64.32,"60,704,300",64.32
"Feb 6, 2014",61.46,62.78,61.46,62.16,"42,086,500",62.16
"Feb 5, 2014",62.74,63.16,61.27,62.19,"51,685,100",62.19
"Feb 4, 2014",62.05,63.14,61.82,62.75,"45,985,500",62.75
"Feb 3, 2014",63.03,63.77,60.70,61.48,"74,866,600",61.48
"Jan 31, 2014",60.47,63.37,60.17,62.57,"87,794,600",62.57
"Jan 30, 2014",62.12,62.50,60.46,61.08,"150,178,900",61.08
"Jan 29, 2014",54.61,54.95,53.19,53.53,"92,995,600",53.53
"Jan 28, 2014",54.02,55.28,54.00,55.14,"48,191,200",55.14
"Jan 27, 2014",54.73,54.94,51.85,53.55,"73,924,100",53.55
"Jan 24, 2014",56.15,56.42,54.40,54.45,"55,200,700",54.45
"Jan 23, 2014",56.37,56.68,55.69,56.63,"47,951,800",56.63
"Jan 22, 2014",58.85,59.31,57.10,57.51,"61,352,900",57.51
"Jan 21, 2014",56.60,58.58,56.50,58.51,"48,669,200",58.51
"Jan 17, 2014",57.30,57.82,56.07,56.30,"40,849,200",56.30
"Jan 16, 2014",57.26,58.02,56.83,57.19,"34,541,800",57.19
"Jan 15, 2014",57.98,58.57,57.27,57.60,"33,663,400",57.60
"Jan 14, 2014",56.46,57.78,56.10,57.74,"37,503,600",57.74
"Jan 13, 2014",57.91,58.25,55.38,55.91,"63,010,900",55.91
"Jan 10, 2014",57.13,58.30,57.06,57.94,"42,449,500",57.94
"Jan 9, 2014",58.65,58.96,56.65,57.22,"92,253,300",57.22
"Jan 8, 2014",57.60,58.41,57.23,58.23,"56,682,400",58.23
"Jan 7, 2014",57.70,58.55,57.22,57.92,"77,207,400",57.92
"Jan 6, 2014",54.42,57.26,54.05,57.20,"68,852,600",57.20
"Jan 3, 2014",55.02,55.65,54.53,54.56,"38,246,200",54.56
"Jan 2, 2014",54.83,55.22,54.19,54.71,"43,195,500",54.71
"Dec 31, 2013",54.12,54.86,53.91,54.65,"43,076,200",54.65
"Dec 30, 2013",54.93,55.18,53.43,53.71,"68,307,000",53.71
"Dec 27, 2013",57.48,57.68,55.25,55.44,"60,466,000",55.44
"Dec 26, 2013",58.32,58.38,57.37,57.73,"55,101,000",57.73
"Dec 24, 2013",58.27,58.58,56.91,57.96,"46,617,800",57.96
"Dec 23, 2013",55.50,58.32,55.45,57.77,"98,297,000",57.77
"Dec 20, 2013",54.93,55.15,54.23,55.12,"239,824,000",55.12
"Dec 19, 2013",54.33,55.19,53.95,55.05,"89,753,200",55.05
"Dec 18, 2013",54.86,55.89,53.75,55.57,"76,003,000",55.57
"Dec 17, 2013",54.76,55.18,54.24,54.86,"78,751,000",54.86
"Dec 16, 2013",53.25,54.50,52.91,53.81,"85,119,000",53.81
"Dec 13, 2013",51.66,53.50,51.34,53.32,"82,641,000",53.32
"Dec 12, 2013",51.05,52.07,50.66,51.83,"92,723,000",51.83
"Dec 11, 2013",50.55,50.77,49.01,49.38,"65,776,000",49.38
"Dec 10, 2013",48.64,50.77,48.54,50.25,"68,479,000",50.25
"Dec 9, 2013",48.09,48.97,47.74,48.84,"36,056,000",48.84
"Dec 6, 2013",48.98,49.39,47.71,47.94,"42,938,000",47.94
"Dec 5, 2013",48.15,48.70,47.87,48.34,"43,855,000",48.34
"Dec 4, 2013",46.46,48.77,46.26,48.62,"60,890,000",48.62
"Dec 3, 2013",46.75,47.20,46.29,46.73,"32,086,000",46.73
"Dec 2, 2013",46.90,47.54,46.26,47.06,"50,774,000",47.06
"Nov 29, 2013",46.75,47.21,46.50,47.01,"22,953,900",47.01
"Nov 27, 2013",45.97,46.67,45.53,46.49,"44,993,000",46.49
"Nov 26, 2013",44.66,46.17,43.55,45.89,"82,016,000",45.89
"Nov 25, 2013",46.36,46.65,44.04,44.82,"82,565,000",44.82
"Nov 22, 2013",47.04,47.27,45.96,46.23,"40,545,000",46.23
"Nov 21, 2013",46.99,47.46,46.69,46.70,"34,886,000",46.70
"Nov 20, 2013",46.61,47.55,46.31,46.43,"53,933,000",46.43
"Nov 19, 2013",46.26,47.00,45.72,46.36,"75,602,000",46.36
"Nov 18, 2013",48.47,48.84,45.80,45.83,"85,910,000",45.83
"Nov 15, 2013",49.11,49.48,48.71,49.01,"42,453,000",49.01
"Nov 14, 2013",48.70,49.57,48.03,48.99,"75,117,000",48.99
"Nov 13, 2013",46.23,48.74,46.06,48.71,"79,245,000",48.71
"Nov 12, 2013",46.00,47.37,45.83,46.61,"68,196,000",46.61
"Nov 11, 2013",47.04,47.53,45.73,46.20,"80,910,000",46.20
"Nov 8, 2013",47.81,48.65,47.25,47.53,"70,731,000",47.53
"Nov 7, 2013",49.24,49.87,47.30,47.56,"97,128,000",47.56
"Nov 6, 2013",50.26,50.45,48.71,49.12,"67,889,000",49.12
"Nov 5, 2013",47.79,50.18,47.51,50.11,"76,835,000",50.11
"Nov 4, 2013",49.37,49.75,48.02,48.22,"80,371,000",48.22
"Nov 1, 2013",50.85,52.09,49.72,49.75,"95,033,000",49.75
"Oct 31, 2013",47.16,52.00,46.50,50.21,"248,809,000",50.21
"Oct 30, 2013",50.00,50.21,48.75,49.01,"127,073,000",49.01
"Oct 29, 2013",50.73,50.79,49.25,49.40,"102,143,000",49.40
"Oct 28, 2013",51.54,51.70,49.61,50.23,"73,472,000",50.23
"Oct 25, 2013",53.18,53.24,51.88,51.95,"45,085,000",51.95
"Oct 24, 2013",52.38,52.84,51.59,52.45,"46,775,000",52.45
"Oct 23, 2013",51.75,52.25,51.13,51.90,"57,207,000",51.90
"Oct 22, 2013",54.33,54.76,52.20,52.68,"83,204,000",52.68
"Oct 21, 2013",54.68,54.81,53.51,53.85,"58,235,000",53.85
"Oct 18, 2013",54.18,54.83,53.60,54.22,"88,260,000",54.22
"Oct 17, 2013",51.12,52.22,50.95,52.21,"71,522,000",52.21
"Oct 16, 2013",50.04,51.24,49.90,51.14,"64,678,000",51.14
"Oct 15, 2013",49.99,51.00,49.18,49.50,"81,167,000",49.50
"Oct 14, 2013",48.31,49.63,47.91,49.51,"68,781,000",49.51
"Oct 11, 2013",49.18,49.87,48.79,49.11,"58,428,000",49.11
"Oct 10, 2013",47.87,49.68,47.83,49.05,"99,774,000",49.05
"Oct 9, 2013",47.38,47.84,45.26,46.77,"147,297,000",46.77
"Oct 8, 2013",50.60,50.60,47.08,47.14,"136,081,000",47.14
"Oct 7, 2013",50.73,51.29,50.40,50.52,"57,204,000",50.52
"Oct 4, 2013",49.77,51.16,49.57,51.04,"74,447,000",51.04
"Oct 3, 2013",50.47,50.72,49.06,49.18,"82,045,000",49.18
"Oct 2, 2013",50.13,51.10,49.95,50.28,"62,834,000",50.28
"Oct 1, 2013",49.97,51.03,49.45,50.42,"98,114,000",50.42
"Sep 30, 2013",50.14,51.60,49.80,50.23,"100,095,000",50.23
"Sep 27, 2013",50.29,51.28,49.86,51.24,"81,410,500",51.24
"Sep 26, 2013",50.01,50.60,49.50,50.39,"98,220,100",50.39
"Sep 25, 2013",49.23,49.54,48.46,49.46,"87,879,700",49.46
"Sep 24, 2013",48.51,49.66,48.16,48.45,"136,716,100",48.45
"Sep 23, 2013",47.28,47.55,46.29,47.19,"75,177,000",47.19
"Sep 20, 2013",46.32,47.60,45.74,47.49,"115,508,400",47.49
"Sep 19, 2013",45.51,46.05,45.23,45.98,"63,972,400",45.98
"Sep 18, 2013",44.84,45.47,44.40,45.23,"79,317,000",45.23
"Sep 17, 2013",42.50,45.44,42.43,45.07,"91,934,600",45.07
"Sep 16, 2013",44.85,44.94,42.43,42.51,"70,424,200",42.51
"Sep 13, 2013",45.04,45.08,43.93,44.31,"52,765,300",44.31
"Sep 12, 2013",45.53,45.62,44.65,44.75,"68,072,300",44.75
"Sep 11, 2013",43.39,45.09,43.11,45.04,"72,328,300",45.04
"Sep 10, 2013",44.24,44.26,43.23,43.60,"54,540,300",43.60
"Sep 9, 2013",44.36,44.79,43.70,44.04,"75,794,700",44.04
"Sep 6, 2013",43.09,44.61,42.40,43.95,"117,535,700",43.95
"Sep 5, 2013",41.79,42.77,41.77,42.66,"50,035,400",42.66
"Sep 4, 2013",42.01,42.17,41.44,41.78,"42,581,900",41.78
"Sep 3, 2013",41.84,42.16,41.51,41.87,"48,774,900",41.87
"Aug 30, 2013",42.02,42.26,41.06,41.29,"67,735,100",41.29
"Aug 29, 2013",40.89,41.78,40.80,41.28,"58,303,400",41.28
"Aug 28, 2013",39.96,40.85,39.88,40.55,"57,918,200",40.55
"Aug 27, 2013",40.68,41.20,39.42,39.64,"72,695,100",39.64
"Aug 26, 2013",40.90,41.94,40.62,41.34,"94,162,400",41.34
"Aug 23, 2013",39.00,40.63,38.93,40.55,"86,442,300",40.55
"Aug 22, 2013",38.37,38.75,38.34,38.55,"21,931,200",38.55
"Aug 21, 2013",38.38,38.85,38.15,38.32,"46,116,900",38.32
"Aug 20, 2013",38.35,38.58,37.69,38.41,"57,995,200",38.41
"Aug 19, 2013",37.43,38.28,37.14,37.81,"57,609,600",37.81
"Aug 16, 2013",36.97,37.49,36.90,37.08,"45,840,800",37.08
"Aug 15, 2013",36.36,37.07,36.02,36.56,"56,521,100",36.56
"Aug 14, 2013",36.83,37.55,36.62,36.65,"48,423,900",36.65
"Aug 13, 2013",38.24,38.32,36.77,37.02,"65,379,200",37.02
"Aug 12, 2013",38.20,38.50,38.10,38.22,"31,161,000",38.22
"Aug 9, 2013",38.59,38.74,38.01,38.50,"43,532,300",38.50
"Aug 8, 2013",39.13,39.19,38.43,38.54,"41,301,000",38.54
"Aug 7, 2013",38.61,38.94,37.70,38.87,"68,854,800",38.87
"Aug 6, 2013",39.11,39.25,37.94,38.55,"63,950,800",38.55
"Aug 5, 2013",38.43,39.32,38.25,39.19,"79,994,800",39.19
"Aug 2, 2013",37.66,38.49,37.50,38.05,"73,058,500",38.05
"Aug 1, 2013",37.30,38.29,36.92,37.49,"106,066,500",37.49
"Jul 31, 2013",37.96,38.31,36.33,36.80,"154,828,700",36.80
"Jul 30, 2013",35.65,37.96,35.32,37.63,"173,582,800",37.63
"Jul 29, 2013",34.07,35.63,34.01,35.43,"124,718,800",35.43
"Jul 26, 2013",33.77,34.73,33.56,34.01,"136,028,900",34.01
"Jul 25, 2013",33.54,34.88,32.75,34.36,"365,457,900",34.36
"Jul 24, 2013",26.32,26.53,26.05,26.51,"82,635,600",26.51
"Jul 23, 2013",26.10,26.30,25.97,26.13,"28,221,600",26.13
"Jul 22, 2013",25.99,26.13,25.72,26.05,"27,526,300",26.05
"Jul 19, 2013",25.82,26.11,25.60,25.88,"46,539,700",25.88
"Jul 18, 2013",26.75,26.77,26.12,26.18,"24,806,900",26.18
"Jul 17, 2013",26.37,26.78,26.30,26.65,"21,518,500",26.65
"Jul 16, 2013",26.39,26.75,26.01,26.32,"30,817,600",26.32
"Jul 15, 2013",25.93,26.43,25.65,26.28,"24,234,000",26.28
"Jul 12, 2013",25.74,25.93,25.55,25.91,"16,537,900",25.91
"Jul 11, 2013",25.96,26.00,25.45,25.81,"26,777,400",25.81
"Jul 10, 2013",25.58,25.83,25.47,25.80,"26,721,800",25.80
"Jul 9, 2013",25.07,25.49,25.03,25.48,"30,387,900",25.48
"Jul 8, 2013",24.47,25.04,24.42,24.71,"27,064,600",24.71
"Jul 5, 2013",24.65,24.66,24.20,24.37,"20,229,500",24.37
"Jul 3, 2013",24.22,24.71,24.15,24.52,"10,404,400",24.52
"Jul 2, 2013",24.70,24.77,24.30,24.41,"18,394,100",24.41
"Jul 1, 2013",24.97,25.06,24.62,24.81,"20,582,200",24.81
"Jun 28, 2013",24.68,24.98,24.42,24.88,"96,778,900",24.88
"Jun 27, 2013",24.24,24.84,24.21,24.66,"34,694,100",24.66
"Jun 26, 2013",24.51,24.65,23.99,24.16,"29,890,300",24.16
"Jun 25, 2013",24.14,24.43,24.04,24.25,"24,713,200",24.25
"Jun 24, 2013",23.95,24.11,23.38,23.94,"40,626,000",23.94
"Jun 21, 2013",24.59,24.70,24.05,24.53,"45,833,900",24.53
"Jun 20, 2013",24.28,24.75,23.65,23.90,"42,765,600",23.90
"Jun 19, 2013",24.20,25.19,24.10,24.31,"31,790,600",24.31
"Jun 18, 2013",24.09,24.69,24.08,24.21,"36,709,100",24.21
"Jun 17, 2013",23.91,24.25,23.75,24.02,"33,664,500",24.02
"Jun 14, 2013",23.56,23.89,23.26,23.63,"30,677,100",23.63
"Jun 13, 2013",23.72,23.83,23.27,23.73,"31,189,300",23.73
"Jun 12, 2013",24.16,24.26,23.58,23.77,"26,445,800",23.77
"Jun 11, 2013",24.03,24.35,24.00,24.03,"29,885,900",24.03
"Jun 10, 2013",24.06,24.60,23.99,24.33,"58,393,000",24.33
"Jun 7, 2013",23.03,23.40,22.86,23.29,"38,699,200",23.29
"Jun 6, 2013",22.99,23.09,22.67,22.97,"31,260,700",22.97
"Jun 5, 2013",23.35,23.71,22.79,22.90,"53,819,700",22.90
"Jun 4, 2013",23.89,23.93,23.32,23.52,"34,760,800",23.52
"Jun 3, 2013",24.27,24.32,23.71,23.85,"35,733,800",23.85
"May 31, 2013",24.63,24.95,24.27,24.35,"35,925,000",24.35
"May 30, 2013",24.13,24.78,23.93,24.55,"60,733,200",24.55
"May 29, 2013",23.79,23.81,23.26,23.32,"64,237,800",23.32
"May 28, 2013",24.54,24.54,23.92,24.10,"50,079,700",24.10
"May 24, 2013",24.97,24.97,24.08,24.31,"58,727,900",24.31
"May 23, 2013",24.80,25.53,24.77,25.06,"37,663,100",25.06
"May 22, 2013",25.65,25.85,24.92,25.16,"45,314,500",25.16
"May 21, 2013",25.87,26.08,25.59,25.66,"26,261,300",25.66
"May 20, 2013",26.18,26.19,25.69,25.76,"42,402,900",25.76
"May 17, 2013",26.40,26.60,26.20,26.25,"29,462,700",26.25
"May 16, 2013",26.48,26.55,25.90,26.13,"35,499,100",26.13
"May 15, 2013",26.92,26.99,26.40,26.60,"30,299,800",26.60
"May 14, 2013",26.89,27.28,26.82,27.07,"24,930,300",27.07
"May 13, 2013",26.60,27.33,26.53,26.82,"29,068,800",26.82
"May 10, 2013",27.14,27.30,26.57,26.68,"30,847,100",26.68
"May 9, 2013",27.08,27.55,26.85,27.04,"33,457,200",27.04
"May 8, 2013",26.88,27.30,26.65,27.12,"34,654,900",27.12
"May 7, 2013",27.55,27.85,26.85,26.89,"41,259,100",26.89
"May 6, 2013",28.33,28.46,27.48,27.57,"43,939,400",27.57
"May 3, 2013",29.04,29.07,28.15,28.31,"58,506,400",28.31
"May 2, 2013",28.01,29.02,27.98,28.97,"104,257,000",28.97
"May 1, 2013",27.85,27.92,27.31,27.43,"64,567,600",27.43
"Apr 30, 2013",27.13,27.85,27.01,27.77,"36,245,700",27.77
"Apr 29, 2013",27.16,27.41,26.86,26.98,"29,201,100",26.98
"Apr 26, 2013",26.60,27.62,26.60,26.85,"33,018,000",26.85
"Apr 25, 2013",26.07,26.40,26.00,26.14,"17,150,000",26.14
"Apr 24, 2013",25.93,26.40,25.80,26.11,"19,729,900",26.11
"Apr 23, 2013",26.22,26.33,25.77,25.98,"25,191,500",25.98
"Apr 22, 2013",25.81,26.36,25.70,25.97,"25,687,600",25.97
"Apr 19, 2013",25.62,25.96,25.33,25.73,"20,380,900",25.73
"Apr 18, 2013",26.82,26.82,25.15,25.69,"39,059,000",25.69
"Apr 17, 2013",26.65,27.20,26.39,26.63,"26,440,600",26.63
"Apr 16, 2013",26.81,27.11,26.40,26.92,"27,365,900",26.92
"Apr 15, 2013",27.16,27.48,26.36,26.52,"30,275,400",26.52
"Apr 12, 2013",28.00,28.00,27.24,27.40,"28,697,400",27.40
"Apr 11, 2013",27.48,28.10,27.25,28.02,"33,368,500",28.02
"Apr 10, 2013",27.01,27.84,26.90,27.57,"45,949,400",27.57
"Apr 9, 2013",26.58,26.89,26.42,26.59,"21,311,100",26.59
"Apr 8, 2013",27.19,27.20,26.63,26.85,"27,256,000",26.85
"Apr 5, 2013",26.86,27.80,26.61,27.39,"64,566,600",27.39
"Apr 4, 2013",26.62,27.23,26.11,27.07,"82,016,800",27.07
"Apr 3, 2013",25.83,26.39,25.70,26.25,"48,195,200",26.25
"Apr 2, 2013",25.77,26.12,25.30,25.42,"35,153,300",25.42
"Apr 1, 2013",25.63,25.89,25.28,25.53,"22,249,300",25.53
"Mar 28, 2013",26.09,26.17,25.52,25.58,"28,585,700",25.58
"Mar 27, 2013",25.00,26.28,24.72,26.09,"52,297,400",26.09
"Mar 26, 2013",25.08,25.48,25.03,25.21,"26,957,200",25.21
"Mar 25, 2013",25.75,25.80,25.08,25.13,"39,199,000",25.13
"Mar 22, 2013",25.80,26.01,25.63,25.73,"18,456,300",25.73
"Mar 21, 2013",25.66,26.11,25.56,25.74,"24,336,100",25.74
"Mar 20, 2013",26.68,26.69,25.78,25.86,"44,006,500",25.86
"Mar 19, 2013",26.53,26.90,26.21,26.55,"25,254,200",26.55
"Mar 18, 2013",26.37,26.79,25.78,26.49,"26,653,700",26.49
"Mar 15, 2013",27.03,27.06,26.56,26.65,"31,597,400",26.65
"Mar 14, 2013",27.10,27.43,26.83,27.04,"27,646,400",27.04
"Mar 13, 2013",27.62,27.65,26.92,27.08,"39,619,500",27.08
"Mar 12, 2013",28.10,28.32,27.60,27.83,"27,569,600",27.83
"Mar 11, 2013",28.01,28.64,27.83,28.14,"35,642,100",28.14
"Mar 8, 2013",28.43,28.47,27.73,27.96,"44,198,900",27.96
"Mar 7, 2013",27.57,28.68,27.47,28.58,"74,540,200",28.58
"Mar 6, 2013",28.10,28.13,27.35,27.45,"33,532,600",27.45
"Mar 5, 2013",27.88,28.18,27.21,27.52,"40,622,200",27.52
"Mar 4, 2013",27.76,28.06,27.44,27.72,"32,400,700",27.72
"Mar 1, 2013",27.05,28.12,26.81,27.78,"54,064,800",27.78
"Feb 28, 2013",26.84,27.30,26.34,27.25,"83,027,800",27.25
"Feb 27, 2013",27.34,27.34,26.63,26.87,"44,319,700",26.87
"Feb 26, 2013",27.36,27.46,26.70,27.39,"31,611,700",27.39
"Feb 25, 2013",27.16,27.64,27.15,27.27,"34,652,000",27.27
"Feb 22, 2013",27.62,27.63,26.82,27.13,"36,350,200",27.13
"Feb 21, 2013",28.28,28.55,27.15,27.28,"49,642,300",27.28
"Feb 20, 2013",28.92,29.05,28.33,28.46,"42,098,200",28.46
"Feb 19, 2013",28.23,29.08,28.12,28.93,"49,396,400",28.93
"Feb 15, 2013",28.52,28.75,28.09,28.32,"33,109,300",28.32
"Feb 14, 2013",28.02,28.63,28.01,28.50,"35,615,800",28.50
"Feb 13, 2013",27.36,28.32,27.31,27.91,"50,164,000",27.91
"Feb 12, 2013",27.67,28.16,27.10,27.37,"93,498,700",27.37
"Feb 11, 2013",28.61,28.68,28.04,28.26,"37,361,800",28.26
"Feb 8, 2013",28.89,29.17,28.51,28.55,"37,708,800",28.55
"Feb 7, 2013",29.11,29.15,28.27,28.65,"34,540,100",28.65
"Feb 6, 2013",28.74,29.29,28.66,29.05,"38,375,900",29.05
"Feb 5, 2013",28.26,28.96,28.04,28.64,"47,948,200",28.64
"Feb 4, 2013",29.06,29.20,28.01,28.11,"92,362,200",28.11
"Feb 1, 2013",31.01,31.02,29.63,29.73,"85,856,700",29.73
"Jan 31, 2013",29.15,31.47,28.74,30.98,"190,744,900",30.98
"Jan 30, 2013",30.98,31.49,30.88,31.24,"87,682,100",31.24
"Jan 29, 2013",32.00,32.07,30.71,30.79,"72,976,500",30.79
"Jan 28, 2013",31.88,32.51,31.81,32.47,"59,682,500",32.47
"Jan 25, 2013",31.41,31.93,31.13,31.54,"54,363,600",31.54
"Jan 24, 2013",31.27,31.49,30.81,31.08,"43,845,100",31.08
"Jan 23, 2013",31.10,31.50,30.80,30.82,"48,899,800",30.82
"Jan 22, 2013",29.75,30.89,29.74,30.73,"55,243,300",30.73
"Jan 18, 2013",30.31,30.44,29.27,29.66,"49,631,500",29.66
"Jan 17, 2013",30.08,30.42,30.03,30.14,"40,256,700",30.14
"Jan 16, 2013",30.21,30.35,29.53,29.85,"75,332,700",29.85
"Jan 15, 2013",30.64,31.71,29.88,30.10,"173,242,600",30.10
"Jan 14, 2013",32.08,32.21,30.62,30.95,"98,892,800",30.95
"Jan 11, 2013",31.28,31.96,31.10,31.72,"89,598,000",31.72
"Jan 10, 2013",30.60,31.45,30.28,31.30,"95,316,400",31.30
"Jan 9, 2013",29.67,30.60,29.49,30.59,"104,787,700",30.59
"Jan 8, 2013",29.51,29.60,28.86,29.06,"45,871,300",29.06
"Jan 7, 2013",28.69,29.79,28.65,29.42,"83,781,800",29.42
"Jan 4, 2013",28.01,28.93,27.83,28.76,"72,715,400",28.76
"Jan 3, 2013",27.88,28.47,27.59,27.77,"63,140,600",27.77
"Jan 2, 2013",27.44,28.18,27.42,28.00,"69,846,400",28.00
"Dec 31, 2012",26.20,26.99,26.11,26.62,"60,374,500",26.62
"Dec 28, 2012",25.48,26.11,25.15,25.91,"56,574,800",25.91
"Dec 27, 2012",26.55,26.80,25.52,26.05,"43,481,700",26.05
"Dec 26, 2012",27.03,27.18,26.38,26.51,"33,175,400",26.51
"Dec 24, 2012",26.50,26.96,26.20,26.93,"28,230,100",26.93
"Dec 21, 2012",26.66,27.01,26.12,26.26,"54,555,200",26.26
"Dec 20, 2012",27.49,27.60,27.13,27.36,"35,574,800",27.36
"Dec 19, 2012",27.83,28.22,26.95,27.41,"61,390,300",27.41
"Dec 18, 2012",26.96,27.91,26.90,27.71,"60,512,900",27.71
"Dec 17, 2012",26.77,27.00,26.32,26.75,"57,742,500",26.75
"Dec 14, 2012",28.18,28.33,26.76,26.81,"91,631,600",26.81
"Dec 13, 2012",27.59,28.75,27.43,28.24,"81,051,600",28.24
"Dec 12, 2012",28.00,28.14,27.37,27.58,"46,704,200",27.58
"Dec 11, 2012",28.07,28.24,27.66,27.98,"77,099,100",27.98
"Dec 10, 2012",27.17,28.17,27.10,27.84,"50,608,500",27.84
"Dec 7, 2012",27.07,27.78,26.84,27.49,"51,751,900",27.49
"Dec 6, 2012",27.68,27.75,26.82,26.97,"46,001,500",26.97
"Dec 5, 2012",27.75,27.90,27.26,27.71,"58,976,300",27.71
"Dec 4, 2012",27.06,27.76,26.68,27.46,"72,869,200",27.46
"Dec 3, 2012",28.00,28.88,26.98,27.04,"123,526,100",27.04
"Nov 30, 2012",27.26,28.00,26.76,28.00,"127,049,600",28.00
"Nov 29, 2012",26.50,27.52,26.16,27.32,"88,759,700",27.32
"Nov 28, 2012",25.94,26.49,25.75,26.36,"49,205,600",26.36
"Nov 27, 2012",26.04,26.50,25.46,26.15,"85,760,600",26.15
"Nov 26, 2012",24.94,26.09,24.81,25.94,"123,865,000",25.94
"Nov 23, 2012",24.58,24.68,23.88,24.00,"29,520,900",24.00
"Nov 21, 2012",23.22,24.53,23.05,24.32,"89,862,400",24.32
"Nov 20, 2012",22.73,23.90,22.70,23.10,"46,655,300",23.10
"Nov 19, 2012",23.96,24.12,22.82,22.92,"85,021,300",22.92
"Nov 16, 2012",22.25,23.93,22.18,23.56,"107,182,200",23.56
"Nov 15, 2012",22.34,22.50,21.65,22.17,"78,857,700",22.17
"Nov 14, 2012",20.10,22.50,19.93,22.36,"229,751,000",22.36
"Nov 13, 2012",19.61,20.11,19.56,19.86,"71,775,100",19.86
"Nov 12, 2012",19.15,20.17,18.87,20.07,"67,349,200",20.07
"Nov 9, 2012",19.96,20.00,19.13,19.21,"42,295,500",19.21
"Nov 8, 2012",20.52,20.73,19.98,19.99,"34,254,600",19.99
"Nov 7, 2012",20.85,20.95,20.37,20.47,"33,396,800",20.47
"Nov 6, 2012",21.24,21.37,20.99,21.17,"29,062,700",21.17
"Nov 5, 2012",21.10,21.48,20.92,21.25,"31,806,700",21.25
"Nov 2, 2012",21.26,21.69,21.07,21.18,"38,344,400",21.18
"Nov 1, 2012",21.08,21.44,21.01,21.21,"37,713,900",21.21
"Oct 31, 2012",20.82,21.50,20.73,21.11,"99,378,200",21.11
"Oct 26, 2012",22.40,22.88,21.88,21.94,"73,175,800",21.94
"Oct 25, 2012",23.29,23.31,22.47,22.56,"76,142,000",22.56
"Oct 24, 2012",24.13,24.25,22.85,23.23,"228,949,900",23.23
"Oct 23, 2012",19.25,19.80,19.10,19.50,"78,381,200",19.50
"Oct 22, 2012",19.20,19.43,19.05,19.32,"32,447,300",19.32
"Oct 19, 2012",19.00,19.06,18.80,19.00,"34,835,000",19.00
"Oct 18, 2012",19.70,19.79,18.89,18.98,"52,157,400",18.98
"Oct 17, 2012",19.50,20.48,19.37,19.88,"44,074,500",19.88
"Oct 16, 2012",19.68,19.69,19.30,19.48,"21,834,700",19.48
"Oct 15, 2012",19.68,19.88,19.49,19.52,"20,189,700",19.52
"Oct 12, 2012",19.75,19.80,19.48,19.52,"18,809,400",19.52
"Oct 11, 2012",19.88,19.96,19.61,19.75,"21,817,300",19.75
"Oct 10, 2012",19.93,19.94,19.45,19.64,"39,321,800",19.64
"Oct 9, 2012",20.39,20.55,19.97,20.23,"27,161,800",20.23
"Oct 8, 2012",20.40,20.75,20.16,20.40,"32,236,700",20.40
"Oct 5, 2012",21.49,21.63,20.88,20.91,"40,529,300",20.91
"Oct 4, 2012",22.32,22.40,21.41,21.95,"46,892,100",21.95
"Oct 3, 2012",22.30,22.49,21.80,21.83,"32,000,100",21.83
"Oct 2, 2012",22.08,22.49,21.82,22.27,"29,341,400",22.27
"Oct 1, 2012",22.08,22.59,21.73,21.99,"51,262,700",21.99
"Sep 28, 2012",20.57,21.95,20.50,21.66,"65,486,000",21.66
"Sep 27, 2012",20.99,21.00,20.16,20.32,"30,215,900",20.32
"Sep 26, 2012",20.15,20.78,19.80,20.62,"38,271,900",20.62
"Sep 25, 2012",21.20,21.21,20.22,20.28,"46,291,700",20.28
"Sep 24, 2012",21.78,21.98,20.36,20.79,"79,106,500",20.79
"Sep 21, 2012",22.97,23.24,22.60,22.86,"51,218,100",22.86
"Sep 20, 2012",23.02,23.24,22.54,22.59,"57,248,900",22.59
"Sep 19, 2012",21.99,23.37,21.77,23.29,"78,782,800",23.29
"Sep 18, 2012",21.60,21.98,21.37,21.87,"36,760,500",21.87
"Sep 17, 2012",22.67,22.75,21.50,21.52,"50,667,600",21.52
"Sep 14, 2012",21.13,22.08,20.90,22.00,"72,819,800",22.00
"Sep 13, 2012",20.96,21.48,20.61,20.71,"65,041,600",20.71
"Sep 12, 2012",20.76,21.16,20.28,20.93,"121,584,000",20.93
"Sep 11, 2012",18.92,19.58,18.85,19.43,"50,508,200",19.43
"Sep 10, 2012",19.06,19.20,18.55,18.81,"24,797,800",18.81
"Sep 7, 2012",19.10,19.42,18.78,18.98,"36,371,700",18.98
"Sep 6, 2012",18.74,19.26,18.72,18.96,"46,066,500",18.96
"Sep 5, 2012",18.27,18.75,18.18,18.58,"60,781,800",18.58
"Sep 4, 2012",18.08,18.27,17.55,17.73,"46,622,400",17.73
"Aug 31, 2012",18.68,18.70,18.03,18.06,"58,764,200",18.06
"Aug 30, 2012",19.27,19.45,19.06,19.09,"30,647,500",19.09
"Aug 29, 2012",19.32,19.38,19.07,19.10,"16,124,700",19.10
"Aug 28, 2012",19.10,19.38,18.95,19.34,"25,417,000",19.34
"Aug 27, 2012",19.49,19.53,19.10,19.15,"20,704,000",19.15
"Aug 24, 2012",19.52,19.68,19.25,19.41,"29,622,200",19.41
"Aug 23, 2012",19.50,19.73,19.36,19.44,"32,813,700",19.44
"Aug 22, 2012",19.36,19.53,18.96,19.44,"49,892,200",19.44
"Aug 21, 2012",19.58,19.98,19.09,19.16,"70,640,600",19.16
"Aug 20, 2012",19.05,20.13,18.75,20.01,"101,186,600",20.01
"Aug 17, 2012",20.01,20.08,19.00,19.05,"129,293,400",19.05
"Aug 16, 2012",20.44,20.48,19.69,19.87,"157,565,300",19.87
"Aug 15, 2012",20.64,21.41,20.40,21.20,"47,861,100",21.20
"Aug 14, 2012",21.41,21.60,20.25,20.38,"39,308,800",20.38
"Aug 13, 2012",22.15,22.45,21.40,21.60,"24,973,100",21.60
"Aug 10, 2012",21.41,21.82,21.13,21.81,"25,794,700",21.81
"Aug 9, 2012",20.75,21.17,20.61,21.01,"15,610,700",21.01
"Aug 8, 2012",20.71,21.15,20.22,20.72,"29,537,400",20.72
"Aug 7, 2012",22.20,22.45,20.50,20.72,"36,782,900",20.72
"Aug 6, 2012",21.39,22.15,21.30,21.92,"27,778,900",21.92
"Aug 3, 2012",20.36,22.16,19.90,21.09,"80,647,000",21.09
"Aug 2, 2012",20.77,20.84,19.82,20.04,"56,374,500",20.04
"Aug 1, 2012",21.50,21.58,20.84,20.88,"44,604,400",20.88
"Jul 31, 2012",23.37,23.37,21.61,21.71,"56,179,400",21.71
"Jul 30, 2012",24.00,24.04,23.03,23.15,"29,285,900",23.15
"Jul 27, 2012",23.19,24.54,22.28,23.71,"123,102,300",23.71
"Jul 26, 2012",27.75,28.23,26.73,26.85,"64,597,400",26.85
"Jul 25, 2012",28.39,29.49,28.08,29.34,"17,230,200",29.34
"Jul 24, 2012",28.82,29.45,28.10,28.45,"11,539,800",28.45
"Jul 23, 2012",28.12,29.00,28.01,28.75,"12,390,700",28.75
"Jul 20, 2012",29.00,29.47,28.72,28.76,"11,869,100",28.76
"Jul 19, 2012",29.41,29.50,28.63,29.00,"13,685,100",29.00
"Jul 18, 2012",28.31,29.29,28.15,29.11,"16,841,800",29.11
"Jul 17, 2012",28.48,28.59,27.15,28.09,"30,438,600",28.09
"Jul 16, 2012",30.50,30.50,28.21,28.25,"24,672,100",28.25
"Jul 13, 2012",31.04,31.07,30.56,30.72,"8,108,300",30.72
"Jul 12, 2012",30.70,31.40,30.60,30.81,"11,300,700",30.81
"Jul 11, 2012",31.48,31.56,30.55,30.97,"13,030,300",30.97
"Jul 10, 2012",32.43,32.48,31.16,31.47,"14,269,500",31.47
"Jul 9, 2012",32.10,32.88,31.99,32.17,"17,785,200",32.17
"Jul 6, 2012",31.44,31.90,31.26,31.73,"10,945,600",31.73
"Jul 5, 2012",31.32,31.63,31.02,31.47,"10,032,100",31.47
"Jul 3, 2012",30.91,31.44,30.80,31.20,"8,763,600",31.20
"Jul 2, 2012",31.25,31.73,30.55,30.77,"14,122,000",30.77
"Jun 29, 2012",31.92,31.99,30.76,31.10,"19,526,900",31.10
"Jun 28, 2012",31.96,32.19,30.90,31.36,"17,713,300",31.36
"Jun 27, 2012",32.46,32.90,31.90,32.23,"28,568,000",32.23
"Jun 26, 2012",32.69,33.44,32.50,33.10,"24,858,700",33.10
"Jun 25, 2012",32.86,33.02,31.55,32.06,"24,352,900",32.06
"Jun 22, 2012",32.41,33.45,32.06,33.05,"74,834,000",33.05
"Jun 21, 2012",31.67,32.50,31.51,31.84,"21,875,300",31.84
"Jun 20, 2012",31.92,31.93,31.15,31.60,"15,553,600",31.60
"Jun 19, 2012",31.54,32.18,30.70,31.91,"30,849,000",31.91
"Jun 18, 2012",29.96,32.08,29.41,31.41,"42,978,900",31.41
"Jun 15, 2012",28.51,30.10,28.35,30.01,"43,563,800",30.01
"Jun 14, 2012",27.65,28.32,27.38,28.29,"16,855,000",28.29
"Jun 13, 2012",27.66,28.10,27.10,27.27,"17,102,800",27.27
"Jun 12, 2012",27.48,27.77,26.96,27.40,"15,816,800",27.40
"Jun 11, 2012",27.18,28.07,26.84,27.01,"28,219,600",27.01
"Jun 8, 2012",26.55,27.76,26.44,27.10,"38,034,000",27.10
"Jun 7, 2012",27.00,27.35,26.15,26.31,"26,159,500",26.31
"Jun 6, 2012",26.07,27.17,25.52,26.81,"61,489,200",26.81
"Jun 5, 2012",26.70,27.76,25.75,25.87,"42,473,400",25.87
"Jun 4, 2012",27.20,27.65,26.44,26.90,"35,230,300",26.90
"Jun 1, 2012",28.89,29.15,27.39,27.72,"41,855,500",27.72
"May 31, 2012",28.55,29.67,26.83,29.60,"111,639,200",29.60
"May 30, 2012",28.70,29.55,27.86,28.19,"57,267,900",28.19
"May 29, 2012",31.48,31.69,28.65,28.84,"78,063,400",28.84
"May 25, 2012",32.90,32.95,31.11,31.91,"37,149,800",31.91
"May 24, 2012",32.95,33.21,31.77,33.03,"50,237,200",33.03
"May 23, 2012",31.37,32.50,31.36,32.00,"73,600,000",32.00
"May 22, 2012",32.61,33.59,30.94,31.00,"101,786,600",31.00
"May 21, 2012",36.53,36.66,33.00,34.03,"168,192,700",34.03
"May 18, 2012",42.05,45.00,38.00,38.23,"573,576,400",38.23
"May 23, 2012",31.37,32.50,31.36,32.00,"73,600,000",32.00
"May 22, 2012",32.61,33.59,30.94,31.00,"101,786,600",31.00
"May 21, 2012",36.53,36.66,33.00,34.03,"168,192,700",34.03
"May 18, 2012",42.05,45.00,38.00,38.23,"573,576,400",38.23
