"Jul 1, 2014",36.25,37.64,36.25,37.59,"23,414,100",37.26
"Jun 30, 2014",36.59,36.90,35.98,36.30,"20,880,200",35.99
"Jun 27, 2014",36.73,37.03,36.62,36.62,"25,426,500",36.30
"Jun 26, 2014",36.89,36.97,36.41,36.90,"11,463,200",36.58
"Jun 25, 2014",36.46,37.18,36.45,37.09,"12,201,300",36.77
"Jun 24, 2014",36.62,37.07,36.47,36.58,"15,031,800",36.26
"Jun 23, 2014",36.21,36.80,36.19,36.67,"11,584,800",36.35
"Jun 20, 2014",36.55,36.58,36.10,36.22,"14,018,700",35.91
"Jun 19, 2014",36.35,36.64,36.20,36.37,"11,277,800",36.05
"Jun 18, 2014",36.36,36.47,35.93,36.30,"16,352,000",35.99
"Jun 17, 2014",35.87,36.38,35.62,36.36,"13,211,600",36.04
"Jun 16, 2014",35.49,36.18,35.49,36.06,"12,603,700",35.75
"Jun 13, 2014",35.38,35.78,35.38,35.63,"12,046,600",35.32
"Jun 12, 2014",36.00,36.28,35.49,35.52,"16,818,500",35.21
"Jun 11, 2014",36.23,36.29,35.92,36.12,"8,866,200",35.81
"Jun 10, 2014",36.28,36.70,36.18,36.40,"8,460,700",36.08
"Jun 9, 2014",36.47,36.83,36.34,36.50,"10,279,300",36.18
"Jun 6, 2014",36.07,36.75,35.75,36.55,"17,642,800",36.23
"Jun 5, 2014",36.96,37.04,36.16,36.27,"25,094,500",35.66
"Jun 4, 2014",35.50,36.88,35.35,36.52,"33,252,200",35.90
"Jun 3, 2014",35.12,35.69,34.75,35.26,"17,795,900",34.66
"Jun 2, 2014",34.54,34.90,34.29,34.86,"11,541,800",34.27
"May 30, 2014",34.30,34.64,34.20,34.58,"14,172,100",34.00
"May 29, 2014",34.60,34.65,34.25,34.45,"10,880,900",33.87
"May 28, 2014",34.09,34.62,33.96,34.59,"12,575,800",34.01
"May 27, 2014",33.92,33.98,33.77,33.94,"8,995,100",33.37
"May 23, 2014",33.49,33.69,33.41,33.63,"8,267,100",33.06
"May 22, 2014",33.39,33.70,33.31,33.42,"8,428,000",32.86
"May 21, 2014",33.15,33.62,33.10,33.46,"12,392,400",32.90
"May 20, 2014",34.16,34.30,32.96,33.07,"24,894,200",32.51
"May 19, 2014",33.84,34.35,33.80,34.25,"9,006,100",33.67
"May 16, 2014",33.75,34.65,33.49,34.00,"21,485,200",33.43
"May 15, 2014",34.61,34.75,33.83,34.36,"18,088,600",33.78
"May 14, 2014",35.10,35.11,34.80,34.94,"10,495,300",34.35
"May 13, 2014",34.84,35.19,34.60,35.15,"9,048,300",34.56
"May 12, 2014",34.38,34.94,34.38,34.82,"9,498,900",34.23
"May 9, 2014",34.80,34.90,34.15,34.23,"16,803,500",33.65
"May 8, 2014",34.98,35.43,34.73,34.85,"10,251,500",34.26
"May 7, 2014",34.96,35.11,34.61,35.07,"9,269,700",34.48
"May 6, 2014",35.07,35.14,34.75,34.75,"10,114,500",34.16
"May 5, 2014",34.84,34.89,34.63,34.75,"8,449,100",34.16
"May 2, 2014",35.03,35.33,34.86,34.97,"11,396,700",34.38
"May 1, 2014",34.67,35.40,34.54,34.90,"19,572,600",34.31
"Apr 30, 2014",33.84,34.54,33.84,34.48,"14,037,800",33.90
"Apr 29, 2014",33.70,34.10,33.62,33.99,"12,087,700",33.42
"Apr 28, 2014",33.93,33.94,33.52,33.76,"20,175,900",33.19
"Apr 25, 2014",33.55,34.08,33.55,33.72,"16,031,100",33.15
"Apr 24, 2014",35.50,35.70,33.52,34.17,"33,352,400",33.59
"Apr 23, 2014",34.29,34.61,34.10,34.39,"16,063,900",33.81
"Apr 22, 2014",34.03,34.44,34.00,34.23,"12,291,600",33.65
"Apr 21, 2014",33.95,34.21,33.75,33.98,"9,909,400",33.41
"Apr 17, 2014",33.83,34.09,33.80,33.98,"12,351,100",33.41
"Apr 16, 2014",33.69,33.99,33.32,33.97,"18,140,700",33.40
"Apr 15, 2014",32.81,33.44,32.29,33.36,"23,450,900",32.80
"Apr 14, 2014",32.29,32.88,32.15,32.55,"18,759,700",32.00
"Apr 11, 2014",33.00,33.09,31.70,31.93,"45,760,200",31.39
"Apr 10, 2014",33.71,34.06,33.30,33.30,"34,302,100",32.74
"Apr 9, 2014",33.90,34.24,33.60,33.62,"33,165,400",33.05
"Apr 8, 2014",34.15,34.60,33.85,34.53,"20,615,600",33.95
"Apr 7, 2014",34.67,34.73,33.82,34.11,"24,348,100",33.53
"Apr 4, 2014",35.58,35.70,34.65,34.81,"20,368,900",34.22
"Apr 3, 2014",34.94,35.50,34.73,35.44,"20,578,700",34.84
"Apr 2, 2014",34.65,35.05,34.38,34.88,"41,863,900",34.29
"Apr 1, 2014",34.50,35.14,34.32,34.34,"46,569,800",33.76
"Mar 31, 2014",34.53,34.79,33.95,34.42,"24,292,600",33.84
"Mar 28, 2014",34.64,35.02,34.56,34.73,"19,175,400",34.14
"Mar 27, 2014",34.28,34.99,34.11,34.51,"16,382,900",33.93
"Mar 26, 2014",34.68,34.74,34.20,34.22,"16,997,000",33.64
"Mar 25, 2014",35.13,35.18,34.19,34.51,"24,817,600",33.93
"Mar 24, 2014",34.69,35.17,34.28,35.14,"21,461,500",34.55
"Mar 21, 2014",35.39,35.50,34.78,35.01,"24,010,100",34.42
"Mar 20, 2014",34.79,35.27,34.40,35.26,"14,456,100",34.66
"Mar 19, 2014",35.28,36.00,34.60,34.91,"14,690,900",34.32
"Mar 18, 2014",34.68,35.24,34.50,35.17,"21,329,700",34.58
"Mar 17, 2014",34.14,34.69,33.71,34.63,"29,696,400",34.05
"Mar 14, 2014",33.85,34.56,33.57,34.09,"31,908,600",33.51
"Mar 13, 2014",35.04,35.16,33.87,34.09,"39,628,600",33.22
"Mar 12, 2014",34.76,35.25,34.37,34.86,"46,300,500",33.97
"Mar 11, 2014",37.00,37.12,35.02,35.18,"41,033,400",34.28
"Mar 10, 2014",37.56,37.56,36.76,37.09,"17,552,600",36.14
"Mar 7, 2014",37.94,38.01,37.45,37.69,"17,547,800",36.73
"Mar 6, 2014",37.87,38.05,37.54,37.54,"19,105,200",36.58
"Mar 5, 2014",37.54,38.05,37.33,37.52,"28,489,000",36.56
"Mar 4, 2014",36.53,36.99,36.43,36.93,"17,884,600",35.99
"Mar 3, 2014",35.70,36.59,35.70,36.21,"24,013,200",35.29
"Feb 28, 2014",36.73,36.76,35.89,36.20,"44,345,100",35.28
"Feb 27, 2014",36.56,36.85,35.97,36.77,"28,750,100",35.83
"Feb 26, 2014",35.95,37.13,35.94,36.83,"26,657,500",35.89
"Feb 25, 2014",36.67,36.80,35.99,36.10,"22,504,100",35.18
"Feb 24, 2014",36.70,36.82,36.44,36.55,"22,000,200",35.62
"Feb 21, 2014",36.68,36.75,36.14,36.69,"51,722,400",35.75
"Feb 20, 2014",36.19,36.60,36.00,36.51,"18,637,700",35.58
"Feb 19, 2014",36.22,36.72,36.00,36.03,"23,060,900",35.11
"Feb 18, 2014",36.43,36.49,36.00,36.31,"24,555,900",35.38
"Feb 14, 2014",35.37,36.08,35.25,35.95,"22,767,300",35.03
"Feb 13, 2014",35.17,35.22,34.76,35.20,"30,500,900",34.30
"Feb 12, 2014",35.49,35.65,35.13,35.56,"23,300,900",34.65
"Feb 11, 2014",35.22,35.74,35.19,35.25,"23,772,400",34.35
"Feb 10, 2014",35.91,35.92,34.62,34.90,"43,268,400",34.01
"Feb 7, 2014",35.97,36.47,35.42,36.11,"31,248,000",35.19
"Feb 6, 2014",34.43,35.82,34.36,35.23,"53,685,400",34.33
"Feb 5, 2014",35.84,35.84,34.96,35.24,"29,446,400",34.34
"Feb 4, 2014",35.47,35.98,35.25,35.82,"20,948,700",34.91
"Feb 3, 2014",36.27,36.31,34.91,35.25,"38,974,100",34.35
"Jan 31, 2014",36.22,36.84,35.88,36.08,"27,201,000",35.16
"Jan 30, 2014",36.88,37.07,36.48,36.84,"15,481,800",35.90
"Jan 29, 2014",36.06,36.96,36.01,36.35,"17,523,300",35.42
"Jan 28, 2014",37.16,37.20,36.72,36.81,"15,926,700",35.87
"Jan 27, 2014",36.80,37.28,36.06,36.76,"33,915,300",35.82
"Jan 24, 2014",38.07,38.11,36.70,36.83,"39,564,500",35.89
"Jan 23, 2014",38.34,38.50,37.91,38.42,"20,556,300",37.44
"Jan 22, 2014",38.40,38.82,38.12,38.80,"16,902,000",37.81
"Jan 21, 2014",38.89,39.00,37.90,38.34,"30,786,600",37.36
"Jan 17, 2014",39.07,39.10,38.33,38.60,"28,003,300",37.61
"Jan 16, 2014",39.31,39.55,38.76,39.00,"36,091,300",38.00
"Jan 15, 2014",39.63,39.77,38.96,39.38,"89,207,600",38.37
"Jan 14, 2014",39.77,40.16,39.57,40.02,"17,389,100",39.00
"Jan 13, 2014",40.16,40.64,39.44,39.58,"20,993,200",38.57
"Jan 10, 2014",40.60,40.68,39.84,40.03,"14,596,000",39.01
"Jan 9, 2014",40.88,40.94,40.28,40.49,"9,790,600",39.46
"Jan 8, 2014",40.33,40.84,40.20,40.42,"11,342,400",39.39
"Jan 7, 2014",40.70,40.94,40.10,40.20,"14,156,900",39.17
"Jan 6, 2014",39.90,40.59,39.64,40.40,"25,063,500",39.37
"Jan 3, 2014",40.92,40.95,39.00,39.57,"41,426,900",38.56
"Jan 2, 2014",40.68,41.06,40.34,40.95,"14,763,300",39.90
"Dec 31, 2013",40.70,41.04,40.58,40.87,"11,100,900",39.83
"Dec 30, 2013",41.00,41.13,40.65,40.69,"8,737,600",39.65
"Dec 27, 2013",41.31,41.44,40.86,40.94,"10,052,700",39.89
"Dec 26, 2013",41.04,41.85,41.04,41.52,"11,168,400",40.46
"Dec 24, 2013",41.25,41.31,40.83,40.88,"7,605,300",39.84
"Dec 23, 2013",40.90,41.58,40.61,41.29,"20,370,000",40.24
"Dec 20, 2013",40.48,41.05,40.18,40.99,"49,654,800",39.94
"Dec 19, 2013",41.14,41.27,40.08,40.30,"25,225,400",39.27
"Dec 18, 2013",41.17,41.40,39.86,41.27,"51,850,700",40.22
"Dec 17, 2013",41.66,41.85,41.14,41.53,"28,297,500",40.47
"Dec 16, 2013",40.56,41.55,40.46,41.44,"33,583,200",40.38
"Dec 13, 2013",40.19,40.35,40.02,40.04,"14,885,400",39.02
"Dec 12, 2013",40.10,40.61,40.01,40.05,"18,900,500",39.03
"Dec 11, 2013",40.76,40.83,40.07,40.16,"16,384,800",39.13
"Dec 10, 2013",40.55,41.13,40.40,40.40,"32,542,300",39.37
"Dec 9, 2013",40.38,41.17,40.31,40.90,"29,291,100",39.86
"Dec 6, 2013",39.99,40.38,39.60,40.17,"37,909,500",39.14
"Dec 5, 2013",38.99,39.34,38.55,39.09,"34,580,800",38.09
"Dec 4, 2013",38.53,39.62,38.12,38.71,"39,727,900",37.72
"Dec 3, 2013",38.89,39.09,37.68,38.14,"44,835,100",37.17
"Dec 2, 2013",39.10,39.39,38.91,39.11,"21,200,600",38.11
"Nov 29, 2013",38.90,39.15,38.50,38.73,"7,672,100",37.74
"Nov 27, 2013",37.71,38.99,37.60,38.85,"27,415,800",37.86
"Nov 26, 2013",37.70,37.94,37.40,37.67,"22,798,600",36.71
"Nov 25, 2013",37.75,37.87,37.39,37.55,"21,111,100",36.59
"Nov 22, 2013",38.20,38.50,37.58,37.63,"26,771,300",36.67
"Nov 21, 2013",38.85,39.00,38.04,38.12,"33,903,900",37.15
"Nov 20, 2013",38.11,38.71,37.60,37.69,"16,898,700",36.73
"Nov 19, 2013",38.57,38.74,37.89,38.01,"19,843,100",37.04
"Nov 18, 2013",38.81,39.18,38.53,38.57,"16,792,400",37.59
"Nov 15, 2013",38.51,39.08,38.20,38.77,"21,691,400",37.78
"Nov 14, 2013",38.70,38.80,38.15,38.50,"28,491,100",37.52
"Nov 13, 2013",36.50,38.53,36.48,38.44,"43,860,200",37.46
"Nov 12, 2013",36.67,36.80,36.37,36.66,"14,363,600",35.72
"Nov 11, 2013",36.68,37.09,36.50,36.68,"13,666,500",35.74
"Nov 8, 2013",36.15,36.77,36.01,36.66,"18,203,100",35.72
"Nov 7, 2013",36.61,36.75,35.91,35.92,"19,893,700",35.00
"Nov 6, 2013",37.24,37.40,36.57,36.59,"16,162,300",35.66
"Nov 5, 2013",37.28,37.51,37.07,37.09,"15,197,700",36.14
"Nov 4, 2013",37.50,37.80,37.41,37.47,"18,005,200",36.51
"Nov 1, 2013",37.17,38.21,37.05,37.39,"30,765,400",36.44
"Oct 31, 2013",37.18,37.99,36.95,36.95,"28,102,800",36.01
"Oct 30, 2013",37.20,37.55,36.78,37.23,"42,130,000",36.28
"Oct 29, 2013",35.82,36.18,35.51,36.06,"24,055,000",35.14
"Oct 28, 2013",35.44,35.97,35.43,35.80,"12,985,100",34.89
"Oct 25, 2013",35.67,35.77,35.32,35.59,"12,849,100",34.68
"Oct 24, 2013",35.49,36.03,35.10,35.63,"19,287,000",34.72
"Oct 23, 2013",35.38,35.39,34.53,35.05,"17,307,600",34.16
"Oct 22, 2013",35.62,36.13,35.37,35.41,"17,008,200",34.51
"Oct 21, 2013",36.26,36.27,35.34,35.50,"13,451,700",34.59
"Oct 18, 2013",36.21,36.30,35.68,35.89,"14,638,500",34.97
"Oct 17, 2013",35.16,35.79,34.96,35.66,"12,602,900",34.75
"Oct 16, 2013",35.02,35.21,34.78,35.13,"15,529,600",34.23
"Oct 15, 2013",35.28,35.38,34.51,34.70,"13,708,400",33.81
"Oct 14, 2013",34.83,35.45,34.81,35.33,"11,193,400",34.43
"Oct 11, 2013",34.79,35.52,34.66,35.35,"15,406,700",34.45
"Oct 10, 2013",34.74,34.89,34.61,34.85,"18,041,900",33.96
"Oct 9, 2013",34.33,34.39,33.92,34.16,"21,109,900",33.29
"Oct 8, 2013",35.25,35.27,34.17,34.21,"23,658,400",33.34
"Oct 7, 2013",35.23,35.52,35.02,35.18,"12,181,000",34.28
"Oct 4, 2013",35.44,35.80,35.13,35.70,"13,811,100",34.79
"Oct 3, 2013",35.76,35.94,35.13,35.29,"15,001,200",34.39
"Oct 2, 2013",35.74,36.00,35.23,35.94,"19,459,700",35.02
"Oct 1, 2013",36.04,36.41,35.32,35.91,"21,886,600",34.99
"Sep 30, 2013",35.71,36.31,35.62,35.97,"17,724,400",35.05
"Sep 27, 2013",36.77,36.90,36.16,36.37,"14,173,500",35.44
"Sep 26, 2013",37.19,37.35,36.76,36.95,"14,022,900",36.01
"Sep 25, 2013",37.53,37.78,37.16,37.18,"15,114,600",36.23
"Sep 24, 2013",37.16,37.97,37.06,37.44,"23,723,800",36.48
"Sep 23, 2013",37.15,37.50,36.55,37.13,"18,484,700",36.18
"Sep 20, 2013",37.64,37.68,36.83,36.83,"35,700,300",35.89
"Sep 19, 2013",37.84,37.88,37.16,37.23,"16,819,500",36.28
"Sep 18, 2013",36.76,37.73,36.71,37.58,"21,432,800",36.62
"Sep 17, 2013",36.32,36.98,36.32,36.71,"12,992,300",35.77
"Sep 16, 2013",36.47,36.62,36.15,36.22,"14,715,200",35.30
"Sep 13, 2013",36.49,36.55,35.99,36.06,"12,642,900",35.14
"Sep 12, 2013",36.37,36.56,35.88,36.37,"15,743,700",35.44
"Sep 11, 2013",36.53,36.60,36.02,36.35,"27,025,600",35.42
"Sep 10, 2013",36.94,37.27,36.72,37.00,"10,626,200",36.06
"Sep 9, 2013",36.34,36.70,36.25,36.48,"13,515,500",35.55
"Sep 6, 2013",36.40,36.62,35.61,36.15,"14,244,900",35.23
"Sep 5, 2013",36.01,36.79,35.87,36.33,"18,633,800",35.40
"Sep 4, 2013",34.20,35.90,34.17,35.85,"23,036,900",34.93
"Sep 3, 2013",34.68,34.77,33.96,34.14,"10,906,700",33.27
"Aug 30, 2013",34.50,34.54,33.90,34.08,"8,099,400",33.21
"Aug 29, 2013",33.82,34.69,33.81,34.45,"10,558,000",33.57
"Aug 28, 2013",33.57,34.16,33.50,33.92,"9,109,200",33.05
"Aug 27, 2013",34.44,34.61,33.62,33.69,"11,905,600",32.83
"Aug 26, 2013",35.03,35.52,34.85,34.92,"10,831,800",34.03
"Aug 23, 2013",35.14,35.22,34.86,35.06,"7,487,000",34.17
"Aug 22, 2013",34.66,35.05,34.65,34.99,"9,572,200",34.10
"Aug 21, 2013",34.78,34.95,34.39,34.53,"9,798,600",33.65
"Aug 20, 2013",34.56,34.91,34.05,34.79,"13,766,900",33.90
"Aug 19, 2013",34.56,34.83,34.42,34.49,"9,211,700",33.61
"Aug 16, 2013",34.59,34.91,34.18,34.38,"12,498,300",33.50
"Aug 15, 2013",35.17,35.18,34.41,34.55,"20,384,600",33.67
"Aug 14, 2013",35.84,36.01,35.21,35.57,"11,341,100",34.66
"Aug 13, 2013",36.21,36.21,35.59,35.84,"7,145,700",34.93
"Aug 12, 2013",35.76,36.10,35.60,35.98,"8,441,900",35.06
"Aug 9, 2013",35.96,36.27,35.70,36.02,"7,705,800",35.10
"Aug 8, 2013",35.61,36.11,35.57,36.01,"14,457,000",35.09
"Aug 7, 2013",36.01,36.10,35.43,35.48,"19,395,100",34.57
"Aug 6, 2013",36.44,36.49,35.96,35.96,"13,485,100",35.04
"Aug 5, 2013",37.03,37.05,36.65,36.75,"7,144,300",35.81
"Aug 2, 2013",36.44,37.18,36.34,36.95,"11,913,000",36.01
"Aug 1, 2013",36.39,36.86,36.01,36.47,"16,148,300",35.54
"Jul 31, 2013",36.62,36.72,35.67,35.87,"20,696,300",34.95
"Jul 30, 2013",36.53,36.78,36.32,36.50,"12,244,500",35.57
"Jul 29, 2013",36.57,36.67,36.15,36.38,"8,407,800",35.45
"Jul 26, 2013",36.93,37.00,36.46,36.67,"15,892,800",35.73
"Jul 25, 2013",37.47,37.71,36.51,37.08,"18,095,900",36.13
"Jul 24, 2013",37.11,37.45,36.87,37.14,"15,200,600",36.19
"Jul 23, 2013",36.89,36.95,36.52,36.61,"9,296,600",35.68
"Jul 22, 2013",36.62,36.99,36.48,36.76,"11,260,700",35.82
"Jul 19, 2013",36.89,36.89,36.06,36.61,"11,608,300",35.68
"Jul 18, 2013",36.50,36.99,36.33,36.84,"10,679,400",35.90
"Jul 17, 2013",36.23,36.56,36.08,36.36,"10,943,400",35.43
"Jul 16, 2013",36.87,36.94,35.76,36.18,"16,273,700",35.26
"Jul 15, 2013",36.60,36.72,36.28,36.50,"8,968,200",35.57
"Jul 12, 2013",36.09,36.58,35.91,36.40,"10,744,300",35.47
"Jul 11, 2013",35.72,36.20,35.64,36.14,"13,246,500",35.22
"Jul 10, 2013",34.90,35.34,34.84,35.33,"11,820,200",34.43
"Jul 9, 2013",34.90,35.25,34.72,34.92,"7,243,300",34.03
"Jul 8, 2013",34.78,35.02,34.54,34.64,"11,233,600",33.76
"Jul 5, 2013",34.35,34.83,34.24,34.67,"7,107,800",33.78
"Jul 3, 2013",33.94,34.40,33.76,34.14,"5,715,700",33.27
"Jul 2, 2013",34.04,34.94,33.82,34.10,"15,171,900",33.23
"Jul 1, 2013",33.52,34.19,33.41,34.00,"10,310,800",33.13
"Jun 28, 2013",33.02,33.72,32.80,33.31,"15,813,400",32.46
"Jun 27, 2013",32.92,33.50,32.78,33.10,"11,000,300",32.26
"Jun 26, 2013",32.18,32.70,32.03,32.55,"10,374,000",31.72
"Jun 25, 2013",31.75,32.02,31.54,31.82,"9,268,300",31.01
"Jun 24, 2013",31.76,31.84,31.13,31.42,"18,970,400",30.62
"Jun 21, 2013",32.96,32.97,31.74,32.21,"18,998,000",31.39
"Jun 20, 2013",33.41,33.41,32.28,32.56,"29,107,200",31.73
"Jun 19, 2013",34.02,34.25,33.65,33.66,"8,428,700",32.80
"Jun 18, 2013",33.80,34.06,33.44,34.01,"9,926,100",33.14
"Jun 17, 2013",34.50,34.56,33.60,33.73,"10,195,000",32.87
"Jun 14, 2013",34.46,34.62,34.09,34.29,"10,091,600",33.41
"Jun 13, 2013",33.36,34.51,33.10,34.50,"15,604,800",33.62
"Jun 12, 2013",34.28,34.46,33.24,33.45,"13,642,000",32.60
"Jun 11, 2013",34.37,34.49,33.59,33.93,"17,023,900",33.06
"Jun 10, 2013",35.18,35.24,34.52,34.74,"15,219,500",33.85
"Jun 7, 2013",34.79,35.10,34.00,35.03,"30,683,600",34.14
"Jun 6, 2013",34.12,34.53,33.78,34.44,"79,847,700",33.56
"Jun 5, 2013",35.00,35.07,34.00,34.02,"22,345,200",33.15
"Jun 4, 2013",35.40,35.49,34.75,34.96,"30,517,200",34.07
"Jun 3, 2013",34.57,34.69,33.38,34.42,"17,794,500",33.54
"May 31, 2013",34.53,34.78,33.89,33.89,"10,137,400",33.02
"May 30, 2013",34.04,34.91,33.87,34.64,"15,085,300",33.76
"May 29, 2013",33.71,34.30,33.45,34.05,"10,867,200",33.18
"May 28, 2013",34.00,34.30,33.75,33.96,"16,969,400",33.09
"May 24, 2013",32.55,33.00,32.51,32.87,"5,861,200",32.03
"May 23, 2013",32.33,33.11,32.10,32.85,"10,537,300",32.01
"May 22, 2013",33.22,33.93,32.99,33.23,"13,238,400",32.38
"May 21, 2013",33.59,33.96,32.88,33.40,"13,790,500",32.55
"May 20, 2013",33.37,34.01,33.36,33.70,"15,260,600",32.84
"May 17, 2013",32.99,33.77,32.81,33.42,"20,897,700",32.57
"May 16, 2013",32.09,32.67,32.00,32.39,"10,425,300",31.56
"May 15, 2013",31.55,32.40,31.51,32.31,"15,086,000",31.49
"May 14, 2013",31.02,31.70,31.01,31.55,"10,676,600",30.74
"May 13, 2013",31.16,31.35,30.87,31.00,"8,098,100",30.21
"May 10, 2013",31.55,31.70,30.97,31.42,"12,811,400",30.62
"May 9, 2013",32.01,32.16,31.62,31.65,"10,861,700",30.84
"May 8, 2013",31.41,32.19,31.09,32.08,"9,991,300",31.26
"May 7, 2013",31.92,32.13,31.46,31.65,"11,421,600",30.84
"May 6, 2013",32.02,32.22,31.78,31.82,"8,501,500",31.01
"May 3, 2013",31.74,32.44,31.63,32.10,"12,471,800",31.28
"May 2, 2013",31.31,31.82,31.05,31.16,"19,124,500",30.36
"May 1, 2013",30.77,31.08,30.11,30.18,"10,393,700",29.41
"Apr 30, 2013",30.77,30.97,30.57,30.84,"8,117,200",30.05
"Apr 29, 2013",30.62,30.90,30.42,30.79,"6,197,700",30.00
"Apr 26, 2013",30.79,30.80,30.03,30.50,"13,738,300",29.72
"Apr 25, 2013",30.06,30.78,30.00,30.71,"14,499,000",29.93
"Apr 24, 2013",29.91,30.80,29.86,30.45,"21,511,000",29.67
"Apr 23, 2013",29.34,29.92,29.28,29.85,"8,454,200",29.09
"Apr 22, 2013",29.20,29.34,28.85,29.25,"6,767,000",28.50
"Apr 19, 2013",29.10,29.26,28.91,29.15,"7,183,000",28.41
"Apr 18, 2013",29.25,29.38,28.75,28.98,"11,121,400",28.24
"Apr 17, 2013",29.03,29.33,28.77,29.27,"10,670,400",28.52
"Apr 16, 2013",29.17,29.52,29.17,29.47,"8,007,700",28.72
"Apr 15, 2013",29.41,29.69,28.84,28.91,"14,080,800",28.17
"Apr 12, 2013",29.57,29.84,29.55,29.62,"15,617,500",28.86
"Apr 11, 2013",28.49,29.76,28.44,29.72,"22,305,200",28.96
"Apr 10, 2013",27.69,28.51,27.68,28.37,"12,927,800",27.65
"Apr 9, 2013",27.77,27.78,27.50,27.53,"9,682,300",26.83
"Apr 8, 2013",27.50,27.64,27.40,27.59,"11,572,900",26.89
"Apr 5, 2013",27.38,27.56,27.11,27.52,"11,792,800",26.82
"Apr 4, 2013",27.75,28.00,27.51,27.74,"8,571,800",27.03
"Apr 3, 2013",28.00,28.10,27.66,27.80,"11,199,700",27.09
"Apr 2, 2013",27.96,28.30,27.53,27.93,"16,188,100",27.22
"Apr 1, 2013",27.65,28.09,27.65,27.80,"8,834,600",27.09
"Mar 28, 2013",28.02,28.09,27.64,27.82,"9,331,000",27.11
"Mar 27, 2013",28.05,28.27,27.96,28.06,"5,444,400",27.34
"Mar 26, 2013",28.28,28.35,27.99,28.15,"6,876,400",27.43
"Mar 25, 2013",28.39,28.48,28.02,28.16,"6,669,900",27.44
"Mar 22, 2013",28.62,28.71,27.96,28.22,"12,673,300",27.50
"Mar 21, 2013",28.91,29.17,28.57,28.63,"13,452,000",27.90
"Mar 20, 2013",28.25,29.30,28.19,29.20,"25,484,100",28.45
"Mar 19, 2013",28.10,28.20,27.90,28.10,"12,749,500",27.38
"Mar 18, 2013",27.95,28.15,27.73,28.04,"13,758,200",27.32
"Mar 15, 2013",27.96,28.26,27.80,28.21,"12,101,200",27.49
"Mar 14, 2013",28.05,28.23,28.04,28.16,"6,438,500",27.44
"Mar 13, 2013",28.38,28.38,28.05,28.07,"10,287,400",27.35
"Mar 12, 2013",28.26,28.64,28.09,28.37,"10,686,800",27.65
"Mar 11, 2013",27.95,28.39,27.55,28.31,"19,122,000",27.59
"Mar 8, 2013",27.91,28.19,27.89,28.00,"5,910,500",27.29
"Mar 7, 2013",27.86,28.14,27.79,27.88,"9,428,100",27.17
"Mar 6, 2013",27.76,27.96,27.62,27.91,"9,002,500",27.20
"Mar 5, 2013",27.22,27.79,27.19,27.58,"9,199,300",26.88
"Mar 4, 2013",27.14,27.29,26.99,27.09,"6,583,900",26.40
"Mar 1, 2013",26.83,27.49,26.75,27.21,"9,017,700",26.52
"Feb 28, 2013",27.50,27.57,26.89,27.15,"10,305,500",26.46
"Feb 27, 2013",26.80,27.58,26.72,27.40,"13,115,700",26.70
"Feb 26, 2013",26.65,26.85,26.19,26.83,"13,363,500",26.15
"Feb 25, 2013",27.11,27.17,26.33,26.33,"11,121,400",25.66
"Feb 22, 2013",26.40,27.12,26.31,27.11,"9,279,400",26.42
"Feb 21, 2013",27.02,27.04,26.33,26.51,"13,893,200",25.83
"Feb 20, 2013",27.81,27.81,27.05,27.10,"7,236,600",26.41
"Feb 19, 2013",27.69,27.80,27.46,27.68,"7,086,100",26.97
"Feb 15, 2013",27.59,27.92,27.22,27.76,"12,861,100",27.05
"Feb 14, 2013",28.74,29.36,27.67,27.75,"19,226,200",27.04
"Feb 13, 2013",28.75,28.87,28.44,28.67,"9,283,900",27.94
"Feb 12, 2013",28.43,28.75,28.24,28.55,"7,175,600",27.82
"Feb 11, 2013",28.51,28.65,28.35,28.53,"5,589,900",27.80
"Feb 8, 2013",28.54,28.73,28.50,28.57,"6,316,700",27.84
"Feb 7, 2013",28.68,28.91,28.03,28.47,"10,493,500",27.74
"Feb 6, 2013",28.35,28.60,28.22,28.52,"7,010,500",27.79
"Feb 5, 2013",28.03,28.60,28.03,28.59,"11,097,500",27.86
"Feb 4, 2013",27.89,28.20,27.88,27.96,"6,508,900",27.25
"Feb 1, 2013",28.39,28.50,28.08,28.17,"10,713,800",27.45
"Jan 31, 2013",27.80,28.14,27.61,28.09,"8,685,200",27.37
"Jan 30, 2013",28.28,28.65,27.77,27.94,"11,230,700",27.23
"Jan 29, 2013",28.80,28.82,28.16,28.45,"13,059,800",27.72
"Jan 28, 2013",29.05,29.15,28.61,28.83,"7,038,300",28.09
"Jan 25, 2013",28.96,29.16,28.87,29.07,"10,258,400",28.33
"Jan 24, 2013",28.59,28.98,28.35,28.78,"8,398,900",28.05
"Jan 23, 2013",28.58,28.84,26.62,28.57,"11,355,300",27.84
"Jan 22, 2013",29.19,29.27,28.38,28.63,"18,538,600",27.90
"Jan 18, 2013",29.44,29.53,28.88,29.28,"9,993,700",28.53
"Jan 17, 2013",29.48,29.65,29.19,29.49,"12,064,700",28.74
"Jan 16, 2013",29.57,29.73,28.83,29.31,"28,298,900",28.56
"Jan 15, 2013",30.11,30.68,29.95,30.60,"7,497,500",29.82
"Jan 14, 2013",30.15,30.39,29.89,30.33,"6,634,700",29.56
"Jan 11, 2013",30.38,30.60,30.11,30.36,"6,862,900",29.59
"Jan 10, 2013",30.28,30.45,29.78,30.44,"12,115,400",29.66
"Jan 9, 2013",29.58,30.28,29.56,29.97,"13,341,400",29.20
"Jan 8, 2013",29.66,29.85,29.05,29.37,"10,435,200",28.62
"Jan 7, 2013",29.64,29.86,29.30,29.66,"8,385,300",28.90
"Jan 4, 2013",29.74,29.86,29.23,29.86,"8,066,600",29.10
"Jan 3, 2013",29.05,30.23,28.84,29.82,"22,903,800",29.06
"Jan 2, 2013",29.41,29.50,28.63,29.13,"15,605,900",28.39
"Dec 31, 2012",27.76,28.90,27.62,28.83,"13,243,300",28.09
"Dec 28, 2012",27.66,27.94,27.55,27.85,"5,133,500",27.14
"Dec 27, 2012",27.74,27.99,27.43,27.96,"9,431,200",27.25
"Dec 26, 2012",27.63,27.95,27.49,27.62,"7,006,200",26.91
"Dec 24, 2012",27.31,27.74,27.31,27.66,"4,877,400",26.95
"Dec 21, 2012",26.74,27.38,26.54,27.32,"8,773,000",26.62
"Dec 20, 2012",27.00,27.48,26.87,27.34,"15,768,900",26.64
"Dec 19, 2012",27.44,27.91,26.86,27.18,"54,870,500",26.49
"Dec 18, 2012",24.98,25.54,24.80,25.49,"9,589,000",24.84
"Dec 17, 2012",24.67,24.90,24.65,24.85,"7,130,600",24.22
"Dec 14, 2012",25.08,25.11,24.40,24.61,"9,661,400",23.98
"Dec 13, 2012",25.56,25.83,24.90,25.12,"7,737,400",24.48
"Dec 12, 2012",25.54,26.07,25.44,25.63,"8,395,500",24.98
"Dec 11, 2012",25.31,25.50,25.11,25.45,"5,709,300",24.80
"Dec 10, 2012",25.06,25.41,25.04,25.28,"5,931,900",24.63
"Dec 7, 2012",24.76,25.21,24.57,25.19,"9,060,300",24.55
"Dec 6, 2012",24.91,25.00,24.46,24.57,"9,708,900",23.94
"Dec 5, 2012",25.37,25.60,24.94,25.00,"7,652,700",24.36
"Dec 4, 2012",25.34,25.50,24.52,25.41,"12,633,900",24.76
"Dec 3, 2012",26.06,26.36,25.46,25.51,"11,331,100",24.86
"Nov 30, 2012",25.89,26.17,25.58,25.88,"6,538,600",25.22
"Nov 29, 2012",25.61,26.24,25.51,26.09,"10,012,500",25.42
"Nov 28, 2012",24.69,25.30,24.64,25.28,"5,312,900",24.63
"Nov 27, 2012",25.14,25.35,25.00,25.01,"5,822,200",24.37
"Nov 26, 2012",25.17,25.41,24.95,25.23,"6,460,000",24.59
"Nov 23, 2012",24.96,25.42,24.86,25.21,"4,595,900",24.57
"Nov 21, 2012",24.57,24.97,24.43,24.60,"4,907,700",23.97
"Nov 20, 2012",24.90,24.94,24.38,24.60,"6,578,700",23.97
"Nov 19, 2012",24.27,24.94,24.13,24.93,"7,996,800",24.29
"Nov 16, 2012",23.92,23.98,23.39,23.85,"9,647,800",23.24
"Nov 15, 2012",24.18,24.19,23.54,23.88,"9,371,700",23.27
"Nov 14, 2012",24.93,24.99,24.10,24.17,"9,587,600",23.55
"Nov 13, 2012",24.89,25.18,24.75,24.82,"9,697,600",24.19
"Nov 12, 2012",25.05,25.38,25.05,25.26,"5,297,000",24.62
"Nov 9, 2012",24.38,25.28,24.38,25.04,"7,648,400",24.40
"Nov 8, 2012",25.22,25.50,24.70,24.72,"5,239,800",24.09
"Nov 7, 2012",25.64,25.67,24.92,25.03,"11,106,300",24.39
"Nov 6, 2012",25.59,26.27,25.45,26.19,"10,888,500",25.52
"Nov 5, 2012",25.44,25.99,25.35,25.57,"7,680,700",24.92
"Nov 2, 2012",25.81,25.99,25.55,25.79,"9,918,400",25.13
"Nov 1, 2012",25.53,25.85,24.91,25.68,"14,558,100",25.02
"Oct 31, 2012",24.30,25.72,23.90,25.50,"24,700,200",24.85
"Oct 26, 2012",23.61,23.90,23.19,23.28,"10,146,900",22.69
"Oct 25, 2012",23.98,24.27,23.58,23.63,"11,875,900",23.03
"Oct 24, 2012",24.15,24.27,23.66,23.69,"6,230,800",23.09
"Oct 23, 2012",24.07,24.10,23.73,23.87,"8,196,000",23.26
"Oct 22, 2012",24.56,24.85,24.28,24.62,"7,067,800",23.99
"Oct 19, 2012",25.43,25.50,24.55,24.59,"10,454,300",23.96
"Oct 18, 2012",25.09,25.72,24.96,25.56,"9,762,100",24.91
"Oct 17, 2012",24.90,25.13,24.60,25.06,"6,002,700",24.42
"Oct 16, 2012",24.52,24.85,24.41,24.79,"4,252,100",24.16
"Oct 15, 2012",24.51,24.58,24.33,24.48,"5,114,300",23.86
"Oct 12, 2012",24.56,24.83,24.33,24.44,"4,230,300",23.82
"Oct 11, 2012",24.41,24.99,24.23,24.66,"8,771,700",24.03
"Oct 10, 2012",24.41,24.58,24.10,24.23,"6,049,300",23.61
"Oct 9, 2012",24.74,24.86,24.27,24.37,"7,210,000",23.75
"Oct 8, 2012",24.79,24.81,24.51,24.57,"6,249,500",23.94
"Oct 5, 2012",24.88,25.43,24.57,24.80,"14,251,000",24.17
"Oct 4, 2012",24.55,24.67,24.32,24.65,"8,693,500",24.02
"Oct 3, 2012",23.71,24.61,23.66,24.39,"14,739,000",23.77
"Oct 2, 2012",23.50,24.10,22.67,23.68,"21,403,400",23.08
"Oct 1, 2012",23.00,23.41,22.85,23.09,"7,582,100",22.50
"Sep 28, 2012",23.00,23.10,22.71,22.75,"8,614,500",22.17
"Sep 27, 2012",23.67,23.70,23.14,23.18,"6,843,400",22.59
"Sep 26, 2012",23.25,23.73,22.85,23.39,"8,329,400",22.79
"Sep 25, 2012",24.43,24.50,23.28,23.52,"10,326,800",22.92
"Sep 24, 2012",24.51,24.68,24.12,24.36,"5,689,300",23.74
"Sep 21, 2012",24.54,24.89,24.50,24.80,"12,189,300",24.17
"Sep 20, 2012",24.34,24.54,23.91,24.42,"7,414,900",23.80
"Sep 19, 2012",24.36,25.15,24.32,24.75,"16,033,600",24.12
"Sep 18, 2012",24.29,24.45,24.02,24.43,"11,308,000",23.81
"Sep 17, 2012",23.92,23.95,23.73,23.80,"6,098,600",23.19
"Sep 14, 2012",23.69,24.33,23.63,24.14,"11,881,300",23.52
"Sep 13, 2012",23.05,23.68,22.82,23.53,"9,479,800",22.93
"Sep 12, 2012",23.14,23.33,23.05,23.13,"5,201,000",22.54
"Sep 11, 2012",22.98,23.25,22.88,22.97,"5,442,600",22.38
"Sep 10, 2012",23.28,23.42,22.94,22.98,"8,156,800",22.39
"Sep 7, 2012",22.55,23.42,22.54,23.37,"12,908,400",22.77
"Sep 6, 2012",21.79,22.73,21.75,22.45,"12,484,800",21.88
"Sep 5, 2012",21.22,21.76,21.02,21.76,"7,933,000",21.20
"Sep 4, 2012",21.25,21.50,21.02,21.31,"7,505,300",20.77
"Aug 31, 2012",21.30,21.48,21.11,21.35,"5,826,200",20.81
"Aug 30, 2012",21.25,21.26,21.02,21.11,"3,882,800",20.57
"Aug 29, 2012",20.90,21.64,20.86,21.30,"9,625,000",20.76
"Aug 28, 2012",21.00,21.25,20.91,20.94,"5,784,600",20.41
"Aug 27, 2012",21.20,21.37,21.00,21.22,"6,216,400",20.68
"Aug 24, 2012",21.21,21.36,21.07,21.18,"5,443,300",20.64
"Aug 23, 2012",21.61,21.61,21.23,21.34,"8,960,500",20.80
"Aug 22, 2012",21.58,21.75,21.14,21.73,"7,180,500",21.18
"Aug 21, 2012",21.95,22.07,21.52,21.63,"6,545,200",21.08
"Aug 20, 2012",21.75,22.02,21.66,21.87,"6,615,800",21.31
"Aug 17, 2012",21.35,22.14,21.34,22.01,"17,952,300",21.45
"Aug 16, 2012",20.12,21.46,20.12,21.33,"14,407,500",20.79
"Aug 15, 2012",20.21,20.36,19.98,20.14,"6,498,600",19.63
"Aug 14, 2012",20.63,20.79,20.10,20.21,"7,681,000",19.69
"Aug 13, 2012",20.52,20.80,20.36,20.47,"4,027,000",19.95
"Aug 10, 2012",20.52,20.70,20.31,20.54,"3,899,800",20.02
"Aug 9, 2012",20.37,20.82,20.21,20.65,"6,651,400",20.12
"Aug 8, 2012",20.14,20.45,20.05,20.38,"4,702,600",19.86
"Aug 7, 2012",19.92,20.52,19.92,20.42,"9,577,200",19.90
"Aug 6, 2012",20.05,20.10,19.76,19.85,"6,205,800",19.34
"Aug 3, 2012",19.26,20.10,19.25,20.04,"9,394,800",19.53
"Aug 2, 2012",19.59,20.06,18.93,19.14,"10,881,000",18.65
"Aug 1, 2012",19.78,20.58,19.43,19.66,"14,831,900",19.16
"Jul 31, 2012",19.46,19.77,19.37,19.71,"5,607,600",19.21
"Jul 30, 2012",19.55,19.65,19.30,19.36,"4,219,200",18.87
"Jul 27, 2012",19.14,19.69,19.07,19.67,"6,803,900",19.17
"Jul 26, 2012",19.02,19.15,18.75,19.11,"5,571,600",18.62
"Jul 25, 2012",19.10,19.13,18.72,18.80,"6,777,100",18.32
"Jul 24, 2012",19.25,19.38,18.85,19.02,"8,202,100",18.53
"Jul 23, 2012",19.09,19.36,18.85,19.30,"8,764,600",18.81
"Jul 20, 2012",20.02,20.16,19.33,19.36,"8,798,000",18.87
"Jul 19, 2012",20.12,20.35,20.07,20.14,"6,855,400",19.63
"Jul 18, 2012",19.62,20.21,19.57,20.07,"8,770,400",19.56
"Jul 17, 2012",19.55,19.60,19.30,19.60,"7,951,200",19.10
"Jul 16, 2012",19.47,19.55,19.23,19.38,"9,066,500",18.89
"Jul 13, 2012",19.33,19.71,19.27,19.62,"7,474,700",19.12
"Jul 12, 2012",19.61,19.77,19.23,19.33,"14,117,000",18.84
"Jul 11, 2012",19.75,20.01,19.60,19.90,"6,668,400",19.39
"Jul 10, 2012",20.25,20.48,19.73,19.80,"9,803,300",19.29
"Jul 9, 2012",20.21,20.40,20.05,20.22,"5,520,400",19.70
"Jul 6, 2012",20.35,20.60,20.05,20.31,"6,512,900",19.79
"Jul 5, 2012",20.75,21.21,20.54,20.54,"8,075,600",20.02
"Jul 3, 2012",19.80,21.12,19.67,20.67,"10,718,700",20.14
"Jul 2, 2012",19.70,19.74,19.30,19.57,"6,307,700",19.07
"Jun 29, 2012",20.00,20.00,19.24,19.72,"13,447,400",19.22
"Jun 28, 2012",19.64,19.92,19.49,19.82,"11,220,900",19.31
"Jun 27, 2012",19.83,19.98,19.62,19.66,"8,314,800",19.16
"Jun 26, 2012",19.94,20.04,19.62,19.85,"8,923,000",19.34
"Jun 25, 2012",20.32,20.39,19.91,19.91,"9,975,700",19.40
"Jun 22, 2012",20.95,20.95,20.46,20.60,"6,972,200",20.07
"Jun 21, 2012",21.45,21.50,20.60,20.64,"9,193,500",20.11
"Jun 20, 2012",21.78,21.82,21.28,21.48,"8,588,900",20.93
"Jun 19, 2012",21.43,22.00,21.40,21.74,"7,768,600",21.19
"Jun 18, 2012",21.54,21.72,21.38,21.43,"6,394,000",20.88
"Jun 15, 2012",21.76,21.81,21.42,21.74,"5,714,300",21.19
"Jun 14, 2012",21.84,21.99,21.58,21.80,"4,534,300",21.24
"Jun 13, 2012",22.04,22.17,21.74,21.87,"8,588,100",21.31
"Jun 12, 2012",21.92,22.20,21.68,22.17,"6,100,200",21.60
"Jun 11, 2012",22.28,22.30,21.90,21.92,"6,050,800",21.36
"Jun 8, 2012",21.85,22.09,21.50,22.05,"4,258,600",21.49
"Jun 7, 2012",22.11,22.38,21.76,21.85,"5,951,200",21.29
"Jun 6, 2012",21.43,21.94,21.34,21.83,"6,122,700",21.27
"Jun 5, 2012",20.98,21.47,20.97,21.25,"5,645,900",20.71
"Jun 4, 2012",22.01,22.04,20.66,21.11,"15,419,800",20.57
"Jun 1, 2012",21.65,23.34,21.45,22.01,"29,615,400",21.45
"May 31, 2012",22.26,22.41,22.00,22.20,"6,009,300",21.63
"May 30, 2012",22.50,22.50,21.98,22.37,"7,369,500",21.80
"May 29, 2012",22.62,22.93,22.59,22.85,"9,790,400",22.27
"May 25, 2012",22.04,22.46,22.00,22.44,"5,662,000",21.87
"May 24, 2012",21.98,22.13,21.82,22.04,"5,093,400",21.48
"May 23, 2012",21.33,22.20,21.32,22.13,"8,340,500",21.57
"May 22, 2012",21.71,21.90,21.34,21.50,"7,021,500",20.95
"May 21, 2012",21.34,21.68,21.26,21.54,"6,295,900",20.99
"May 18, 2012",21.54,21.69,21.09,21.18,"7,532,600",20.64
"May 17, 2012",21.94,22.27,21.55,21.61,"12,132,600",21.06
"May 16, 2012",22.05,22.62,21.85,21.91,"13,640,200",21.35
"May 15, 2012",21.57,21.83,21.34,21.42,"7,410,500",20.87
"May 14, 2012",21.75,21.97,21.60,21.63,"9,665,400",21.08
"May 11, 2012",22.00,22.54,21.98,22.00,"8,045,700",21.44
"May 10, 2012",22.69,22.89,22.34,22.37,"7,235,100",21.80
"May 9, 2012",21.88,22.80,21.85,22.44,"9,812,900",21.87
"May 8, 2012",22.25,22.35,21.87,22.23,"9,317,900",21.66
"May 7, 2012",21.87,22.50,21.85,22.41,"7,853,500",21.84
"May 4, 2012",22.20,22.41,21.82,22.36,"14,830,800",21.79
"May 3, 2012",23.13,23.19,22.19,22.37,"22,816,800",21.80
"May 2, 2012",23.19,23.25,22.63,22.93,"14,476,300",22.34
"May 1, 2012",23.04,23.48,22.60,23.31,"10,151,600",22.71
"Apr 30, 2012",23.38,23.49,22.80,23.00,"8,279,100",22.41
"Apr 27, 2012",23.81,24.09,23.34,23.53,"10,495,300",22.93
"Apr 26, 2012",23.16,23.75,23.16,23.72,"8,132,600",23.11
"Apr 25, 2012",23.15,23.36,22.89,23.31,"5,548,200",22.71
"Apr 24, 2012",23.02,23.40,22.88,22.89,"8,679,500",22.31
"Apr 23, 2012",23.17,23.30,22.90,22.95,"16,187,700",22.36
"Apr 20, 2012",24.06,24.06,23.52,23.60,"12,948,000",23.00
"Apr 19, 2012",24.09,24.87,23.87,24.01,"11,206,800",23.40
"Apr 18, 2012",23.87,24.29,23.75,24.15,"6,253,300",23.53
"Apr 17, 2012",23.59,24.54,23.55,24.04,"10,256,900",23.43
"Apr 16, 2012",23.78,23.93,23.36,23.42,"7,528,500",22.82
"Apr 13, 2012",24.22,24.29,23.62,23.80,"7,310,900",23.19
"Apr 12, 2012",24.05,24.49,24.00,24.30,"5,041,800",23.68
"Apr 11, 2012",23.84,24.28,23.82,24.03,"9,260,900",23.42
"Apr 10, 2012",24.11,24.14,23.29,23.71,"11,856,100",23.10
"Apr 9, 2012",24.22,24.40,24.03,24.20,"7,242,200",23.58
"Apr 5, 2012",24.99,25.18,24.61,24.81,"8,211,300",24.18
"Apr 4, 2012",25.10,25.40,24.90,25.10,"9,785,500",24.46
"Apr 3, 2012",26.64,27.03,25.27,25.54,"26,410,400",24.89
"Apr 2, 2012",26.03,26.91,25.98,26.76,"14,465,300",26.08
"Mar 30, 2012",25.49,25.78,25.11,25.65,"6,035,000",25.00
"Mar 29, 2012",25.02,25.37,24.94,25.31,"6,433,300",24.66
"Mar 28, 2012",25.41,25.48,25.02,25.15,"5,162,000",24.51
"Mar 27, 2012",25.42,25.85,25.34,25.35,"6,632,500",24.70
"Mar 26, 2012",25.23,25.63,25.14,25.58,"7,957,700",24.93
"Mar 23, 2012",25.04,25.32,24.77,25.17,"5,802,800",24.53
"Mar 22, 2012",25.01,25.26,24.87,25.05,"5,605,800",24.41
"Mar 21, 2012",25.17,25.49,25.10,25.29,"6,122,800",24.64
"Mar 20, 2012",25.10,25.42,24.60,25.09,"10,819,300",24.45
"Mar 19, 2012",25.50,25.70,25.24,25.39,"5,462,700",24.74
"Mar 16, 2012",26.07,26.07,25.26,25.57,"11,752,400",24.92
"Mar 15, 2012",26.37,26.58,25.88,26.05,"10,133,700",25.39
"Mar 14, 2012",26.13,26.59,26.00,26.32,"9,082,600",25.65
"Mar 13, 2012",25.48,26.10,25.33,26.07,"8,361,200",25.40
"Mar 12, 2012",25.62,25.71,25.15,25.39,"4,006,300",24.74
"Mar 9, 2012",25.70,25.82,25.39,25.62,"6,323,600",24.97
"Mar 8, 2012",25.37,25.59,25.10,25.45,"8,646,700",24.80
"Mar 7, 2012",24.75,25.21,24.75,24.88,"6,888,800",24.24
"Mar 6, 2012",25.31,25.34,24.38,24.58,"19,071,300",23.95
"Mar 5, 2012",26.27,26.40,25.80,26.00,"7,650,500",25.34
"Mar 2, 2012",26.55,26.75,26.36,26.45,"8,465,700",25.77
"Mar 1, 2012",26.19,26.80,26.15,26.47,"8,893,300",25.79
"Feb 29, 2012",26.07,26.55,25.92,26.02,"12,018,900",25.36
"Feb 28, 2012",26.49,26.53,26.10,26.14,"7,547,000",25.47
"Feb 27, 2012",26.07,26.55,25.57,26.46,"8,600,900",25.78
"Feb 24, 2012",26.90,26.95,26.06,26.07,"9,404,600",25.40
"Feb 23, 2012",26.69,27.27,26.26,26.79,"10,300,900",26.11
"Feb 22, 2012",27.08,27.13,26.53,26.55,"10,693,300",25.87
"Feb 21, 2012",27.30,27.55,26.99,27.06,"8,593,200",26.37
"Feb 17, 2012",27.17,27.68,27.01,27.34,"17,603,600",26.64
"Feb 16, 2012",25.29,27.26,25.27,27.17,"35,313,600",26.48
"Feb 15, 2012",25.73,25.75,24.90,24.93,"13,329,000",24.29
"Feb 14, 2012",25.21,25.45,25.00,25.40,"9,885,800",24.75
"Feb 13, 2012",26.00,26.00,25.21,25.34,"10,503,600",24.69
"Feb 10, 2012",25.48,25.52,25.25,25.50,"9,819,000",24.85
"Feb 9, 2012",25.96,26.22,25.50,25.74,"7,440,000",25.08
"Feb 8, 2012",26.31,26.42,25.58,25.75,"17,524,300",25.09
"Feb 7, 2012",26.62,26.62,26.15,26.22,"10,764,100",25.55
"Feb 6, 2012",26.47,26.83,25.95,26.70,"17,264,100",26.02
"Feb 3, 2012",25.00,26.44,24.79,26.18,"25,528,100",25.51
"Feb 2, 2012",24.65,24.69,24.30,24.31,"6,670,900",23.69
"Feb 1, 2012",24.33,24.58,24.07,24.37,"13,337,500",23.75
"Jan 31, 2012",24.53,24.59,23.95,24.02,"9,190,800",23.41
"Jan 30, 2012",24.06,24.57,23.95,24.23,"6,319,800",23.61
"Jan 27, 2012",23.80,24.54,23.33,24.37,"14,784,100",23.75
"Jan 26, 2012",25.10,25.50,24.60,24.72,"11,585,300",24.09
"Jan 25, 2012",24.89,25.01,24.38,24.92,"13,441,000",24.28
"Jan 24, 2012",24.84,24.93,24.50,24.79,"8,350,000",24.16
"Jan 23, 2012",25.14,25.25,24.79,24.92,"8,923,500",24.28
"Jan 20, 2012",24.93,25.11,24.84,25.00,"9,896,400",24.36
"Jan 19, 2012",24.69,24.98,24.45,24.82,"15,222,800",24.19
"Jan 18, 2012",24.27,24.58,24.02,24.51,"8,919,200",23.88
"Jan 17, 2012",24.60,24.68,24.17,24.20,"9,385,800",23.58
"Jan 13, 2012",24.27,24.65,23.91,24.29,"12,963,100",23.67
"Jan 12, 2012",24.35,24.82,23.76,24.67,"16,750,800",24.04
"Jan 11, 2012",23.37,24.64,23.34,24.47,"21,947,000",23.85
"Jan 10, 2012",23.22,23.40,22.78,23.24,"13,538,300",22.65
"Jan 9, 2012",23.20,23.43,22.70,22.84,"12,084,500",22.26
"Jan 6, 2012",22.26,23.03,22.24,22.92,"18,234,500",22.33
"Jan 5, 2012",21.10,22.29,20.96,22.17,"17,880,600",21.60
"Jan 4, 2012",21.05,21.37,20.75,21.15,"7,856,700",20.61
"Jan 3, 2012",20.83,21.18,20.75,21.05,"9,321,300",20.51
"Dec 30, 2011",20.12,20.37,20.05,20.27,"6,971,400",19.75
"Dec 29, 2011",19.85,20.25,19.71,20.21,"6,891,400",19.69
"Dec 28, 2011",20.08,20.13,19.76,19.86,"7,116,200",19.35
"Dec 27, 2011",20.43,20.43,20.08,20.09,"5,866,200",19.58
"Dec 23, 2011",20.81,20.89,20.45,20.50,"6,480,600",19.98
"Dec 22, 2011",20.25,20.85,20.17,20.70,"7,287,200",20.17
"Dec 21, 2011",19.74,20.44,19.58,20.32,"13,054,600",19.80
"Dec 20, 2011",19.42,19.90,19.35,19.69,"13,952,500",19.19
"Dec 19, 2011",20.12,20.23,19.00,19.05,"15,608,900",18.56
"Dec 16, 2011",20.16,20.52,19.97,20.15,"9,109,900",19.64
"Dec 15, 2011",19.76,20.22,19.51,20.10,"10,152,400",19.59
"Dec 14, 2011",19.95,20.01,19.42,19.47,"15,053,700",18.97
"Dec 13, 2011",20.96,21.00,19.95,20.11,"12,647,100",19.60
"Dec 12, 2011",20.66,20.90,20.56,20.80,"6,281,600",20.27
"Dec 9, 2011",21.09,21.40,21.06,21.15,"6,491,100",20.61
"Dec 8, 2011",21.76,21.76,20.85,20.98,"11,508,500",20.44
"Dec 7, 2011",21.62,22.11,21.48,21.94,"9,194,700",21.38
"Dec 6, 2011",21.60,21.88,21.28,21.68,"10,668,900",21.13
"Dec 5, 2011",21.52,21.99,21.43,21.59,"9,808,700",21.04
"Dec 2, 2011",21.35,21.73,21.13,21.28,"9,781,200",20.74
"Dec 1, 2011",21.24,21.77,20.93,20.96,"12,128,500",20.42
"Nov 30, 2011",21.02,21.31,20.94,21.29,"11,147,700",20.75
"Nov 29, 2011",20.73,20.85,20.30,20.31,"7,665,000",19.79
"Nov 28, 2011",20.95,21.43,20.65,20.74,"8,959,100",20.21
"Nov 25, 2011",20.22,20.71,20.21,20.34,"2,757,600",19.82
"Nov 23, 2011",20.48,20.69,20.06,20.24,"9,594,500",19.72
"Nov 22, 2011",20.92,21.12,20.70,20.73,"7,288,600",20.20
"Nov 21, 2011",21.10,21.18,20.54,21.05,"11,757,900",20.51
"Nov 18, 2011",22.01,22.18,21.62,21.68,"6,592,500",21.13
"Nov 17, 2011",22.72,22.75,21.56,21.79,"12,692,700",21.23
"Nov 16, 2011",23.24,23.35,22.62,22.65,"9,297,200",22.07
"Nov 15, 2011",22.81,23.53,22.60,23.35,"13,867,200",22.75
"Nov 14, 2011",22.56,23.29,22.51,22.99,"13,433,300",22.40
"Nov 11, 2011",22.95,23.10,22.22,22.51,"15,438,300",21.94
"Nov 10, 2011",22.44,22.85,21.93,22.70,"15,866,600",22.12
"Nov 9, 2011",23.07,23.57,22.15,22.31,"32,911,600",21.74
"Nov 8, 2011",24.20,25.17,23.98,25.04,"19,891,800",24.40
"Nov 7, 2011",23.93,24.15,23.52,24.01,"9,802,800",23.40
"Nov 4, 2011",23.89,23.92,23.31,23.61,"9,452,000",23.01
"Nov 3, 2011",23.82,24.12,22.76,24.03,"19,953,000",23.42
"Nov 2, 2011",23.70,23.73,22.92,23.20,"14,355,800",22.61
"Nov 1, 2011",24.82,24.90,23.25,23.33,"25,365,200",22.73
"Oct 31, 2011",25.92,26.16,25.61,25.85,"8,853,600",25.19
"Oct 28, 2011",26.22,26.55,26.00,26.45,"10,718,700",25.77
"Oct 27, 2011",25.87,26.47,25.20,26.32,"18,428,600",25.65
"Oct 26, 2011",25.02,25.28,24.69,24.99,"17,497,500",24.35
"Oct 25, 2011",24.86,25.19,24.16,24.86,"11,384,500",24.23
"Oct 24, 2011",24.28,25.24,24.25,24.98,"13,534,100",24.34
"Oct 21, 2011",23.40,24.38,23.20,24.35,"12,352,500",23.73
"Oct 20, 2011",23.02,23.18,22.51,22.96,"9,488,400",22.37
"Oct 19, 2011",23.52,23.55,22.96,23.09,"7,600,700",22.50
"Oct 18, 2011",23.19,23.87,22.77,23.54,"14,135,700",22.94
"Oct 17, 2011",24.17,24.19,23.15,23.18,"8,633,400",22.59
"Oct 14, 2011",23.68,24.16,23.36,24.16,"14,753,200",23.54
"Oct 13, 2011",23.38,23.38,22.50,23.15,"9,858,600",22.56
"Oct 12, 2011",22.94,23.97,22.86,23.41,"17,303,900",22.81
"Oct 11, 2011",22.43,22.69,22.28,22.50,"10,258,300",21.93
"Oct 10, 2011",22.51,22.97,22.36,22.62,"11,291,700",22.04
"Oct 7, 2011",22.58,22.93,21.82,22.01,"14,476,800",21.45
"Oct 6, 2011",22.30,22.60,21.75,22.35,"13,553,000",21.78
"Oct 5, 2011",21.33,22.29,20.76,22.27,"17,155,800",21.70
"Oct 4, 2011",19.45,21.46,19.05,21.42,"23,800,000",20.87
"Oct 3, 2011",20.13,20.90,19.65,19.73,"13,950,700",19.23
"Sep 30, 2011",20.44,20.50,20.10,20.18,"10,151,100",19.66
"Sep 29, 2011",20.72,20.97,20.12,20.76,"10,781,000",20.23
"Sep 28, 2011",21.20,21.44,20.37,20.41,"10,120,900",19.89
"Sep 27, 2011",21.60,21.83,21.08,21.19,"11,170,900",20.65
"Sep 26, 2011",21.32,21.44,20.53,21.08,"8,503,500",20.54
"Sep 23, 2011",19.77,21.28,19.77,21.00,"13,722,000",20.46
"Sep 22, 2011",20.59,20.99,20.04,20.24,"17,284,200",19.72
"Sep 21, 2011",22.39,22.70,21.22,21.28,"9,850,700",20.74
"Sep 20, 2011",23.05,23.10,22.42,22.43,"9,507,100",21.86
"Sep 19, 2011",22.15,23.17,22.05,23.05,"14,082,400",22.46
"Sep 16, 2011",22.68,22.77,22.34,22.61,"7,932,400",22.03
"Sep 15, 2011",22.59,22.79,22.15,22.70,"8,039,200",22.12
"Sep 14, 2011",22.22,22.49,21.62,22.18,"11,623,100",21.61
"Sep 13, 2011",21.87,22.33,21.50,22.00,"11,189,600",21.44
"Sep 12, 2011",21.15,21.95,21.00,21.87,"9,325,700",21.31
"Sep 9, 2011",22.36,22.45,21.47,21.76,"11,920,600",21.20
"Sep 8, 2011",22.79,23.13,22.24,22.48,"11,782,500",21.91
"Sep 7, 2011",21.82,23.04,21.82,22.86,"13,412,200",22.28
"Sep 6, 2011",21.36,21.58,20.88,21.44,"14,282,500",20.89
"Sep 2, 2011",22.41,22.55,21.73,22.07,"14,086,700",21.51
"Sep 1, 2011",24.09,24.25,22.91,23.03,"16,926,200",22.44
"Aug 31, 2011",23.87,24.49,23.83,24.03,"12,329,600",23.42
"Aug 30, 2011",23.46,23.74,23.05,23.58,"8,142,900",22.98
"Aug 29, 2011",23.30,23.96,23.27,23.79,"10,642,100",23.18
"Aug 26, 2011",22.20,23.08,21.80,22.87,"10,278,000",22.29
"Aug 25, 2011",22.49,22.74,22.10,22.30,"11,099,900",21.73
"Aug 24, 2011",21.89,22.39,21.57,22.37,"14,527,400",21.80
"Aug 23, 2011",21.78,22.06,21.21,22.06,"20,007,100",21.50
"Aug 22, 2011",22.54,22.72,21.18,21.71,"27,158,700",21.16
"Aug 19, 2011",23.25,23.44,21.71,22.16,"34,432,900",21.59
"Aug 18, 2011",23.99,24.08,23.27,23.60,"15,853,700",23.00
"Aug 17, 2011",26.00,26.09,24.90,24.94,"12,062,000",24.30
"Aug 16, 2011",26.22,26.69,25.69,25.83,"10,145,500",25.17
"Aug 15, 2011",26.03,26.54,25.79,26.42,"12,994,800",25.75
"Aug 12, 2011",26.30,26.50,25.49,25.75,"18,861,500",25.09
"Aug 11, 2011",24.11,26.17,24.11,25.81,"25,179,600",25.15
"Aug 10, 2011",24.66,25.00,23.83,23.92,"20,642,400",23.31
"Aug 9, 2011",25.09,25.56,24.00,25.54,"26,704,600",24.89
"Aug 8, 2011",24.61,25.35,23.79,24.57,"32,608,700",23.94
"Aug 5, 2011",26.07,26.46,24.49,26.31,"34,926,100",25.64
"Aug 4, 2011",27.16,27.20,25.71,25.99,"38,839,500",25.33
"Aug 3, 2011",27.03,27.17,26.13,27.17,"15,790,400",26.48
"Aug 2, 2011",27.75,28.09,27.02,27.05,"18,222,000",26.36
"Aug 1, 2011",28.88,28.88,27.70,28.07,"12,825,600",27.35
"Jul 29, 2011",27.62,28.10,27.31,27.68,"12,182,900",26.97
"Jul 28, 2011",28.22,28.90,28.02,28.10,"11,029,000",27.38
"Jul 27, 2011",28.90,29.00,28.03,28.14,"14,552,900",27.42
"Jul 26, 2011",29.67,29.70,28.96,29.09,"9,268,400",28.35
"Jul 25, 2011",29.53,29.84,29.39,29.50,"8,690,700",28.75
"Jul 22, 2011",29.97,30.29,29.88,30.10,"7,820,100",29.33
"Jul 21, 2011",29.39,30.02,29.16,29.96,"12,231,600",29.20
"Jul 20, 2011",29.45,29.48,29.05,29.24,"6,997,900",28.49
"Jul 19, 2011",29.20,29.49,28.76,29.33,"10,283,400",28.58
"Jul 18, 2011",29.57,29.65,28.62,29.10,"13,850,000",28.36
"Jul 15, 2011",30.39,30.62,29.52,29.76,"10,400,000",29.00
"Jul 14, 2011",30.85,30.97,30.03,30.10,"10,800,200",29.33
"Jul 13, 2011",30.87,31.30,30.61,30.75,"8,093,200",29.97
"Jul 12, 2011",30.24,30.94,30.02,30.68,"10,536,600",29.90
"Jul 11, 2011",30.98,31.20,30.55,30.75,"8,376,600",29.97
"Jul 8, 2011",31.25,31.70,31.16,31.58,"9,872,100",30.77
"Jul 7, 2011",31.79,32.08,31.65,31.80,"13,339,400",30.99
"Jul 6, 2011",31.37,31.68,31.09,31.19,"14,223,700",30.39
"Jul 5, 2011",30.87,31.36,30.58,30.86,"8,836,900",30.07
"Jul 1, 2011",30.35,30.86,29.92,30.58,"18,098,400",29.80
"Jun 30, 2011",30.30,30.56,30.22,30.36,"18,645,700",29.59
"Jun 29, 2011",30.79,30.79,30.25,30.30,"12,716,100",29.53
"Jun 28, 2011",30.21,30.79,30.18,30.50,"12,698,300",29.72
"Jun 27, 2011",29.79,30.46,29.60,30.26,"15,348,000",29.49
"Jun 24, 2011",30.15,30.30,29.66,29.92,"50,062,300",29.16
"Jun 23, 2011",29.53,30.20,29.32,30.14,"13,780,400",29.37
"Jun 22, 2011",29.62,30.18,29.50,29.97,"15,520,300",29.20
"Jun 21, 2011",29.51,30.00,29.43,29.59,"12,648,300",28.83
"Jun 20, 2011",28.87,29.60,28.77,29.52,"9,038,000",28.77
"Jun 17, 2011",28.73,29.06,28.57,29.00,"16,732,300",28.26
"Jun 16, 2011",28.70,28.99,28.17,28.59,"14,079,400",27.86
"Jun 15, 2011",28.77,29.11,28.64,28.95,"11,669,900",28.21
"Jun 14, 2011",28.92,29.49,28.86,29.11,"10,948,400",28.37
"Jun 13, 2011",28.90,29.08,28.29,28.59,"9,791,900",27.86
"Jun 10, 2011",29.30,29.30,28.65,28.85,"11,734,000",28.11
"Jun 9, 2011",29.20,29.58,28.91,29.45,"13,593,600",28.70
"Jun 8, 2011",28.52,29.34,28.40,28.86,"16,534,000",28.12
"Jun 7, 2011",28.89,29.04,28.39,28.78,"15,237,900",28.05
"Jun 6, 2011",29.02,29.41,28.55,28.56,"13,416,100",27.83
"Jun 3, 2011",29.28,29.56,28.90,29.12,"21,968,400",28.38
"Jun 2, 2011",30.33,30.56,29.40,29.60,"22,440,900",28.84
"Jun 1, 2011",31.70,31.70,30.15,30.23,"19,134,400",29.46
"May 31, 2011",31.44,31.87,31.13,31.81,"22,938,900",31.00
"May 27, 2011",30.77,31.48,30.59,31.28,"9,114,200",30.48
"May 26, 2011",31.08,31.10,30.52,30.68,"12,244,400",29.90
"May 25, 2011",30.56,31.38,30.50,31.27,"14,390,800",30.47
"May 24, 2011",31.13,31.20,30.50,30.83,"8,779,100",30.04
"May 23, 2011",30.68,31.16,30.50,30.96,"8,971,700",30.17
"May 20, 2011",31.36,31.50,31.10,31.18,"7,224,100",30.38
"May 19, 2011",31.53,31.79,31.31,31.47,"9,575,300",30.67
"May 18, 2011",31.07,31.62,31.00,31.52,"9,949,400",30.72
"May 17, 2011",31.06,31.38,30.83,31.10,"11,191,200",30.31
"May 16, 2011",31.25,31.50,31.08,31.10,"7,291,700",30.31
"May 13, 2011",31.46,31.54,30.85,31.07,"10,837,200",30.28
"May 12, 2011",31.07,31.60,30.93,31.42,"14,128,200",30.62
"May 11, 2011",31.57,31.86,31.11,31.30,"9,073,300",30.50
"May 10, 2011",31.47,31.64,31.33,31.61,"7,841,900",30.80
"May 9, 2011",31.74,32.06,31.36,31.39,"10,716,400",30.59
"May 6, 2011",32.50,32.60,31.84,31.91,"12,801,800",31.10
"May 5, 2011",32.06,32.68,31.49,32.02,"26,623,400",31.20
"May 4, 2011",33.16,33.47,32.71,33.04,"20,492,000",32.20
"May 3, 2011",32.38,33.20,32.36,32.99,"29,894,800",32.15
"May 2, 2011",32.41,32.50,31.92,32.18,"11,014,500",31.36
"Apr 29, 2011",31.99,32.58,31.91,32.09,"13,774,600",31.27
"Apr 28, 2011",31.76,32.10,31.48,31.91,"15,810,100",31.10
"Apr 27, 2011",31.47,31.79,31.28,31.78,"14,945,600",30.97
"Apr 26, 2011",31.39,31.51,30.96,31.27,"15,700,000",30.47
"Apr 25, 2011",31.00,31.19,30.32,31.14,"15,442,500",30.35
"Apr 21, 2011",30.05,31.00,30.01,30.95,"18,920,800",30.16
"Apr 20, 2011",29.76,30.38,29.42,29.93,"22,038,100",29.17
"Apr 19, 2011",29.81,29.91,29.17,29.59,"19,914,800",28.83
"Apr 18, 2011",30.06,30.34,29.90,29.97,"12,745,600",29.20
"Apr 15, 2011",30.59,30.72,30.18,30.24,"9,882,800",29.47
"Apr 14, 2011",30.65,30.86,30.35,30.58,"9,044,800",29.80
"Apr 13, 2011",31.23,31.32,30.59,30.86,"13,781,100",30.07
"Apr 12, 2011",30.40,31.34,30.10,31.15,"19,648,600",30.35
"Apr 11, 2011",31.34,31.45,30.55,30.77,"15,179,100",29.98
"Apr 8, 2011",32.40,32.75,31.33,31.52,"16,057,700",30.72
"Apr 7, 2011",32.84,32.84,32.07,32.31,"11,242,400",31.49
"Apr 6, 2011",33.00,33.28,32.52,32.87,"8,160,100",32.03
"Apr 5, 2011",32.32,32.87,32.10,32.87,"10,106,900",32.03
"Apr 4, 2011",32.50,32.72,32.20,32.39,"12,331,400",31.56
"Apr 1, 2011",31.39,32.63,30.84,32.41,"29,883,100",31.58
"Mar 31, 2011",31.40,31.55,31.00,31.03,"8,976,600",30.24
"Mar 30, 2011",31.16,31.64,31.04,31.55,"7,657,000",30.74
"Mar 29, 2011",30.93,31.17,30.68,31.10,"9,756,700",30.31
"Mar 28, 2011",31.58,31.58,30.85,30.85,"10,302,600",30.06
"Mar 25, 2011",31.49,31.70,31.09,31.47,"15,242,300",30.67
"Mar 24, 2011",31.32,31.60,31.24,31.39,"15,743,100",30.59
"Mar 23, 2011",30.60,31.28,30.20,31.16,"23,016,000",30.36
"Mar 22, 2011",31.28,31.35,30.51,30.74,"16,982,100",29.96
"Mar 21, 2011",32.24,32.30,31.23,31.28,"13,196,500",30.48
"Mar 18, 2011",31.74,31.95,31.42,31.85,"9,861,200",31.04
"Mar 17, 2011",32.18,32.39,31.33,31.44,"11,025,600",30.64
"Mar 16, 2011",32.42,32.53,31.40,31.78,"14,148,900",30.97
"Mar 15, 2011",30.98,32.49,30.65,32.35,"21,471,300",31.52
"Mar 14, 2011",32.14,32.30,31.43,31.59,"9,976,500",30.78
"Mar 11, 2011",31.25,32.06,31.24,31.93,"14,024,000",31.11
"Mar 10, 2011",31.47,31.78,30.95,31.42,"38,333,600",30.62
"Mar 9, 2011",32.74,32.76,32.10,32.25,"11,225,600",31.43
"Mar 8, 2011",31.74,32.82,31.69,32.72,"14,509,400",31.88
"Mar 7, 2011",32.35,32.50,31.52,31.70,"15,077,100",30.89
"Mar 4, 2011",33.07,33.08,32.01,32.39,"24,240,900",31.56
"Mar 3, 2011",33.03,33.17,32.65,33.03,"17,614,800",32.19
"Mar 2, 2011",32.90,33.17,32.59,32.88,"14,306,700",32.04
"Mar 1, 2011",33.69,33.75,32.43,32.95,"27,321,600",32.11
"Feb 28, 2011",33.49,33.74,32.86,33.53,"15,886,400",32.67
"Feb 25, 2011",33.67,34.20,33.05,33.25,"29,017,800",32.40
"Feb 24, 2011",34.90,35.00,32.05,33.02,"63,562,800",32.18
"Feb 23, 2011",35.85,35.94,33.80,34.59,"28,192,500",33.71
"Feb 22, 2011",35.86,36.15,35.45,35.77,"13,937,400",34.86
"Feb 18, 2011",36.42,36.76,36.38,36.51,"6,815,800",35.58
"Feb 17, 2011",36.55,36.70,36.30,36.37,"7,463,000",35.44
"Feb 16, 2011",36.11,36.84,36.02,36.75,"8,680,900",35.81
"Feb 15, 2011",36.19,36.41,35.80,36.11,"10,336,500",35.19
"Feb 14, 2011",36.55,36.56,35.47,36.29,"7,121,200",35.36
"Feb 11, 2011",35.76,36.57,35.55,36.45,"13,508,300",35.52
"Feb 10, 2011",36.17,36.64,35.52,35.88,"11,542,400",34.96
"Feb 9, 2011",36.82,36.91,36.28,36.41,"6,399,300",35.48
"Feb 8, 2011",36.97,37.05,36.40,36.89,"6,243,000",35.95
"Feb 7, 2011",36.95,37.09,36.61,36.70,"7,328,800",35.76
"Feb 4, 2011",36.25,36.73,35.89,36.59,"11,115,000",35.66
"Feb 3, 2011",35.97,36.06,35.13,36.06,"19,350,000",35.14
"Feb 2, 2011",36.46,36.56,35.58,35.68,"17,434,700",34.77
"Feb 1, 2011",36.93,37.23,36.13,36.45,"28,091,600",35.52
"Jan 31, 2011",36.89,37.05,35.89,36.49,"13,954,800",35.56
"Jan 28, 2011",38.00,38.02,36.01,36.60,"37,134,600",35.67
"Jan 27, 2011",38.20,38.95,38.03,38.67,"13,950,000",37.68
"Jan 26, 2011",38.75,38.91,37.86,37.89,"11,534,600",36.92
"Jan 25, 2011",37.85,38.49,37.71,38.40,"12,318,700",37.42
"Jan 24, 2011",37.71,37.86,37.03,37.64,"12,202,800",36.68
"Jan 21, 2011",37.33,37.85,36.82,37.24,"9,548,500",36.29
"Jan 20, 2011",37.11,37.29,36.27,37.18,"15,844,900",36.23
"Jan 19, 2011",37.78,37.93,37.26,37.40,"12,667,700",36.45
"Jan 18, 2011",38.05,38.33,37.32,38.03,"8,918,200",37.06
"Jan 14, 2011",38.18,38.47,38.04,38.20,"5,894,200",37.22
"Jan 13, 2011",38.66,38.71,38.11,38.27,"11,358,300",37.29
"Jan 12, 2011",38.95,39.37,38.37,38.62,"16,773,900",37.63
"Jan 11, 2011",38.66,39.43,38.51,38.75,"14,856,500",37.76
"Jan 10, 2011",39.34,39.36,38.44,38.56,"18,341,600",37.58
"Jan 7, 2011",38.84,39.33,38.51,38.98,"19,901,100",37.98
"Jan 6, 2011",38.24,39.48,38.07,38.90,"38,556,900",37.91
"Jan 5, 2011",37.47,38.30,37.47,38.07,"22,503,900",37.10
"Jan 4, 2011",37.10,37.99,36.68,37.90,"32,363,400",36.93
"Jan 3, 2011",37.32,38.00,37.03,37.06,"24,874,900",36.11
"Dec 31, 2010",36.84,36.96,36.57,36.86,"6,163,900",35.92
"Dec 30, 2010",36.10,36.98,36.02,36.82,"16,980,800",35.88
"Dec 29, 2010",35.47,36.30,35.25,36.02,"20,960,800",35.10
"Dec 28, 2010",35.38,35.67,35.07,35.32,"23,489,000",34.42
"Dec 27, 2010",34.41,34.89,34.19,34.60,"7,368,300",33.72
"Dec 23, 2010",34.67,35.52,34.62,34.81,"20,529,200",33.92
"Dec 22, 2010",33.72,34.95,33.53,34.92,"20,935,100",34.03
"Dec 21, 2010",33.86,33.94,33.72,33.85,"9,012,400",32.99
"Dec 20, 2010",33.91,34.05,33.74,33.76,"12,476,400",32.90
"Dec 17, 2010",33.53,34.00,33.19,34.00,"35,681,600",33.13
"Dec 16, 2010",33.57,33.86,33.56,33.61,"9,885,700",32.75
"Dec 15, 2010",33.81,34.01,33.61,33.61,"10,182,700",32.75
"Dec 14, 2010",33.73,33.92,33.45,33.89,"15,165,600",33.02
"Dec 13, 2010",33.96,34.05,33.70,33.80,"11,029,300",32.94
"Dec 10, 2010",33.85,33.99,33.53,33.81,"11,741,700",32.95
"Dec 9, 2010",34.36,34.43,33.62,33.74,"18,402,200",32.88
"Dec 8, 2010",34.61,34.73,34.33,34.45,"12,603,900",33.57
"Dec 7, 2010",34.75,34.89,34.46,34.68,"20,823,000",33.79
"Dec 6, 2010",34.48,34.78,34.41,34.48,"11,676,500",33.60
"Dec 3, 2010",34.55,34.60,33.97,34.55,"19,395,200",33.67
"Dec 2, 2010",34.92,34.98,34.51,34.68,"23,196,100",33.79
"Dec 1, 2010",34.65,34.95,34.42,34.78,"34,633,200",33.89
"Nov 30, 2010",33.53,34.25,33.36,34.20,"57,476,900",33.33
"Nov 29, 2010",33.80,33.81,33.07,33.80,"27,776,900",32.94
"Nov 26, 2010",33.41,33.81,33.21,33.80,"12,301,200",32.94
"Nov 24, 2010",33.73,33.80,33.22,33.48,"26,138,000",32.63
"Nov 23, 2010",33.95,33.99,33.19,33.25,"31,170,200",32.40
"Nov 22, 2010",34.20,34.48,33.81,34.08,"36,650,600",33.21
"Nov 19, 2010",34.15,34.50,33.11,34.26,"107,842,000",33.39
"Nov 18, 2010",35.00,35.99,33.89,34.19,"457,044,300",33.32
"Feb 1, 2011",36.93,37.23,36.13,36.45,"28,091,600",35.52
"Jan 31, 2011",36.89,37.05,35.89,36.49,"13,954,800",35.56
"Jan 28, 2011",38.00,38.02,36.01,36.60,"37,134,600",35.67
"Jan 27, 2011",38.20,38.95,38.03,38.67,"13,950,000",37.68
"Jan 26, 2011",38.75,38.91,37.86,37.89,"11,534,600",36.92
"Jan 25, 2011",37.85,38.49,37.71,38.40,"12,318,700",37.42
"Jan 24, 2011",37.71,37.86,37.03,37.64,"12,202,800",36.68
"Jan 21, 2011",37.33,37.85,36.82,37.24,"9,548,500",36.29
"Jan 20, 2011",37.11,37.29,36.27,37.18,"15,844,900",36.23
"Jan 19, 2011",37.78,37.93,37.26,37.40,"12,667,700",36.45
"Jan 18, 2011",38.05,38.33,37.32,38.03,"8,918,200",37.06
"Jan 14, 2011",38.18,38.47,38.04,38.20,"5,894,200",37.22
"Jan 13, 2011",38.66,38.71,38.11,38.27,"11,358,300",37.29
"Jan 12, 2011",38.95,39.37,38.37,38.62,"16,773,900",37.63
"Jan 11, 2011",38.66,39.43,38.51,38.75,"14,856,500",37.76
"Jan 10, 2011",39.34,39.36,38.44,38.56,"18,341,600",37.58
"Jan 7, 2011",38.84,39.33,38.51,38.98,"19,901,100",37.98
"Jan 6, 2011",38.24,39.48,38.07,38.90,"38,556,900",37.91
"Jan 5, 2011",37.47,38.30,37.47,38.07,"22,503,900",37.10
"Jan 4, 2011",37.10,37.99,36.68,37.90,"32,363,400",36.93
"Jan 3, 2011",37.32,38.00,37.03,37.06,"24,874,900",36.11
"Dec 31, 2010",36.84,36.96,36.57,36.86,"6,163,900",35.92
"Dec 30, 2010",36.10,36.98,36.02,36.82,"16,980,800",35.88
"Dec 29, 2010",35.47,36.30,35.25,36.02,"20,960,800",35.10
"Dec 28, 2010",35.38,35.67,35.07,35.32,"23,489,000",34.42
"Dec 27, 2010",34.41,34.89,34.19,34.60,"7,368,300",33.72
"Dec 23, 2010",34.67,35.52,34.62,34.81,"20,529,200",33.92
"Dec 22, 2010",33.72,34.95,33.53,34.92,"20,935,100",34.03
"Dec 21, 2010",33.86,33.94,33.72,33.85,"9,012,400",32.99
"Dec 20, 2010",33.91,34.05,33.74,33.76,"12,476,400",32.90
"Dec 17, 2010",33.53,34.00,33.19,34.00,"35,681,600",33.13
"Dec 16, 2010",33.57,33.86,33.56,33.61,"9,885,700",32.75
"Dec 15, 2010",33.81,34.01,33.61,33.61,"10,182,700",32.75
"Dec 14, 2010",33.73,33.92,33.45,33.89,"15,165,600",33.02
"Dec 13, 2010",33.96,34.05,33.70,33.80,"11,029,300",32.94
"Dec 10, 2010",33.85,33.99,33.53,33.81,"11,741,700",32.95
"Dec 9, 2010",34.36,34.43,33.62,33.74,"18,402,200",32.88
"Dec 8, 2010",34.61,34.73,34.33,34.45,"12,603,900",33.57
"Dec 7, 2010",34.75,34.89,34.46,34.68,"20,823,000",33.79
"Dec 6, 2010",34.48,34.78,34.41,34.48,"11,676,500",33.60
"Dec 3, 2010",34.55,34.60,33.97,34.55,"19,395,200",33.67
"Dec 2, 2010",34.92,34.98,34.51,34.68,"23,196,100",33.79
"Dec 1, 2010",34.65,34.95,34.42,34.78,"34,633,200",33.89
"Nov 30, 2010",33.53,34.25,33.36,34.20,"57,476,900",33.33
"Nov 29, 2010",33.80,33.81,33.07,33.80,"27,776,900",32.94
"Nov 26, 2010",33.41,33.81,33.21,33.80,"12,301,200",32.94
"Nov 24, 2010",33.73,33.80,33.22,33.48,"26,138,000",32.63
"Nov 23, 2010",33.95,33.99,33.19,33.25,"31,170,200",32.40
"Nov 22, 2010",34.20,34.48,33.81,34.08,"36,650,600",33.21
"Nov 19, 2010",34.15,34.50,33.11,34.26,"107,842,000",33.39
"Nov 18, 2010",35.00,35.99,33.89,34.19,"457,044,300",33.32
