"Jul 1, 2014",98.30,99.13,97.54,98.52,"2,248,600",97.91
"Jun 30, 2014",97.14,98.13,96.63,97.65,"3,010,100",97.04
"Jun 27, 2014",98.14,98.63,96.36,96.87,"6,178,400",96.27
"Jun 26, 2014",98.96,99.00,97.63,98.50,"2,604,500",97.89
"Jun 25, 2014",99.33,100.35,98.40,98.58,"4,048,200",97.96
"Jun 24, 2014",102.63,102.63,100.06,100.10,"4,549,500",99.48
"Jun 23, 2014",100.33,101.00,99.63,100.72,"3,123,400",100.09
"Jun 20, 2014",99.36,100.33,99.09,100.15,"5,610,500",99.53
"Jun 19, 2014",99.06,99.41,98.55,98.80,"2,091,500",98.18
"Jun 18, 2014",98.55,99.06,97.86,98.97,"2,681,300",98.35
"Jun 17, 2014",98.54,99.34,98.41,98.78,"2,342,100",98.16
"Jun 16, 2014",99.12,99.33,98.13,98.87,"2,392,100",98.25
"Jun 13, 2014",99.08,99.75,98.73,98.96,"2,530,800",98.34
"Jun 12, 2014",98.73,101.13,98.73,99.26,"4,191,800",98.64
"Jun 11, 2014",99.06,99.62,99.01,99.20,"1,938,900",98.58
"Jun 10, 2014",99.00,100.07,98.90,99.95,"2,236,900",99.33
"Jun 9, 2014",98.74,99.67,98.52,98.92,"2,126,000",98.30
"Jun 6, 2014",99.20,99.65,98.83,99.00,"3,609,600",98.38
"Jun 5, 2014",99.90,100.33,98.77,99.04,"3,706,500",98.42
"Jun 4, 2014",99.94,100.61,99.32,100.13,"2,455,500",99.51
"Jun 3, 2014",100.22,101.00,99.84,99.89,"2,224,700",99.27
"Jun 2, 2014",99.93,100.50,99.26,100.20,"2,216,100",99.57
"May 30, 2014",100.26,100.29,99.12,99.57,"3,241,500",98.95
"May 29, 2014",99.16,100.49,98.52,100.35,"1,954,200",99.72
"May 28, 2014",98.84,99.90,98.51,98.99,"3,100,900",98.37
"May 27, 2014",99.05,99.70,98.25,98.47,"3,229,900",97.86
"May 23, 2014",97.70,98.92,97.68,98.78,"1,849,300",98.16
"May 22, 2014",98.00,98.46,97.56,97.70,"2,662,400",97.09
"May 21, 2014",97.45,98.39,97.27,98.16,"2,917,000",97.55
"May 20, 2014",96.57,97.73,96.42,97.00,"2,871,800",96.39
"May 19, 2014",96.16,98.18,96.08,96.80,"3,558,700",96.20
"May 16, 2014",95.30,96.33,94.64,96.14,"2,218,600",95.54
"May 15, 2014",96.18,96.34,94.29,95.24,"2,984,500",94.65
"May 14, 2014",96.35,97.07,95.76,96.57,"2,387,300",95.97
"May 13, 2014",96.72,97.11,95.92,95.99,"2,651,200",95.39
"May 12, 2014",96.20,96.72,95.90,96.28,"2,369,900",95.68
"May 9, 2014",94.82,95.47,93.81,95.45,"2,312,400",94.85
"May 8, 2014",95.54,96.36,93.91,94.45,"3,756,700",93.86
"May 7, 2014",94.37,95.81,93.93,95.77,"2,549,400",95.17
"May 6, 2014",93.40,94.43,92.97,94.05,"2,235,900",93.46
"May 5, 2014",92.21,94.04,92.12,93.66,"1,952,300",93.08
"May 2, 2014",92.08,93.18,92.00,92.40,"2,042,100",91.82
"May 1, 2014",92.79,92.83,91.87,92.42,"2,194,700",91.84
"Apr 30, 2014",91.29,93.41,90.83,92.50,"5,344,000",91.92
"Apr 29, 2014",90.22,92.55,89.75,90.97,"6,085,300",90.40
"Apr 28, 2014",91.74,91.93,89.86,90.74,"3,474,500",90.17
"Apr 25, 2014",91.35,91.59,90.67,91.05,"3,205,200",90.48
"Apr 24, 2014",92.02,92.20,90.79,91.48,"2,298,300",90.91
"Apr 23, 2014",92.98,93.90,91.59,92.30,"3,577,600",91.03
"Apr 22, 2014",93.03,93.99,92.31,93.27,"2,479,300",91.99
"Apr 21, 2014",93.43,93.43,91.80,92.24,"2,481,900",90.97
"Apr 17, 2014",91.62,92.49,90.43,92.11,"3,280,600",90.84
"Apr 16, 2014",91.39,92.11,90.31,91.46,"3,600,300",90.20
"Apr 15, 2014",88.42,89.67,87.80,89.55,"3,742,700",88.32
"Apr 14, 2014",87.86,88.57,87.41,88.15,"2,568,800",86.94
"Apr 11, 2014",85.40,88.24,85.40,87.11,"3,775,400",85.91
"Apr 10, 2014",88.93,88.93,87.17,87.38,"4,479,800",86.18
"Apr 9, 2014",87.26,89.05,86.91,88.54,"2,983,600",87.32
"Apr 8, 2014",87.15,87.78,86.50,87.04,"3,388,200",85.84
"Apr 7, 2014",88.73,89.09,86.50,87.12,"3,918,200",85.92
"Apr 4, 2014",91.50,91.87,88.98,89.03,"3,363,000",87.80
"Apr 3, 2014",90.07,90.91,89.80,90.46,"2,567,300",89.21
"Apr 2, 2014",88.86,90.32,88.60,90.27,"2,517,400",89.03
"Apr 1, 2014",89.15,89.16,88.49,88.77,"3,642,400",87.55
"Mar 31, 2014",89.54,89.78,88.77,88.94,"2,592,100",87.71
"Mar 28, 2014",87.27,88.77,87.20,88.38,"2,495,800",87.16
"Mar 27, 2014",89.75,89.79,87.34,87.36,"4,686,600",86.16
"Mar 26, 2014",91.37,91.37,89.86,89.88,"3,300,000",88.64
"Mar 25, 2014",90.31,91.48,90.27,90.57,"3,616,300",89.32
"Mar 24, 2014",90.52,90.90,89.12,89.57,"3,558,800",88.34
"Mar 21, 2014",90.55,90.73,89.95,90.04,"3,906,500",88.80
"Mar 20, 2014",89.56,90.30,89.25,90.26,"2,245,900",89.02
"Mar 19, 2014",90.92,90.92,88.86,89.70,"3,421,600",88.46
"Mar 18, 2014",90.76,91.11,90.55,90.70,"3,985,600",89.45
"Mar 17, 2014",89.57,91.02,89.51,90.60,"2,286,500",89.35
"Mar 14, 2014",88.81,90.09,88.73,88.92,"3,376,900",87.69
"Mar 13, 2014",90.65,91.02,88.83,89.03,"3,118,400",87.80
"Mar 12, 2014",89.89,90.83,89.44,90.16,"2,829,400",88.92
"Mar 11, 2014",91.11,91.59,90.30,90.44,"2,827,300",89.19
"Mar 10, 2014",90.61,91.17,90.00,91.03,"2,326,300",89.78
"Mar 7, 2014",91.31,91.57,90.30,90.90,"2,679,200",89.65
"Mar 6, 2014",90.57,91.94,90.53,91.06,"4,128,400",89.81
"Mar 5, 2014",89.64,90.36,89.53,90.10,"2,930,000",88.86
"Mar 4, 2014",89.63,89.80,88.86,89.68,"3,005,800",88.44
"Mar 3, 2014",87.28,88.48,87.04,88.47,"2,428,100",87.25
"Feb 28, 2014",88.14,89.19,87.62,88.08,"4,633,800",86.87
"Feb 27, 2014",86.89,87.92,86.43,87.87,"3,754,100",86.66
"Feb 26, 2014",86.39,87.50,86.18,87.42,"3,226,500",85.62
"Feb 25, 2014",85.90,86.72,85.40,86.30,"2,936,700",84.53
"Feb 24, 2014",85.70,87.10,85.61,85.97,"2,976,100",84.20
"Feb 21, 2014",86.36,86.79,85.59,85.65,"3,302,600",83.89
"Feb 20, 2014",84.32,86.24,83.47,85.80,"4,003,700",84.04
"Feb 19, 2014",85.00,86.10,84.13,84.28,"3,899,600",82.55
"Feb 18, 2014",84.99,85.40,84.03,85.33,"3,614,800",83.58
"Feb 14, 2014",83.20,84.52,83.01,84.47,"2,930,800",82.73
"Feb 13, 2014",81.88,83.76,81.88,83.37,"3,304,900",81.66
"Feb 12, 2014",81.70,82.97,81.70,82.62,"3,191,500",80.92
"Feb 11, 2014",81.28,82.27,80.82,81.68,"4,130,700",80.00
"Feb 10, 2014",80.71,81.30,80.38,80.96,"3,019,900",79.30
"Feb 7, 2014",79.92,81.11,79.57,80.83,"3,439,400",79.17
"Feb 6, 2014",78.00,79.25,77.56,79.12,"2,804,200",77.49
"Feb 5, 2014",77.37,77.95,76.32,77.61,"4,798,800",76.02
"Feb 4, 2014",77.59,78.84,77.17,78.04,"3,660,200",76.44
"Feb 3, 2014",78.99,79.41,76.73,77.21,"4,799,300",75.62
"Jan 31, 2014",79.00,80.82,77.50,78.76,"5,926,200",77.14
"Jan 30, 2014",77.39,78.93,76.65,78.06,"4,588,100",76.46
"Jan 29, 2014",76.72,78.03,75.60,76.66,"4,430,100",75.08
"Jan 28, 2014",75.96,77.49,75.76,76.69,"2,963,000",75.11
"Jan 27, 2014",75.92,76.65,74.37,75.74,"5,521,300",74.18
"Jan 24, 2014",77.16,77.77,75.86,75.92,"5,905,800",74.36
"Jan 23, 2014",80.19,80.19,76.49,77.76,"10,501,700",76.16
"Jan 22, 2014",81.21,81.43,78.91,80.22,"5,102,600",78.57
"Jan 21, 2014",82.13,82.61,80.69,80.95,"2,860,600",79.29
"Jan 17, 2014",82.03,82.10,80.90,81.40,"2,520,700",79.73
"Jan 16, 2014",82.42,82.97,81.91,82.22,"2,352,000",80.53
"Jan 15, 2014",82.02,82.81,81.76,82.75,"2,785,700",81.05
"Jan 14, 2014",80.17,82.18,80.05,81.81,"3,530,400",80.13
"Jan 13, 2014",80.42,80.60,79.63,79.82,"3,218,600",78.18
"Jan 10, 2014",80.65,81.62,80.02,80.35,"2,350,400",78.70
"Jan 9, 2014",79.81,80.82,79.78,80.48,"3,499,600",78.83
"Jan 8, 2014",80.37,80.42,78.52,79.73,"3,419,200",78.09
"Jan 7, 2014",78.16,79.25,77.90,78.94,"2,730,700",77.32
"Jan 6, 2014",79.06,79.06,77.71,77.97,"3,119,200",76.37
"Jan 3, 2014",78.95,79.13,78.33,78.71,"1,528,500",77.09
"Jan 2, 2014",80.05,80.21,77.90,78.78,"4,918,500",77.16
"Dec 31, 2013",79.65,80.33,79.32,80.28,"1,618,600",78.63
"Dec 30, 2013",79.59,79.77,78.86,79.45,"3,309,700",77.82
"Dec 27, 2013",79.35,79.57,79.11,79.43,"1,035,100",77.80
"Dec 26, 2013",79.30,79.67,78.95,79.33,"1,633,500",77.70
"Dec 24, 2013",78.21,79.27,78.09,79.17,"1,168,100",77.54
"Dec 23, 2013",79.00,79.10,77.63,78.08,"2,684,100",76.48
"Dec 20, 2013",77.95,78.71,77.68,78.60,"4,287,600",76.99
"Dec 19, 2013",78.35,78.95,77.51,77.96,"3,258,600",76.36
"Dec 18, 2013",78.02,78.52,76.60,78.44,"4,491,300",76.83
"Dec 17, 2013",76.71,77.82,76.64,77.63,"3,256,100",76.04
"Dec 16, 2013",77.19,77.83,76.91,77.00,"2,859,000",75.42
"Dec 13, 2013",76.71,76.84,76.00,76.19,"2,229,000",74.62
"Dec 12, 2013",76.50,78.26,76.03,76.50,"3,057,900",74.93
"Dec 11, 2013",77.30,77.60,75.29,75.55,"2,503,000",74.00
"Dec 10, 2013",76.83,77.17,76.63,76.87,"1,897,300",75.29
"Dec 9, 2013",77.00,77.55,76.34,76.80,"3,342,000",75.22
"Dec 6, 2013",76.22,76.96,75.76,76.55,"2,320,400",74.98
"Dec 5, 2013",76.20,76.36,74.51,75.15,"4,283,400",73.61
"Dec 4, 2013",76.93,77.01,75.50,76.56,"4,103,900",74.99
"Dec 3, 2013",77.45,78.00,76.76,77.12,"3,398,500",75.54
"Dec 2, 2013",77.44,78.01,76.77,77.85,"2,775,600",76.25
"Nov 29, 2013",77.75,78.19,77.04,77.18,"1,780,100",75.59
"Nov 27, 2013",76.74,77.82,76.60,77.46,"2,782,300",75.87
"Nov 26, 2013",76.80,77.56,76.30,76.34,"3,745,600",74.77
"Nov 25, 2013",78.42,78.52,76.26,76.55,"7,441,600",74.98
"Nov 22, 2013",77.98,79.34,77.71,79.29,"2,354,500",77.66
"Nov 21, 2013",77.08,78.22,77.08,77.76,"2,569,900",76.16
"Nov 20, 2013",77.63,78.11,77.02,77.51,"2,700,500",75.33
"Nov 19, 2013",78.39,78.62,77.46,77.65,"2,947,900",75.47
"Nov 18, 2013",78.64,79.29,78.24,78.47,"2,095,500",76.26
"Nov 15, 2013",78.24,78.87,78.17,78.57,"2,660,300",76.36
"Nov 14, 2013",76.89,78.47,76.66,78.26,"3,362,400",76.06
"Nov 13, 2013",75.30,76.57,75.22,76.52,"3,490,600",74.37
"Nov 12, 2013",75.60,75.90,75.27,75.33,"2,408,500",73.21
"Nov 11, 2013",75.40,75.82,75.09,75.62,"3,104,800",73.49
"Nov 8, 2013",74.94,75.50,74.63,75.39,"3,882,000",73.27
"Nov 7, 2013",75.52,76.01,74.51,74.81,"4,737,700",72.71
"Nov 6, 2013",74.71,75.37,74.55,75.17,"2,712,400",73.06
"Nov 5, 2013",74.24,74.63,73.72,74.30,"2,836,200",72.21
"Nov 4, 2013",74.16,74.53,73.69,74.49,"3,461,700",72.39
"Nov 1, 2013",74.26,74.30,73.60,73.93,"6,373,600",71.85
"Oct 31, 2013",75.29,76.10,74.60,74.60,"3,089,700",72.50
"Oct 30, 2013",75.96,77.06,75.03,75.30,"2,821,100",73.18
"Oct 29, 2013",73.03,75.64,72.53,75.56,"6,004,000",73.43
"Oct 28, 2013",77.19,77.32,75.32,75.51,"4,249,300",73.39
"Oct 25, 2013",78.08,78.15,75.64,77.10,"3,630,700",74.93
"Oct 24, 2013",78.86,79.08,77.89,78.05,"2,580,800",75.85
"Oct 23, 2013",78.54,79.34,78.00,78.67,"2,738,600",76.46
"Oct 22, 2013",78.22,79.17,78.07,78.76,"2,174,800",76.54
"Oct 21, 2013",78.13,78.50,77.73,78.36,"2,250,300",76.16
"Oct 18, 2013",77.64,78.50,77.15,77.91,"3,210,200",75.72
"Oct 17, 2013",76.17,77.74,76.17,77.57,"1,882,000",75.39
"Oct 16, 2013",75.75,76.54,75.21,76.50,"2,543,900",74.35
"Oct 15, 2013",75.67,76.04,75.09,75.19,"2,472,400",73.08
"Oct 14, 2013",75.56,76.08,75.09,75.71,"1,990,400",73.58
"Oct 11, 2013",75.15,76.13,74.88,75.97,"1,822,800",73.83
"Oct 10, 2013",74.63,75.31,73.78,75.09,"2,726,500",72.98
"Oct 9, 2013",73.29,73.34,72.27,72.73,"2,939,800",70.68
"Oct 8, 2013",74.40,74.45,72.80,73.17,"3,140,300",71.11
"Oct 7, 2013",74.75,75.57,74.35,74.58,"1,764,400",72.48
"Oct 4, 2013",73.86,75.47,73.65,75.39,"2,933,400",73.27
"Oct 3, 2013",73.94,74.21,72.57,73.98,"3,364,200",71.90
"Oct 2, 2013",73.76,74.15,72.92,74.04,"2,122,700",71.96
"Oct 1, 2013",73.29,74.11,73.25,74.11,"1,805,000",72.03
"Sep 30, 2013",72.37,73.59,72.10,73.23,"2,032,900",71.17
"Sep 27, 2013",73.70,74.22,73.30,73.39,"2,364,100",71.33
"Sep 26, 2013",73.39,74.23,73.11,74.01,"3,188,800",71.93
"Sep 25, 2013",72.47,73.40,72.09,72.92,"2,448,500",70.87
"Sep 24, 2013",72.66,72.97,72.31,72.42,"2,537,000",70.38
"Sep 23, 2013",72.60,72.95,71.78,72.63,"3,255,100",70.59
"Sep 20, 2013",73.89,74.22,72.93,73.03,"12,059,100",70.98
"Sep 19, 2013",73.46,75.67,73.00,73.79,"5,150,700",71.71
"Sep 18, 2013",72.88,73.52,72.51,73.37,"4,927,700",70.82
"Sep 17, 2013",71.64,72.90,71.41,72.68,"2,937,200",70.15
"Sep 16, 2013",71.96,72.17,71.16,71.39,"4,312,500",68.91
"Sep 13, 2013",70.48,71.23,70.39,71.00,"3,647,000",68.53
"Sep 12, 2013",70.74,70.95,70.08,70.19,"4,248,800",67.75
"Sep 11, 2013",71.09,71.09,70.26,70.73,"3,891,700",68.27
"Sep 10, 2013",71.31,71.67,70.82,70.90,"4,361,000",68.44
"Sep 9, 2013",70.35,70.89,70.26,70.74,"2,886,600",68.28
"Sep 6, 2013",70.63,71.00,69.98,70.32,"3,255,000",67.88
"Sep 5, 2013",69.40,70.63,69.24,70.34,"4,686,800",67.90
"Sep 4, 2013",69.23,69.67,68.94,69.46,"6,404,900",67.05
"Sep 3, 2013",71.19,71.89,69.80,70.47,"4,316,300",68.02
"Aug 30, 2013",70.43,70.67,69.78,70.15,"2,800,100",67.71
"Aug 29, 2013",69.25,70.67,69.04,70.30,"2,661,700",67.86
"Aug 28, 2013",68.87,69.70,68.32,69.48,"2,049,400",67.07
"Aug 27, 2013",69.20,69.62,68.53,68.79,"3,209,500",66.40
"Aug 26, 2013",70.30,71.04,70.09,70.12,"3,131,400",67.68
"Aug 23, 2013",69.70,70.19,69.30,70.12,"2,065,300",67.68
"Aug 22, 2013",67.89,69.96,67.75,69.50,"2,325,200",67.08
"Aug 21, 2013",68.18,68.40,67.67,67.75,"2,283,300",65.40
"Aug 20, 2013",68.52,68.60,67.52,68.24,"2,535,800",65.87
"Aug 19, 2013",68.51,69.30,68.35,68.52,"2,247,000",66.14
"Aug 16, 2013",68.07,69.00,67.74,68.87,"2,948,200",66.48
"Aug 15, 2013",69.35,69.52,68.18,68.34,"4,126,500",65.97
"Aug 14, 2013",70.17,70.53,69.55,69.58,"2,854,600",67.16
"Aug 13, 2013",68.48,70.40,68.12,70.08,"3,925,700",67.64
"Aug 12, 2013",68.42,68.80,68.05,68.30,"3,386,100",65.93
"Aug 9, 2013",68.77,69.51,68.14,68.70,"2,596,500",66.31
"Aug 8, 2013",68.75,69.00,68.24,68.59,"3,046,500",66.21
"Aug 7, 2013",68.39,68.56,67.96,67.99,"3,351,900",65.63
"Aug 6, 2013",69.37,69.52,68.37,68.58,"4,236,700",66.20
"Aug 5, 2013",68.94,69.71,68.92,69.47,"3,867,000",67.06
"Aug 2, 2013",68.00,69.24,67.74,68.95,"4,138,500",66.55
"Aug 1, 2013",68.30,68.93,67.86,67.99,"9,263,800",65.63
"Jul 31, 2013",68.89,69.47,68.25,68.71,"2,319,400",66.32
"Jul 30, 2013",67.65,69.47,67.02,68.92,"3,626,300",66.52
"Jul 29, 2013",67.40,68.03,66.35,67.72,"2,935,300",65.37
"Jul 26, 2013",69.83,70.27,66.50,67.40,"3,382,500",65.06
"Jul 25, 2013",67.41,68.28,67.39,68.05,"2,231,400",65.69
"Jul 24, 2013",68.00,68.27,67.23,67.42,"2,020,600",65.08
"Jul 23, 2013",69.05,69.26,67.85,67.90,"2,511,000",65.54
"Jul 22, 2013",68.61,69.05,68.35,68.46,"1,821,100",66.08
"Jul 19, 2013",67.52,68.88,67.20,68.41,"3,750,100",66.03
"Jul 18, 2013",68.30,68.62,67.53,67.54,"4,580,900",65.19
"Jul 17, 2013",69.73,70.02,67.84,67.94,"4,318,400",65.58
"Jul 16, 2013",71.26,71.28,68.74,69.26,"3,074,300",66.85
"Jul 15, 2013",70.44,71.33,69.89,70.89,"3,633,100",68.43
"Jul 12, 2013",69.39,70.18,68.78,70.00,"2,900,900",67.57
"Jul 11, 2013",70.61,70.64,69.11,69.39,"3,655,800",66.98
"Jul 10, 2013",68.63,69.92,68.58,69.81,"3,841,600",67.38
"Jul 9, 2013",69.00,69.49,68.00,68.97,"2,485,700",66.57
"Jul 8, 2013",68.33,68.62,67.77,68.30,"2,207,100",65.93
"Jul 5, 2013",67.33,67.69,66.71,67.68,"2,870,300",65.33
"Jul 3, 2013",64.96,66.61,64.74,66.50,"1,988,000",64.19
"Jul 2, 2013",66.31,66.70,64.94,65.41,"5,823,100",63.14
"Jul 1, 2013",67.00,68.38,66.07,66.28,"6,962,200",63.98
"Jun 28, 2013",67.45,67.75,66.26,66.26,"9,611,400",63.96
"Jun 27, 2013",67.70,68.02,67.07,67.50,"4,610,100",65.15
"Jun 26, 2013",66.95,67.23,65.58,66.98,"3,619,100",64.65
"Jun 25, 2013",65.69,66.89,65.69,66.46,"3,535,800",64.15
"Jun 24, 2013",65.06,65.75,63.89,65.03,"4,875,000",62.77
"Jun 21, 2013",67.54,67.69,65.23,66.75,"5,077,300",64.43
"Jun 20, 2013",67.45,68.16,66.70,67.00,"3,979,700",64.67
"Jun 19, 2013",68.97,69.42,68.49,68.61,"2,692,200",66.23
"Jun 18, 2013",68.48,69.45,68.39,68.81,"3,209,500",66.42
"Jun 17, 2013",68.10,68.53,67.45,68.14,"3,489,500",65.77
"Jun 14, 2013",66.48,68.11,66.30,67.42,"4,428,000",65.08
"Jun 13, 2013",64.05,66.90,64.00,66.59,"7,208,400",64.28
"Jun 12, 2013",65.04,65.29,64.03,64.12,"2,382,100",61.89
"Jun 11, 2013",64.23,65.22,63.67,64.19,"3,285,900",61.96
"Jun 10, 2013",65.06,65.84,64.77,65.00,"3,366,200",62.74
"Jun 7, 2013",65.49,65.60,64.62,64.87,"7,591,100",62.62
"Jun 6, 2013",65.56,66.58,65.30,66.40,"4,045,600",64.09
"Jun 5, 2013",67.41,67.64,65.40,65.68,"4,468,500",63.40
"Jun 4, 2013",67.09,68.46,67.09,67.68,"4,081,400",65.33
"Jun 3, 2013",66.82,67.37,65.22,67.31,"4,076,400",64.97
"May 31, 2013",66.61,68.07,66.01,66.65,"6,467,400",64.33
"May 30, 2013",66.25,67.59,65.84,66.79,"3,137,600",64.47
"May 29, 2013",66.54,67.08,65.72,66.28,"3,045,700",63.49
"May 28, 2013",66.74,68.09,66.32,67.18,"4,458,900",64.36
"May 24, 2013",65.26,65.92,64.85,65.72,"2,250,300",62.96
"May 23, 2013",64.80,66.22,62.71,65.83,"4,929,900",63.06
"May 22, 2013",65.59,67.05,64.64,65.07,"3,481,700",62.33
"May 21, 2013",66.92,67.28,65.81,65.85,"4,137,800",63.08
"May 20, 2013",67.27,67.45,66.80,66.95,"2,870,000",64.14
"May 17, 2013",66.34,67.32,65.74,67.32,"5,283,700",64.49
"May 16, 2013",64.35,66.20,64.28,66.11,"5,269,500",63.33
"May 15, 2013",64.42,65.36,64.36,64.68,"3,677,600",61.96
"May 14, 2013",62.07,64.99,61.99,64.64,"6,491,800",61.92
"May 13, 2013",62.50,62.78,61.34,62.30,"5,771,000",59.68
"May 10, 2013",61.11,61.61,60.41,61.55,"4,563,000",58.96
"May 9, 2013",62.66,62.91,61.37,61.47,"5,334,000",58.89
"May 8, 2013",63.30,63.52,61.91,62.84,"3,595,700",60.20
"May 7, 2013",62.94,63.80,62.11,63.28,"4,320,500",60.62
"May 6, 2013",62.59,62.65,61.23,62.65,"4,331,500",60.02
"May 3, 2013",60.17,61.06,60.07,60.95,"4,445,700",58.39
"May 2, 2013",57.96,59.47,57.33,58.90,"5,113,500",56.42
"May 1, 2013",60.55,60.75,57.41,57.54,"5,845,600",55.12
"Apr 30, 2013",61.44,61.49,60.48,60.70,"3,456,000",58.15
"Apr 29, 2013",60.39,61.64,59.68,61.46,"3,344,900",58.88
"Apr 26, 2013",61.99,62.24,58.57,60.14,"4,348,200",57.61
"Apr 25, 2013",61.90,63.27,60.77,60.92,"4,978,300",58.36
"Apr 24, 2013",59.56,60.56,59.13,60.33,"3,638,700",57.79
"Apr 23, 2013",58.89,59.70,58.69,59.34,"2,779,300",56.85
"Apr 22, 2013",58.15,59.11,57.37,58.64,"2,878,100",56.18
"Apr 19, 2013",56.25,58.01,56.16,57.86,"4,639,600",55.43
"Apr 18, 2013",56.24,56.35,55.02,55.81,"4,929,300",53.46
"Apr 17, 2013",56.66,56.66,55.42,56.10,"6,444,600",53.74
"Apr 16, 2013",56.15,57.55,55.70,57.33,"4,901,800",54.92
"Apr 15, 2013",58.64,58.71,55.47,55.51,"7,147,600",53.18
"Apr 12, 2013",61.07,61.20,58.67,59.46,"4,362,800",56.96
"Apr 11, 2013",60.75,62.13,60.55,61.38,"3,175,700",58.80
"Apr 10, 2013",60.42,60.87,59.92,60.77,"2,354,300",58.22
"Apr 9, 2013",58.84,60.35,58.69,60.22,"3,583,700",57.69
"Apr 8, 2013",59.03,59.10,58.20,58.80,"4,337,600",56.33
"Apr 5, 2013",57.67,59.04,57.11,58.98,"4,232,100",56.50
"Apr 4, 2013",58.80,59.32,58.61,58.78,"3,655,200",56.31
"Apr 3, 2013",59.77,59.80,57.78,58.65,"10,159,800",56.18
"Apr 2, 2013",62.43,62.61,59.54,59.84,"6,255,400",57.32
"Apr 1, 2013",63.09,63.17,61.56,61.75,"3,734,600",59.15
"Mar 28, 2013",63.56,64.15,63.18,63.29,"2,877,400",60.63
"Mar 27, 2013",63.01,63.52,62.57,63.37,"2,227,300",60.71
"Mar 26, 2013",63.74,64.00,63.36,63.45,"3,756,100",60.78
"Mar 25, 2013",64.91,65.14,63.19,63.35,"3,528,700",60.69
"Mar 22, 2013",64.66,64.93,64.25,64.50,"2,185,500",61.79
"Mar 21, 2013",65.01,65.69,64.23,64.41,"3,722,900",61.70
"Mar 20, 2013",64.52,65.67,64.46,65.42,"4,508,000",62.67
"Mar 19, 2013",63.73,64.46,62.85,64.01,"5,836,900",61.32
"Mar 18, 2013",63.39,64.06,63.08,63.75,"3,358,000",61.07
"Mar 15, 2013",64.44,65.69,63.87,64.01,"5,085,600",61.32
"Mar 14, 2013",63.94,65.35,63.86,64.77,"4,700,700",62.05
"Mar 13, 2013",64.09,64.52,63.19,63.30,"4,699,200",60.64
"Mar 12, 2013",63.77,64.40,63.62,64.08,"4,514,200",61.39
"Mar 11, 2013",63.32,63.83,62.20,63.73,"3,089,700",61.05
"Mar 8, 2013",62.79,63.85,62.59,63.60,"3,132,600",60.93
"Mar 7, 2013",62.72,62.73,62.08,62.13,"2,085,300",59.52
"Mar 6, 2013",61.90,62.79,61.41,62.52,"4,936,700",59.89
"Mar 5, 2013",60.54,61.42,60.53,60.77,"4,684,700",58.22
"Mar 4, 2013",59.47,60.44,58.75,60.44,"3,376,500",57.90
"Mar 1, 2013",58.19,60.64,57.43,59.69,"5,650,000",57.18
"Feb 28, 2013",58.38,59.46,58.17,58.62,"3,648,900",56.16
"Feb 27, 2013",57.01,58.44,56.50,58.20,"5,336,900",55.75
"Feb 26, 2013",57.46,57.72,55.94,56.84,"7,557,200",54.45
"Feb 25, 2013",59.38,59.68,56.97,56.98,"4,838,100",54.58
"Feb 22, 2013",58.30,59.32,57.97,59.32,"3,972,500",56.83
"Feb 21, 2013",59.04,59.31,56.91,57.68,"1,058,600",55.26
"Feb 20, 2013",61.15,61.40,60.17,60.26,"8,481,500",57.34
"Feb 19, 2013",60.84,61.18,60.38,61.18,"3,519,300",58.22
"Feb 15, 2013",61.19,61.29,59.88,60.40,"7,182,900",57.48
"Feb 14, 2013",61.57,61.90,61.06,61.17,"9,634,700",58.21
"Feb 13, 2013",61.71,63.30,61.60,62.30,"3,862,200",59.29
"Feb 12, 2013",60.62,60.89,60.12,60.51,"2,779,700",57.58
"Feb 11, 2013",61.82,61.82,60.29,60.54,"3,176,500",57.61
"Feb 8, 2013",61.56,62.23,60.94,62.11,"3,317,300",59.10
"Feb 7, 2013",61.20,61.75,60.37,61.42,"2,842,100",58.45
"Feb 6, 2013",61.29,61.49,60.46,61.06,"3,376,400",58.11
"Feb 5, 2013",61.71,62.27,61.22,61.25,"3,935,300",58.29
"Feb 4, 2013",61.14,62.43,61.04,61.09,"4,986,900",58.13
"Feb 1, 2013",61.90,63.22,60.32,61.37,"8,406,600",58.40
"Jan 31, 2013",62.56,64.20,62.20,63.42,"4,498,800",60.35
"Jan 30, 2013",63.22,63.55,62.76,63.02,"2,485,300",59.97
"Jan 29, 2013",61.50,63.55,61.50,63.26,"5,482,900",60.20
"Jan 28, 2013",62.67,62.69,60.86,61.24,"5,244,700",58.28
"Jan 25, 2013",62.91,62.97,62.18,62.75,"2,332,800",59.71
"Jan 24, 2013",62.26,62.82,62.21,62.52,"2,664,000",59.49
"Jan 23, 2013",61.25,62.16,61.16,62.11,"4,122,200",59.10
"Jan 22, 2013",62.60,62.70,61.46,61.47,"3,583,900",58.50
"Jan 18, 2013",62.05,62.59,61.53,62.59,"2,672,400",59.56
"Jan 17, 2013",61.16,62.22,61.02,62.13,"3,670,600",59.12
"Jan 16, 2013",61.02,61.07,60.26,60.52,"2,614,700",57.59
"Jan 15, 2013",60.93,61.65,60.88,61.34,"2,181,400",58.37
"Jan 14, 2013",60.78,61.42,60.73,61.20,"3,198,300",58.24
"Jan 11, 2013",60.72,60.96,60.20,60.91,"1,993,300",57.96
"Jan 10, 2013",60.19,60.74,59.55,60.61,"3,617,100",57.68
"Jan 9, 2013",60.10,60.17,59.43,59.60,"2,962,700",56.72
"Jan 8, 2013",58.93,59.80,58.28,59.74,"3,778,700",56.85
"Jan 7, 2013",58.01,59.15,57.77,59.14,"2,329,800",56.28
"Jan 4, 2013",58.01,58.65,57.89,58.41,"2,963,600",55.58
"Jan 3, 2013",58.42,58.88,57.35,57.64,"3,561,500",54.85
"Jan 2, 2013",58.41,59.59,57.94,59.17,"4,491,100",56.31
"Dec 31, 2012",55.45,57.16,55.29,57.09,"2,679,300",54.33
"Dec 28, 2012",55.91,56.39,55.43,55.51,"2,363,700",52.82
"Dec 27, 2012",56.57,56.64,55.19,56.39,"2,458,600",53.66
"Dec 26, 2012",56.13,57.05,55.83,56.49,"4,722,300",53.76
"Dec 24, 2012",55.50,56.06,55.16,55.86,"1,752,800",53.16
"Dec 21, 2012",54.85,55.22,54.12,55.14,"6,381,600",52.47
"Dec 20, 2012",54.83,55.57,54.41,55.56,"3,457,600",52.87
"Dec 19, 2012",55.12,55.25,54.77,54.85,"3,289,100",52.20
"Dec 18, 2012",54.81,55.11,54.55,54.90,"3,091,400",52.24
"Dec 17, 2012",54.10,54.77,53.81,54.75,"3,251,100",52.10
"Dec 14, 2012",53.01,53.97,52.79,53.79,"4,282,000",51.19
"Dec 13, 2012",54.02,54.25,52.81,52.98,"2,586,300",50.42
"Dec 12, 2012",54.40,54.63,53.82,54.02,"3,597,400",51.41
"Dec 11, 2012",54.56,54.72,53.63,54.05,"4,627,000",51.43
"Dec 10, 2012",53.61,54.74,53.16,54.37,"4,280,600",51.74
"Dec 7, 2012",52.48,53.86,52.40,53.81,"5,393,100",51.21
"Dec 6, 2012",51.85,52.15,51.52,51.90,"5,978,200",49.39
"Dec 5, 2012",49.00,51.85,48.77,51.85,"19,056,900",49.34
"Dec 4, 2012",48.80,49.82,48.73,49.76,"4,102,800",47.35
"Dec 3, 2012",49.89,50.23,48.46,48.88,"4,396,200",46.51
"Nov 30, 2012",49.00,49.94,48.78,49.73,"7,392,200",47.32
"Nov 29, 2012",48.20,49.02,48.15,48.74,"4,104,000",46.38
"Nov 28, 2012",47.07,48.12,46.86,48.07,"2,783,100",45.74
"Nov 27, 2012",47.97,48.15,47.33,47.55,"3,792,200",45.25
"Nov 26, 2012",48.35,48.60,47.55,48.00,"3,504,500",45.68
"Nov 23, 2012",48.40,50.94,48.03,48.62,"1,914,000",46.27
"Nov 21, 2012",47.69,48.53,47.50,47.99,"2,726,500",45.67
"Nov 20, 2012",48.00,48.10,46.95,47.55,"3,610,000",45.25
"Nov 19, 2012",47.76,48.11,47.44,48.00,"5,382,700",45.68
"Nov 16, 2012",45.50,47.04,45.35,46.87,"6,006,500",44.60
"Nov 15, 2012",46.18,46.61,44.87,45.41,"6,339,300",43.21
"Nov 14, 2012",50.68,50.68,49.04,49.21,"5,946,300",43.83
"Nov 13, 2012",49.72,51.01,49.11,50.06,"5,199,300",44.59
"Nov 12, 2012",51.02,51.20,50.45,50.65,"2,926,400",45.11
"Nov 9, 2012",52.19,52.19,50.70,50.85,"5,490,700",45.29
"Nov 8, 2012",52.81,53.14,51.83,51.92,"2,221,000",46.24
"Nov 7, 2012",53.36,53.36,51.92,52.78,"4,930,200",47.01
"Nov 6, 2012",53.69,54.09,53.26,53.82,"8,930,300",47.94
"Nov 5, 2012",53.18,53.51,52.74,53.41,"3,529,200",47.57
"Nov 2, 2012",53.60,53.75,52.87,53.06,"10,595,600",47.26
"Nov 1, 2012",53.54,55.25,53.51,55.05,"5,695,100",49.03
"Oct 31, 2012",53.81,54.04,52.70,53.39,"4,680,600",47.55
"Oct 26, 2012",51.86,55.63,50.91,53.75,"8,962,500",47.87
"Oct 25, 2012",54.33,54.57,52.92,53.40,"3,619,300",47.56
"Oct 24, 2012",53.89,54.76,53.07,53.83,"4,199,600",47.95
"Oct 23, 2012",54.15,54.27,52.50,53.03,"4,477,200",47.23
"Oct 22, 2012",54.31,55.55,53.76,55.47,"2,880,900",49.41
"Oct 19, 2012",55.00,55.09,54.00,54.33,"3,232,700",48.39
"Oct 18, 2012",55.35,56.00,54.70,55.23,"3,071,400",49.19
"Oct 17, 2012",54.79,55.76,54.50,55.74,"4,689,300",49.65
"Oct 16, 2012",51.96,55.38,51.96,54.36,"9,418,500",48.42
"Oct 15, 2012",50.92,51.48,50.62,51.42,"2,848,400",45.80
"Oct 12, 2012",51.25,51.71,50.58,50.86,"3,602,800",45.30
"Oct 11, 2012",51.37,51.89,51.31,51.35,"2,672,300",45.74
"Oct 10, 2012",51.33,51.46,50.47,50.70,"2,428,500",45.16
"Oct 9, 2012",52.41,52.56,51.17,51.22,"3,021,400",45.62
"Oct 8, 2012",52.45,52.50,51.99,52.38,"1,969,700",46.65
"Oct 5, 2012",52.69,53.18,52.45,52.68,"3,932,200",46.92
"Oct 4, 2012",52.94,53.37,51.93,52.00,"3,639,300",46.32
"Oct 3, 2012",52.99,52.99,52.10,52.34,"3,184,600",46.62
"Oct 2, 2012",52.39,52.91,52.02,52.91,"3,158,200",47.13
"Oct 1, 2012",52.06,52.75,51.95,52.20,"2,844,100",46.49
"Sep 28, 2012",51.46,51.79,50.92,51.66,"2,527,700",46.01
"Sep 27, 2012",51.23,52.21,50.89,51.88,"2,210,200",46.21
"Sep 26, 2012",50.98,51.18,50.15,50.96,"3,356,800",45.39
"Sep 25, 2012",52.52,52.69,50.69,50.80,"4,550,800",45.25
"Sep 24, 2012",52.43,52.88,51.57,52.04,"2,775,600",46.35
"Sep 21, 2012",52.95,53.21,52.13,52.37,"6,893,900",46.65
"Sep 20, 2012",51.88,52.62,50.57,52.52,"4,663,800",46.78
"Sep 19, 2012",52.41,53.62,52.22,52.50,"4,732,000",46.76
"Sep 18, 2012",51.87,52.09,51.36,51.94,"4,171,600",46.26
"Sep 17, 2012",53.15,53.20,51.81,51.98,"3,217,300",46.30
"Sep 14, 2012",52.65,53.77,52.18,53.42,"6,534,100",47.58
"Sep 13, 2012",49.59,52.35,49.58,51.92,"7,525,900",46.24
"Sep 12, 2012",49.49,49.72,48.75,49.61,"2,819,600",44.19
"Sep 11, 2012",49.59,50.23,49.17,49.40,"2,210,800",44.00
"Sep 10, 2012",49.26,50.02,49.23,49.33,"3,123,500",43.94
"Sep 7, 2012",48.64,49.71,48.40,49.46,"3,160,100",44.05
"Sep 6, 2012",47.44,49.42,47.20,48.46,"5,913,600",43.16
"Sep 5, 2012",47.11,47.53,46.66,46.97,"10,549,500",41.84
"Sep 4, 2012",47.80,48.20,46.88,47.01,"41,142,800",41.87
"Aug 31, 2012",48.99,49.09,48.61,48.84,"4,806,500",43.50
"Aug 30, 2012",48.93,49.04,48.47,48.67,"12,324,900",43.35
"Aug 29, 2012",47.47,47.72,46.64,47.29,"3,057,600",41.76
"Aug 28, 2012",46.74,48.03,46.61,47.48,"2,961,200",41.93
"Aug 27, 2012",46.52,47.40,46.31,47.13,"2,639,400",41.62
"Aug 24, 2012",47.83,48.32,47.66,47.90,"1,938,400",42.30
"Aug 23, 2012",48.05,48.33,47.25,47.73,"2,338,000",42.15
"Aug 22, 2012",48.70,48.93,47.76,48.58,"2,142,200",42.90
"Aug 21, 2012",49.96,49.96,48.94,49.06,"2,687,800",43.33
"Aug 20, 2012",49.16,49.87,49.10,49.86,"2,986,200",44.03
"Aug 17, 2012",48.68,49.32,48.40,49.24,"2,187,300",43.49
"Aug 16, 2012",47.97,48.71,47.78,48.52,"2,076,800",42.85
"Aug 15, 2012",47.56,47.93,47.16,47.77,"2,588,400",42.19
"Aug 14, 2012",47.48,48.15,47.38,47.55,"3,439,400",41.99
"Aug 13, 2012",47.00,47.60,46.61,47.36,"2,081,700",41.83
"Aug 10, 2012",46.97,47.43,46.62,47.28,"2,195,700",41.76
"Aug 9, 2012",46.97,47.44,46.66,47.35,"2,558,800",41.82
"Aug 8, 2012",46.10,47.44,46.09,47.21,"2,725,400",41.69
"Aug 7, 2012",46.26,47.04,46.18,46.71,"2,438,900",41.25
"Aug 6, 2012",45.58,46.69,45.56,45.96,"3,691,000",40.59
"Aug 3, 2012",45.46,45.84,44.72,45.37,"3,401,700",40.07
"Aug 2, 2012",43.73,44.71,43.35,44.41,"3,331,300",39.22
"Aug 1, 2012",44.81,44.81,43.97,44.23,"2,991,300",39.06
"Jul 31, 2012",44.67,44.93,44.34,44.53,"3,146,200",39.33
"Jul 30, 2012",44.69,44.99,44.32,44.58,"2,787,200",39.37
"Jul 27, 2012",43.45,44.99,42.89,44.51,"8,802,700",39.31
"Jul 26, 2012",41.38,41.67,40.10,40.90,"4,470,200",36.12
"Jul 25, 2012",40.59,40.83,40.05,40.42,"1,542,200",35.70
"Jul 24, 2012",40.96,41.30,39.74,40.43,"3,699,800",35.71
"Jul 23, 2012",40.41,41.19,40.03,41.03,"2,614,700",36.24
"Jul 20, 2012",41.05,41.66,40.33,41.60,"2,194,400",36.74
"Jul 19, 2012",42.39,42.69,41.86,41.96,"2,425,500",37.06
"Jul 18, 2012",41.60,42.56,41.59,42.24,"2,570,700",37.30
"Jul 17, 2012",41.45,42.02,40.93,41.97,"2,256,400",37.07
"Jul 16, 2012",40.55,41.52,40.20,41.21,"2,711,100",36.40
"Jul 13, 2012",40.02,41.31,40.00,40.78,"2,657,000",36.02
"Jul 12, 2012",39.16,39.97,38.44,39.62,"2,727,500",34.99
"Jul 11, 2012",40.44,40.51,39.27,39.68,"2,778,300",35.04
"Jul 10, 2012",41.21,41.53,40.17,40.47,"2,625,100",35.74
"Jul 9, 2012",41.71,41.94,40.58,40.81,"2,986,700",36.04
"Jul 6, 2012",41.79,42.13,40.77,41.15,"2,397,400",36.34
"Jul 5, 2012",41.82,42.60,41.48,42.31,"2,727,600",37.37
"Jul 3, 2012",40.94,42.10,40.94,41.94,"1,372,600",37.04
"Jul 2, 2012",40.59,41.86,40.35,40.85,"3,164,900",36.08
"Jun 29, 2012",40.04,40.41,39.55,40.27,"3,822,600",35.56
"Jun 28, 2012",38.29,38.87,37.92,38.62,"3,221,300",34.11
"Jun 27, 2012",39.77,39.77,38.44,38.90,"3,174,800",34.35
"Jun 26, 2012",39.15,39.92,38.81,39.53,"1,802,200",34.91
"Jun 25, 2012",38.96,39.29,38.51,39.12,"2,140,700",34.55
"Jun 22, 2012",39.87,39.87,38.59,39.62,"4,051,200",34.99
"Jun 21, 2012",41.44,41.58,39.17,39.26,"4,267,100",34.67
"Jun 20, 2012",41.48,41.99,41.04,41.42,"2,564,800",36.58
"Jun 19, 2012",40.75,41.91,40.60,41.48,"2,858,200",36.63
"Jun 18, 2012",38.77,40.68,38.48,40.53,"3,667,800",35.79
"Jun 15, 2012",37.95,39.15,37.67,38.94,"3,270,100",34.39
"Jun 14, 2012",37.68,37.97,37.07,37.60,"2,861,800",33.21
"Jun 13, 2012",37.45,38.35,37.27,37.77,"2,907,600",33.36
"Jun 12, 2012",37.51,38.10,37.20,37.83,"2,234,000",33.41
"Jun 11, 2012",38.73,38.84,36.99,37.06,"1,763,400",32.73
"Jun 8, 2012",37.75,38.39,36.97,38.23,"2,480,700",33.76
"Jun 7, 2012",39.36,40.09,37.82,38.00,"4,350,600",33.56
"Jun 6, 2012",38.11,38.94,37.79,38.44,"4,048,700",33.95
"Jun 5, 2012",36.41,37.63,36.14,37.52,"4,176,500",33.14
"Jun 4, 2012",37.29,37.29,35.97,36.76,"2,974,500",32.46
"Jun 1, 2012",37.23,38.20,37.04,37.26,"5,158,900",32.91
"May 31, 2012",39.53,39.66,38.40,39.46,"4,627,200",34.85
"May 30, 2012",39.83,40.02,38.92,39.35,"2,469,800",34.75
"May 29, 2012",40.09,41.07,39.92,40.89,"3,912,900",36.11
"May 25, 2012",39.13,39.84,38.85,39.60,"2,099,600",34.97
"May 24, 2012",39.30,39.77,38.35,38.97,"3,206,600",34.42
"May 23, 2012",38.91,39.09,37.86,38.96,"3,671,000",34.41
"May 22, 2012",39.43,39.72,38.97,39.26,"5,605,400",34.67
"May 21, 2012",37.10,39.16,37.04,39.00,"2,979,400",34.44
"May 18, 2012",37.05,38.02,36.78,37.04,"4,279,900",32.71
"May 17, 2012",38.90,38.92,36.95,36.96,"5,529,000",32.64
"May 16, 2012",40.28,40.54,38.81,39.22,"4,560,200",34.28
"May 15, 2012",39.46,40.13,39.31,39.74,"3,906,900",34.74
"May 14, 2012",39.60,39.62,38.83,39.32,"5,081,000",34.37
"May 11, 2012",39.99,40.74,39.87,40.08,"3,858,400",35.04
"May 10, 2012",40.87,40.88,39.78,40.46,"6,688,800",35.37
"May 9, 2012",38.72,41.28,38.37,40.10,"7,675,500",35.05
"May 8, 2012",38.91,39.05,37.67,38.85,"5,677,800",33.96
"May 7, 2012",39.26,40.01,39.09,39.23,"5,300,000",34.29
"May 4, 2012",41.00,41.52,39.24,39.48,"7,864,400",34.51
"May 3, 2012",43.25,43.27,41.09,41.25,"4,471,500",36.06
"May 2, 2012",42.78,43.35,42.13,43.14,"3,178,400",37.71
"May 1, 2012",42.38,43.71,41.90,42.86,"5,835,800",37.47
"Apr 30, 2012",43.95,44.55,41.78,41.78,"9,554,100",36.52
"Apr 27, 2012",45.69,46.13,45.21,45.73,"4,676,100",39.98
"Apr 26, 2012",44.63,45.86,44.00,45.53,"2,352,100",39.80
"Apr 25, 2012",44.60,45.37,44.46,45.18,"2,032,600",39.49
"Apr 24, 2012",43.59,44.26,43.07,44.09,"1,959,000",38.54
"Apr 23, 2012",43.21,43.95,42.72,43.75,"2,011,800",38.24
"Apr 20, 2012",44.23,44.61,43.89,44.16,"2,261,000",38.60
"Apr 19, 2012",43.92,44.71,43.77,44.09,"3,038,800",38.54
"Apr 18, 2012",43.98,44.28,43.40,43.87,"2,153,300",38.35
"Apr 17, 2012",44.89,45.15,44.00,44.13,"3,275,000",38.58
"Apr 16, 2012",44.42,44.60,43.59,44.28,"3,779,800",38.71
"Apr 13, 2012",42.66,44.44,42.62,44.07,"4,332,400",38.52
"Apr 12, 2012",41.52,42.88,41.29,42.83,"3,618,500",37.44
"Apr 11, 2012",41.81,42.20,41.00,41.22,"3,356,300",36.03
"Apr 10, 2012",42.49,42.53,40.72,40.95,"3,242,800",35.80
"Apr 9, 2012",42.82,42.89,42.26,42.47,"1,698,600",37.13
"Apr 5, 2012",43.85,45.24,43.21,43.41,"3,754,900",37.95
"Apr 4, 2012",43.20,44.24,43.04,44.09,"2,367,700",38.54
"Apr 3, 2012",44.24,45.06,43.40,43.83,"5,588,600",38.31
"Apr 2, 2012",43.62,44.84,43.35,44.57,"3,624,100",38.96
"Mar 30, 2012",43.67,43.86,42.98,43.65,"2,852,000",38.16
"Mar 29, 2012",42.00,43.25,41.06,43.13,"3,827,700",37.70
"Mar 28, 2012",43.38,43.86,42.34,42.64,"2,613,500",37.27
"Mar 27, 2012",43.86,44.98,43.28,43.29,"3,170,900",37.84
"Mar 26, 2012",43.00,44.09,42.75,43.87,"3,565,300",38.35
"Mar 23, 2012",41.63,42.60,41.38,42.52,"1,787,700",37.17
"Mar 22, 2012",42.90,43.28,41.47,41.61,"2,537,700",36.37
"Mar 21, 2012",42.98,43.81,42.57,43.65,"1,874,800",38.16
"Mar 20, 2012",42.08,42.96,41.62,42.88,"2,187,800",37.48
"Mar 19, 2012",42.63,42.85,42.26,42.54,"2,645,800",37.19
"Mar 16, 2012",42.72,43.25,42.42,42.90,"2,479,900",37.50
"Mar 15, 2012",42.01,43.30,41.93,42.71,"2,602,800",37.34
"Mar 14, 2012",42.05,42.24,41.56,41.96,"1,717,400",36.68
"Mar 13, 2012",41.12,42.29,40.72,42.26,"2,874,800",36.94
"Mar 12, 2012",42.00,42.17,39.87,40.60,"5,599,200",35.49
"Mar 9, 2012",43.00,43.07,41.90,42.14,"3,704,600",36.84
"Mar 8, 2012",40.87,42.86,40.84,42.72,"5,819,500",37.34
"Mar 7, 2012",40.10,40.80,39.80,40.60,"4,048,900",35.27
"Mar 6, 2012",40.80,40.97,38.91,39.28,"6,016,800",34.13
"Mar 5, 2012",43.43,43.43,41.09,41.80,"5,354,400",36.31
"Mar 2, 2012",43.68,44.20,43.60,43.71,"1,797,800",37.97
"Mar 1, 2012",43.44,43.82,42.81,43.57,"2,051,400",37.85
"Feb 29, 2012",43.89,44.33,42.87,43.18,"2,809,000",37.51
"Feb 28, 2012",44.36,44.86,43.93,44.00,"2,480,300",38.23
"Feb 27, 2012",43.70,44.98,43.51,44.24,"3,063,600",38.43
"Feb 24, 2012",43.12,44.22,43.12,44.15,"4,583,900",38.36
"Feb 23, 2012",43.48,43.51,42.51,43.19,"2,724,500",37.52
"Feb 22, 2012",42.50,43.42,42.08,43.30,"3,756,900",37.62
"Feb 21, 2012",44.07,44.28,41.97,42.89,"4,001,900",37.26
"Feb 17, 2012",44.21,44.35,43.72,43.98,"1,922,700",38.21
"Feb 16, 2012",43.56,44.04,43.48,43.99,"4,664,300",38.22
"Feb 15, 2012",44.30,44.30,43.36,43.56,"7,851,200",37.84
"Feb 14, 2012",45.50,45.94,44.03,44.61,"6,323,800",38.76
"Feb 13, 2012",45.35,46.39,44.93,46.01,"8,934,500",39.97
"Feb 10, 2012",44.00,45.91,43.61,44.75,"9,666,500",38.88
"Feb 9, 2012",44.94,45.12,44.35,44.58,"5,834,500",38.73
"Feb 8, 2012",45.00,45.06,44.44,44.70,"3,116,000",38.83
"Feb 7, 2012",44.64,45.03,44.34,44.87,"5,522,200",38.98
"Feb 6, 2012",44.82,44.84,44.30,44.75,"2,932,800",38.88
"Feb 3, 2012",43.78,44.82,43.73,44.80,"6,138,400",38.92
"Feb 2, 2012",43.91,44.00,43.14,43.30,"4,489,600",37.62
"Feb 1, 2012",43.48,43.90,43.16,43.60,"5,709,400",37.88
"Jan 31, 2012",42.67,43.12,42.47,43.10,"5,673,300",37.44
"Jan 30, 2012",40.86,42.44,40.51,42.42,"4,126,800",36.85
"Jan 27, 2012",40.15,41.54,40.15,41.23,"4,095,200",35.82
"Jan 26, 2012",40.54,40.90,39.97,40.29,"3,192,200",35.00
"Jan 25, 2012",39.74,40.29,39.02,40.22,"3,982,000",34.94
"Jan 24, 2012",39.22,40.03,38.78,39.97,"3,544,100",34.72
"Jan 23, 2012",40.00,40.07,38.98,39.34,"5,093,400",34.18
"Jan 20, 2012",39.87,40.00,39.47,39.90,"3,772,400",34.66
"Jan 19, 2012",40.87,40.87,39.81,40.00,"3,913,400",34.75
"Jan 18, 2012",39.41,41.22,39.22,40.63,"6,418,600",35.30
"Jan 17, 2012",39.82,40.05,38.95,39.19,"3,210,400",34.05
"Jan 13, 2012",38.19,39.07,37.74,38.91,"5,794,500",33.80
"Jan 12, 2012",37.90,39.50,37.60,38.89,"8,047,400",33.79
"Jan 11, 2012",37.48,38.20,36.92,37.40,"7,942,700",32.49
"Jan 10, 2012",34.52,37.22,34.43,36.95,"9,089,400",32.10
"Jan 9, 2012",34.50,34.63,34.19,34.32,"4,329,200",29.82
"Jan 6, 2012",34.39,34.94,33.94,34.45,"4,452,700",29.93
"Jan 5, 2012",34.58,34.58,34.00,34.24,"5,574,200",29.75
"Jan 4, 2012",33.43,34.93,33.40,34.74,"4,872,600",30.18
"Jan 3, 2012",33.30,33.98,33.11,33.47,"3,601,600",29.08
"Dec 30, 2011",32.84,32.87,32.39,32.49,"938,700",28.23
"Dec 29, 2011",32.38,32.92,32.20,32.81,"711,600",28.50
"Dec 28, 2011",32.97,33.00,32.10,32.25,"843,300",28.02
"Dec 27, 2011",32.95,33.29,32.69,32.97,"1,024,300",28.64
"Dec 23, 2011",32.95,33.11,32.79,32.99,"1,553,800",28.66
"Dec 22, 2011",32.90,33.49,32.64,32.89,"2,315,500",28.57
"Dec 21, 2011",32.97,33.06,32.12,32.96,"1,799,900",28.63
"Dec 20, 2011",32.15,33.23,32.00,32.92,"2,467,600",28.60
"Dec 19, 2011",31.73,31.73,31.00,31.20,"2,878,000",27.11
"Dec 16, 2011",31.17,32.15,31.00,32.05,"7,804,900",27.84
"Dec 15, 2011",31.15,31.20,30.51,30.80,"3,937,100",26.76
"Dec 14, 2011",31.27,31.72,30.37,30.70,"4,563,300",26.67
"Dec 13, 2011",32.49,32.95,31.42,31.89,"3,351,600",27.71
"Dec 12, 2011",32.62,32.91,31.85,32.28,"3,281,000",28.04
"Dec 9, 2011",32.60,33.53,31.56,33.18,"6,103,200",28.83
"Dec 8, 2011",32.58,33.19,32.24,32.62,"3,723,100",28.34
"Dec 7, 2011",33.20,33.48,32.65,32.94,"3,758,800",28.62
"Dec 6, 2011",33.75,34.08,33.11,33.70,"3,028,300",29.28
"Dec 5, 2011",33.44,34.19,33.19,33.72,"3,484,900",29.29
"Dec 2, 2011",33.00,33.40,32.56,32.80,"3,032,000",28.50
"Dec 1, 2011",32.45,32.67,32.11,32.41,"3,915,400",28.16
"Nov 30, 2011",31.32,32.89,31.32,32.67,"4,917,800",28.38
"Nov 29, 2011",29.98,30.77,29.71,30.36,"4,126,800",26.38
"Nov 28, 2011",29.77,30.26,29.38,29.91,"4,817,100",25.98
"Nov 25, 2011",28.36,29.28,28.34,28.65,"1,704,100",24.89
"Nov 23, 2011",29.45,29.46,28.29,28.33,"5,679,400",24.61
"Nov 22, 2011",29.51,30.27,29.30,29.77,"5,045,500",25.86
"Nov 21, 2011",34.10,34.61,33.91,34.51,"14,918,200",25.85
"Nov 18, 2011",35.47,35.97,34.01,34.53,"13,064,200",25.87
"Nov 17, 2011",34.79,35.22,34.75,35.19,"8,539,700",26.36
"Nov 16, 2011",34.67,35.48,34.66,35.02,"6,982,200",26.24
"Nov 15, 2011",35.50,36.05,34.85,34.92,"10,945,200",26.16
"Nov 14, 2011",36.51,36.96,35.38,35.53,"5,244,300",26.62
"Nov 11, 2011",35.22,36.46,34.57,36.08,"4,027,900",27.03
"Nov 10, 2011",34.52,35.12,33.65,35.07,"5,372,400",26.27
"Nov 9, 2011",33.36,34.49,33.28,34.06,"4,871,000",25.52
"Nov 8, 2011",35.00,35.24,33.99,34.94,"2,375,700",26.18
"Nov 7, 2011",34.92,35.03,33.92,34.79,"2,343,400",26.06
"Nov 4, 2011",34.14,35.26,33.71,35.01,"5,280,500",26.23
"Nov 3, 2011",34.04,34.64,33.03,34.46,"4,112,400",25.82
"Nov 2, 2011",32.61,33.67,32.56,33.21,"2,339,600",24.88
"Nov 1, 2011",30.90,32.51,29.50,32.11,"5,704,700",24.06
"Oct 31, 2011",34.75,34.75,32.84,32.86,"5,134,900",24.62
"Oct 28, 2011",34.25,35.50,33.32,34.50,"5,968,000",25.85
"Oct 27, 2011",32.89,34.08,32.52,33.59,"5,040,700",25.17
"Oct 26, 2011",31.20,32.10,30.09,31.74,"5,577,500",23.78
"Oct 25, 2011",32.34,32.44,30.62,30.73,"3,968,500",23.02
"Oct 24, 2011",31.10,32.36,30.96,32.33,"4,670,800",24.22
"Oct 21, 2011",30.80,31.26,29.00,31.02,"12,613,600",23.24
"Oct 20, 2011",26.88,27.45,26.10,27.39,"3,481,900",20.52
"Oct 19, 2011",27.99,28.03,26.81,26.93,"5,565,600",20.18
"Oct 18, 2011",28.04,28.62,27.34,28.29,"4,606,200",21.19
"Oct 17, 2011",28.97,29.24,27.89,28.24,"3,140,900",21.16
"Oct 14, 2011",28.82,29.79,28.61,29.20,"4,474,900",21.88
"Oct 13, 2011",28.29,28.53,27.50,28.06,"2,190,200",21.02
"Oct 12, 2011",28.26,29.47,27.95,28.70,"4,479,500",21.50
"Oct 11, 2011",26.93,28.58,26.59,28.05,"3,501,300",21.01
"Oct 10, 2011",27.24,28.13,26.58,27.25,"3,407,500",20.42
"Oct 7, 2011",27.70,27.89,26.43,26.52,"4,423,000",19.87
"Oct 6, 2011",26.12,27.62,25.91,27.39,"6,296,900",20.52
"Oct 5, 2011",25.89,26.52,25.51,26.09,"7,499,700",19.55
"Oct 4, 2011",23.75,26.03,22.90,25.88,"7,100,000",19.39
"Oct 3, 2011",24.30,25.54,23.81,24.10,"6,837,400",18.06
"Sep 30, 2011",25.70,25.84,24.41,24.43,"8,354,500",18.30
"Sep 29, 2011",28.60,28.82,26.05,26.65,"5,166,500",19.97
"Sep 28, 2011",29.52,29.68,27.65,27.77,"3,886,500",20.81
"Sep 27, 2011",30.06,31.32,29.45,29.59,"6,548,400",22.17
"Sep 26, 2011",28.80,29.19,27.81,29.00,"5,867,000",21.73
"Sep 23, 2011",27.79,29.52,27.40,28.47,"2,601,400",21.33
"Sep 22, 2011",27.05,28.38,25.58,27.81,"6,481,700",20.84
"Sep 21, 2011",31.44,31.44,28.86,28.89,"5,955,300",21.64
"Sep 20, 2011",33.11,33.52,31.68,31.76,"2,916,900",23.79
"Sep 19, 2011",32.82,33.24,31.96,32.92,"2,805,000",24.66
"Sep 16, 2011",33.58,34.03,32.81,34.00,"2,144,400",25.47
"Sep 15, 2011",33.72,34.22,32.96,33.69,"1,962,800",25.24
"Sep 14, 2011",32.64,33.78,31.62,33.29,"2,177,600",24.94
"Sep 13, 2011",31.75,32.61,31.41,32.51,"1,712,800",24.36
"Sep 12, 2011",30.40,31.51,30.26,31.42,"3,949,200",23.54
"Sep 9, 2011",32.76,32.82,30.84,31.19,"3,705,200",23.37
"Sep 8, 2011",33.44,34.00,32.90,33.35,"2,069,500",24.99
"Sep 7, 2011",32.76,34.22,32.72,33.94,"2,229,700",25.43
"Sep 6, 2011",30.65,32.16,30.60,32.10,"4,855,800",24.05
"Sep 2, 2011",32.66,32.69,31.31,32.11,"1,933,400",24.06
"Sep 1, 2011",34.58,34.73,33.65,33.92,"3,387,600",25.41
"Aug 31, 2011",34.37,35.05,34.06,34.65,"4,338,700",25.96
"Aug 30, 2011",34.18,34.49,33.70,34.06,"3,893,900",25.52
"Aug 29, 2011",32.78,34.74,32.55,34.69,"4,685,200",25.99
"Aug 26, 2011",30.03,32.08,29.73,31.85,"3,309,700",23.86
"Aug 25, 2011",31.03,31.29,29.92,30.42,"3,639,100",22.79
"Aug 24, 2011",29.72,30.87,29.58,30.79,"3,591,900",23.07
"Aug 23, 2011",29.08,30.31,28.47,29.85,"4,824,400",22.36
"Aug 22, 2011",29.21,30.43,28.24,28.75,"5,459,500",21.54
"Aug 19, 2011",28.67,29.50,27.92,27.98,"5,068,500",20.96
"Aug 18, 2011",30.60,30.96,28.83,29.05,"7,548,500",21.76
"Aug 17, 2011",32.94,33.38,31.36,31.91,"4,899,400",23.91
"Aug 16, 2011",33.49,33.54,32.07,32.62,"3,897,100",24.44
"Aug 15, 2011",34.16,35.02,33.49,33.94,"4,467,900",25.43
"Aug 12, 2011",34.10,34.54,33.00,33.90,"5,040,200",25.25
"Aug 11, 2011",31.34,34.74,31.27,34.02,"6,043,100",25.34
"Aug 10, 2011",30.86,32.48,30.31,31.13,"6,956,500",23.18
"Aug 9, 2011",29.41,31.85,29.09,31.84,"12,420,900",23.71
"Aug 8, 2011",31.49,32.57,26.52,28.47,"14,254,800",21.20
"Aug 5, 2011",34.22,35.15,30.18,33.11,"9,313,700",24.66
"Aug 4, 2011",36.60,36.60,32.29,33.51,"12,484,200",24.96
"Aug 3, 2011",37.61,38.04,35.05,37.29,"10,588,700",27.77
"Aug 2, 2011",40.00,40.07,37.35,37.39,"5,618,900",27.85
"Aug 1, 2011",40.96,41.93,38.41,40.33,"6,165,400",30.04
"Jul 29, 2011",38.00,39.98,36.89,39.46,"8,271,700",29.39
"Jul 28, 2011",38.00,38.45,37.12,37.55,"3,514,800",27.97
"Jul 27, 2011",38.55,39.09,37.62,38.00,"3,987,800",28.30
"Jul 26, 2011",38.29,39.31,38.16,38.94,"3,110,900",29.00
"Jul 25, 2011",38.81,39.29,38.22,38.31,"3,420,900",28.53
"Jul 22, 2011",38.95,39.65,38.25,39.54,"3,996,700",29.45
"Jul 21, 2011",37.93,39.43,37.67,39.09,"4,992,500",29.11
"Jul 20, 2011",37.39,38.07,37.19,37.60,"3,548,700",28.00
"Jul 19, 2011",37.28,37.70,36.87,37.08,"3,996,300",27.62
"Jul 18, 2011",37.85,38.14,36.20,36.84,"3,953,600",27.44
"Jul 15, 2011",38.20,38.31,37.67,38.09,"2,566,200",28.37
"Jul 14, 2011",38.50,38.97,37.81,37.92,"2,439,700",28.24
"Jul 13, 2011",38.86,39.10,38.15,38.47,"2,697,100",28.65
"Jul 12, 2011",38.32,38.95,37.99,38.40,"2,300,700",28.60
"Jul 11, 2011",39.99,40.00,37.90,38.48,"4,543,700",28.66
"Jul 8, 2011",40.51,40.92,39.96,40.88,"3,542,000",30.45
"Jul 7, 2011",39.95,41.35,39.95,41.23,"5,828,900",30.71
"Jul 6, 2011",39.63,39.75,38.80,39.45,"4,517,500",29.38
"Jul 5, 2011",39.01,40.11,38.75,39.89,"3,880,100",29.71
"Jul 1, 2011",39.41,39.59,38.43,38.92,"4,650,200",28.99
"Jun 30, 2011",38.30,39.05,37.86,38.52,"3,257,400",28.69
"Jun 29, 2011",37.74,39.29,37.68,38.29,"4,354,400",28.52
"Jun 28, 2011",37.70,37.70,36.47,37.48,"5,326,300",27.91
"Jun 27, 2011",37.65,37.83,35.84,37.26,"7,024,600",27.75
"Jun 24, 2011",38.24,38.83,37.52,37.58,"19,002,500",27.99
"Jun 23, 2011",37.87,38.10,36.64,38.06,"4,695,900",28.35
"Jun 22, 2011",38.64,39.51,38.29,38.70,"4,575,300",28.82
"Jun 21, 2011",37.09,38.76,36.97,38.61,"5,852,000",28.76
"Jun 20, 2011",36.47,36.87,35.88,36.56,"5,519,200",27.23
"Jun 17, 2011",37.55,37.71,36.27,36.88,"6,585,000",27.47
"Jun 16, 2011",38.46,38.62,36.16,37.01,"8,190,900",27.56
"Jun 15, 2011",39.28,39.59,38.08,38.36,"4,910,700",28.57
"Jun 14, 2011",39.14,40.25,39.06,39.88,"4,451,000",29.70
"Jun 13, 2011",39.40,39.76,38.11,38.30,"3,357,500",28.52
"Jun 10, 2011",39.55,39.94,38.78,39.30,"3,219,200",29.27
"Jun 9, 2011",39.55,40.18,39.22,40.00,"3,302,800",29.79
"Jun 8, 2011",38.50,39.50,38.24,39.22,"4,387,500",29.21
"Jun 7, 2011",39.43,39.49,38.43,38.88,"4,363,600",28.96
"Jun 6, 2011",40.05,40.08,38.12,38.24,"5,518,300",28.48
"Jun 3, 2011",40.50,40.71,39.21,39.89,"6,642,400",29.71
"Jun 2, 2011",42.66,42.98,41.06,41.70,"3,664,300",31.06
"Jun 1, 2011",43.67,44.21,42.11,42.28,"4,180,100",31.49
"May 31, 2011",43.47,43.82,42.84,43.81,"8,699,000",32.63
"May 27, 2011",42.12,42.74,41.82,42.74,"2,684,500",31.83
"May 26, 2011",41.63,42.20,40.78,41.76,"4,563,200",31.10
"May 25, 2011",39.50,42.08,39.49,41.59,"4,805,000",30.98
"May 24, 2011",39.43,40.00,39.25,39.75,"4,469,600",29.60
"May 23, 2011",38.91,39.35,38.16,38.90,"4,454,000",28.97
"May 20, 2011",40.70,40.83,39.67,40.00,"4,038,400",29.79
"May 19, 2011",41.25,41.57,40.49,41.00,"3,130,900",30.54
"May 18, 2011",39.11,41.06,38.94,41.00,"7,016,500",30.54
"May 17, 2011",38.10,39.22,38.07,38.95,"8,988,700",29.01
"May 16, 2011",38.32,39.25,37.73,38.10,"10,085,100",28.38
"May 13, 2011",41.63,41.75,39.36,39.68,"4,637,200",29.55
"May 12, 2011",42.00,42.33,41.17,41.33,"4,061,300",30.78
"May 11, 2011",42.50,43.31,41.46,42.22,"6,643,600",31.44
"May 10, 2011",42.03,42.50,41.75,42.24,"4,993,700",31.46
"May 9, 2011",41.08,42.29,41.03,41.50,"4,505,400",30.91
"May 6, 2011",41.74,42.79,40.88,41.08,"7,247,600",30.60
"May 5, 2011",42.74,43.39,41.29,41.65,"5,150,500",31.02
"May 4, 2011",44.41,44.53,42.00,42.83,"4,965,300",31.90
"May 3, 2011",45.70,46.28,44.46,44.57,"4,248,600",33.19
"May 2, 2011",48.09,48.12,44.63,45.62,"6,359,900",33.90
"Apr 29, 2011",44.66,45.36,44.27,44.50,"3,716,100",33.07
"Apr 28, 2011",43.78,44.54,43.62,44.44,"3,637,300",33.03
"Apr 27, 2011",43.99,44.41,43.40,43.70,"3,105,000",32.48
"Apr 26, 2011",43.53,44.00,42.98,43.79,"2,800,000",32.54
"Apr 25, 2011",42.81,43.74,42.42,43.26,"2,144,700",32.15
"Apr 21, 2011",42.05,42.80,41.93,42.73,"2,375,100",31.75
"Apr 20, 2011",41.46,42.00,41.36,42.00,"2,382,100",31.21
"Apr 19, 2011",40.05,41.07,39.85,40.78,"3,088,000",30.31
"Apr 18, 2011",40.68,41.12,39.80,40.06,"2,265,900",29.77
"Apr 15, 2011",40.42,41.18,39.99,41.01,"2,073,400",30.48
"Apr 14, 2011",40.40,40.63,39.63,40.42,"1,606,500",30.04
"Apr 13, 2011",40.74,40.88,40.09,40.63,"2,475,100",30.19
"Apr 12, 2011",42.03,42.28,40.36,40.53,"4,195,500",30.12
"Apr 11, 2011",42.60,43.20,41.81,42.49,"2,362,700",31.58
"Apr 8, 2011",41.58,43.28,41.49,42.58,"4,861,400",31.64
"Apr 7, 2011",41.63,41.75,40.72,41.50,"3,235,600",30.84
"Apr 6, 2011",41.40,42.05,41.27,41.61,"2,955,900",30.92
"Apr 5, 2011",40.47,41.51,40.29,41.34,"2,558,000",30.72
"Apr 4, 2011",40.50,41.00,40.36,40.65,"1,992,700",30.21
"Apr 1, 2011",39.99,40.28,39.56,40.27,"4,105,400",29.93
"Mar 31, 2011",39.66,40.13,39.28,39.55,"3,555,600",29.39
"Mar 30, 2011",40.39,40.39,39.49,39.68,"2,951,200",29.49
"Mar 29, 2011",39.94,40.74,39.90,40.14,"2,103,700",29.83
"Mar 28, 2011",40.50,40.82,39.42,40.21,"3,532,800",29.88
"Mar 25, 2011",40.40,40.87,39.92,40.36,"1,493,600",29.99
"Mar 24, 2011",40.00,40.60,39.75,40.39,"1,852,300",30.02
"Mar 23, 2011",38.83,39.97,38.51,39.87,"1,289,300",29.63
"Mar 22, 2011",39.63,39.69,38.69,39.05,"1,433,600",29.02
"Mar 21, 2011",39.35,40.00,38.80,39.67,"2,810,700",29.48
"Mar 18, 2011",39.52,39.58,38.21,38.40,"2,805,700",28.54
"Mar 17, 2011",38.83,39.31,38.77,38.99,"1,526,200",28.98
"Mar 16, 2011",38.12,39.41,37.99,38.09,"3,071,500",28.31
"Mar 15, 2011",37.45,38.64,37.33,38.28,"3,694,900",28.45
"Mar 14, 2011",39.08,40.41,38.75,39.19,"1,751,000",29.12
"Mar 11, 2011",39.05,39.66,38.20,39.16,"3,965,500",29.10
"Mar 10, 2011",40.38,41.00,38.53,39.69,"7,360,400",29.50
"Mar 9, 2011",40.92,41.12,40.31,40.90,"2,698,300",30.39
"Mar 8, 2011",39.72,41.08,39.36,40.73,"3,269,300",30.27
"Mar 7, 2011",40.19,40.30,39.46,39.83,"4,343,300",29.60
"Mar 4, 2011",40.20,40.30,39.34,39.64,"4,308,600",29.46
"Mar 3, 2011",38.65,39.85,38.65,39.56,"5,558,300",29.40
"Mar 2, 2011",37.20,38.58,36.84,38.07,"3,930,500",28.29
"Mar 1, 2011",38.37,38.85,36.76,37.06,"3,520,100",27.54
"Feb 28, 2011",38.88,40.00,37.71,38.08,"12,466,200",28.30
"Feb 25, 2011",37.52,38.54,37.50,38.17,"4,899,300",28.37
"Feb 24, 2011",36.66,37.39,36.26,36.70,"4,456,100",27.27
"Feb 23, 2011",35.55,37.00,34.88,36.64,"6,188,600",27.23
"Feb 22, 2011",36.53,38.75,35.74,35.84,"6,342,400",26.63
"Feb 18, 2011",36.90,38.12,35.34,37.95,"15,389,100",28.20
"Feb 17, 2011",37.59,38.60,37.26,38.59,"6,305,700",28.68
"Feb 16, 2011",37.47,37.80,37.09,37.54,"2,955,500",27.90
"Feb 15, 2011",37.39,37.67,36.56,37.48,"2,470,500",27.85
"Feb 14, 2011",37.42,37.44,36.81,37.40,"2,764,300",27.79
"Feb 11, 2011",36.17,38.89,35.76,37.07,"4,639,500",27.55
"Feb 10, 2011",35.33,36.83,35.33,36.75,"2,841,300",27.31
"Feb 9, 2011",35.24,35.95,34.59,35.84,"5,237,600",26.63
"Feb 8, 2011",35.77,35.85,34.36,35.48,"5,053,800",26.37
"Feb 7, 2011",36.49,36.77,35.29,35.52,"4,454,900",26.40
"Feb 4, 2011",36.44,36.76,35.34,36.17,"4,087,000",26.88
"Feb 3, 2011",36.83,37.44,36.00,36.12,"3,667,200",26.84
"Feb 2, 2011",36.51,36.88,36.17,36.55,"1,646,500",27.16
"Feb 1, 2011",36.19,37.00,35.97,36.84,"2,823,400",27.38
"Jan 31, 2011",34.77,36.04,34.77,35.94,"2,250,400",26.71
"Jan 28, 2011",36.30,36.48,34.62,34.86,"1,961,300",25.91
"Jan 27, 2011",36.06,36.51,35.83,36.20,"2,718,800",26.90
"Jan 26, 2011",35.78,36.25,35.54,36.00,"2,325,700",26.75
"Jan 25, 2011",35.70,36.15,35.53,35.70,"6,351,500",26.53
"Jan 24, 2011",35.60,35.74,34.75,35.65,"2,489,700",26.49
"Jan 21, 2011",35.88,36.22,34.40,35.05,"3,647,600",26.05
"Jan 20, 2011",35.26,35.77,33.57,35.42,"7,837,700",26.32
"Jan 19, 2011",36.67,36.70,35.53,35.66,"3,682,500",26.50
"Jan 18, 2011",36.95,37.00,36.46,36.50,"2,166,600",27.12
"Jan 14, 2011",36.28,37.00,36.04,36.61,"3,841,100",27.21
"Jan 13, 2011",36.84,36.84,35.85,36.40,"4,404,500",27.05
"Jan 12, 2011",36.66,37.00,36.51,36.74,"2,867,900",27.30
"Jan 11, 2011",35.60,36.58,35.51,36.47,"4,729,500",27.10
"Jan 10, 2011",34.92,35.30,34.60,35.24,"4,051,600",26.19
"Jan 7, 2011",35.18,35.23,34.45,34.62,"1,889,700",25.73
"Jan 6, 2011",34.93,35.11,34.72,34.97,"3,249,400",25.99
"Jan 5, 2011",34.68,35.00,34.63,34.85,"2,780,800",25.90
"Jan 4, 2011",34.80,34.95,34.54,34.87,"5,475,700",25.91
"Jan 3, 2011",34.75,34.99,34.43,34.56,"3,403,400",25.68
"Dec 31, 2010",33.85,34.54,33.83,34.40,"1,877,900",25.56
"Dec 30, 2010",33.43,33.82,33.26,33.76,"1,605,600",25.09
"Dec 29, 2010",33.21,33.45,33.18,33.40,"1,290,400",24.82
"Dec 28, 2010",32.94,33.30,32.83,33.28,"1,111,600",24.73
"Dec 27, 2010",32.67,33.03,32.65,32.96,"679,600",24.49
"Dec 23, 2010",32.95,33.00,32.79,32.93,"724,400",24.47
"Dec 22, 2010",32.34,32.98,32.34,32.95,"3,212,600",24.49
"Dec 21, 2010",32.00,32.57,32.00,32.55,"3,301,200",24.19
"Dec 20, 2010",31.91,32.12,31.62,32.10,"2,500,900",23.85
"Dec 17, 2010",31.14,32.00,30.72,31.87,"3,980,000",23.68
"Dec 16, 2010",32.01,32.07,30.91,31.20,"2,498,500",23.19
"Dec 15, 2010",31.99,32.19,31.52,31.75,"1,458,700",23.59
"Dec 14, 2010",31.61,32.46,31.07,31.99,"3,875,100",23.77
"Dec 13, 2010",31.08,31.97,31.03,31.86,"38,066,400",23.68
"Dec 10, 2010",30.56,31.17,30.46,31.10,"3,383,400",23.11
"Dec 9, 2010",31.23,31.34,29.60,30.61,"4,306,200",22.75
"Dec 8, 2010",31.60,31.85,30.73,30.86,"3,558,100",22.93
"Dec 7, 2010",31.50,31.75,30.93,31.60,"6,296,400",23.48
"Dec 6, 2010",30.62,31.12,30.50,31.08,"4,628,200",23.10
"Dec 3, 2010",30.04,30.71,29.53,30.52,"5,584,300",22.68
"Dec 2, 2010",30.21,30.50,29.41,30.49,"7,641,100",22.66
"Dec 1, 2010",29.69,30.04,29.63,29.88,"7,132,500",22.21
"Nov 30, 2010",29.23,29.50,29.06,29.21,"2,831,300",21.71
"Nov 29, 2010",29.90,29.97,28.86,29.75,"3,414,900",22.11
"Nov 26, 2010",29.20,29.55,29.15,29.38,"740,600",21.83
"Nov 24, 2010",29.10,29.54,28.86,29.50,"3,341,100",21.92
"Nov 23, 2010",29.25,29.25,28.81,28.95,"4,384,400",21.51
"Nov 22, 2010",28.63,29.82,28.55,29.68,"6,153,800",22.06
"Nov 19, 2010",27.77,28.88,27.50,28.75,"17,483,400",21.37
"Nov 18, 2010",28.06,28.23,27.54,27.69,"3,376,600",20.58
"Nov 17, 2010",26.74,27.31,26.34,27.23,"3,193,800",20.24
"Nov 16, 2010",27.57,27.65,26.25,26.70,"2,919,300",19.84
"Nov 15, 2010",27.25,27.99,27.20,27.66,"4,142,500",20.56
"Nov 12, 2010",28.32,28.37,27.33,27.40,"4,365,200",20.36
"Nov 11, 2010",28.12,28.80,28.02,28.29,"2,478,300",21.02
"Nov 10, 2010",28.40,28.50,27.74,28.34,"2,717,000",21.06
"Nov 9, 2010",29.02,29.10,28.17,28.44,"2,267,300",21.13
"Nov 8, 2010",28.50,28.85,28.24,28.85,"4,110,700",21.44
"Nov 5, 2010",27.45,28.53,26.76,28.35,"7,669,000",21.07
"Nov 4, 2010",27.25,27.56,26.99,27.41,"5,118,300",20.37
"Nov 3, 2010",26.91,27.47,26.35,26.95,"3,338,400",20.03
"Nov 2, 2010",26.30,26.79,26.18,26.63,"3,387,900",19.79
"Nov 1, 2010",26.76,27.16,25.70,26.00,"4,165,000",19.32
"Oct 29, 2010",27.85,28.25,26.60,26.86,"7,190,600",19.96
"Oct 28, 2010",27.38,27.79,26.99,27.51,"3,821,600",20.44
"Oct 27, 2010",27.83,27.83,26.85,27.21,"3,619,200",20.22
"Oct 26, 2010",28.07,28.12,26.50,27.72,"5,532,600",20.60
"Oct 25, 2010",27.84,28.27,27.72,27.96,"3,935,100",20.78
"Oct 22, 2010",27.60,27.68,27.30,27.55,"2,442,100",20.47
"Oct 21, 2010",27.19,28.00,27.10,27.56,"6,521,800",20.48
"Oct 20, 2010",26.70,27.20,26.65,27.13,"6,081,700",20.16
"Oct 19, 2010",26.99,26.99,26.44,26.52,"7,782,900",19.71
"Oct 18, 2010",26.60,27.04,26.41,26.75,"4,034,900",19.88
"Oct 15, 2010",27.10,27.10,26.50,26.50,"3,207,600",19.69
"Oct 14, 2010",26.97,27.65,24.45,27.02,"9,197,400",20.08
"Oct 13, 2010",26.40,27.12,26.29,26.97,"12,316,200",20.04
"Oct 12, 2010",26.10,26.35,25.45,26.30,"7,003,500",19.54
"Oct 11, 2010",25.19,26.60,25.13,26.16,"8,024,800",19.44
"Oct 8, 2010",24.70,25.28,24.70,25.25,"6,419,900",18.76
"Oct 7, 2010",24.26,24.54,24.19,24.45,"2,172,800",18.17
"Oct 6, 2010",24.85,24.88,23.95,24.22,"1,901,200",18.00
"Oct 5, 2010",24.04,25.00,24.03,24.79,"7,091,600",18.42
"Oct 4, 2010",24.03,24.40,23.93,24.09,"3,833,700",17.90
"Oct 1, 2010",23.92,24.06,23.71,23.87,"6,646,000",17.74
"Sep 30, 2010",23.65,23.95,23.26,23.90,"4,344,600",17.76
"Sep 29, 2010",23.38,23.95,23.37,23.62,"3,805,000",17.55
"Sep 28, 2010",23.10,23.64,23.03,23.45,"2,932,200",17.43
"Sep 27, 2010",22.69,23.11,22.69,23.10,"4,341,200",17.17
"Sep 24, 2010",22.00,22.47,22.00,22.46,"2,632,000",16.69
"Sep 23, 2010",21.85,21.95,21.60,21.85,"1,356,500",16.24
"Sep 22, 2010",22.24,22.28,21.85,21.94,"1,636,900",16.30
"Sep 21, 2010",22.21,22.27,22.17,22.21,"3,081,900",16.51
"Sep 20, 2010",22.25,22.27,22.19,22.20,"1,651,400",16.50
"Sep 17, 2010",22.19,22.25,22.01,22.25,"2,845,700",16.53
"Sep 16, 2010",21.75,22.28,21.75,21.85,"4,179,800",16.24
"Sep 15, 2010",21.51,21.64,21.45,21.56,"1,302,100",16.02
"Sep 14, 2010",21.39,21.57,21.31,21.51,"2,403,900",15.98
"Sep 13, 2010",20.78,21.41,20.78,21.38,"3,431,400",15.89
"Sep 10, 2010",20.71,20.82,20.69,20.79,"806,500",15.45
"Sep 9, 2010",21.00,21.15,20.67,20.70,"2,958,400",15.38
"Sep 8, 2010",20.95,21.13,20.95,20.99,"2,135,400",15.60
"Sep 7, 2010",21.12,21.12,20.80,20.96,"1,540,000",15.58
"Sep 3, 2010",20.99,21.30,20.99,21.13,"1,072,600",15.70
"Sep 2, 2010",21.05,21.05,20.76,20.95,"1,548,700",15.57
"Sep 1, 2010",20.50,21.30,20.49,21.02,"5,464,700",15.62
"Aug 31, 2010",20.22,20.51,20.22,20.50,"2,316,300",15.23
"Aug 30, 2010",20.40,20.80,20.22,20.22,"1,728,000",15.03
"Aug 27, 2010",20.14,20.44,19.98,20.44,"1,984,200",15.19
"Aug 26, 2010",19.95,20.50,19.95,20.00,"2,807,100",14.86
"Aug 25, 2010",19.94,20.05,19.87,19.93,"3,994,300",14.81
"Aug 24, 2010",19.80,20.05,19.70,19.99,"5,178,500",14.86
"Aug 23, 2010",19.90,20.25,19.90,20.06,"2,222,900",14.91
"Aug 20, 2010",19.80,20.02,19.76,19.89,"3,292,700",14.78
"Aug 19, 2010",19.89,20.09,19.00,19.80,"5,313,000",14.71
"Aug 18, 2010",19.10,20.05,19.10,19.80,"3,564,800",14.71
"Aug 17, 2010",18.95,19.20,18.95,19.07,"4,572,800",14.17
"Aug 16, 2010",18.85,19.30,18.65,18.70,"10,729,700",13.90
"Aug 13, 2010",17.51,18.03,17.51,18.02,"2,973,700",13.39
"Aug 12, 2010",17.63,17.63,17.40,17.50,"3,260,500",13.00
"Aug 11, 2010",17.80,17.80,17.60,17.61,"2,021,000",13.09
"Aug 10, 2010",18.05,18.05,17.90,17.99,"1,056,300",13.37
"Aug 9, 2010",18.00,18.15,17.99,18.05,"1,252,900",13.41
"Aug 6, 2010",18.22,18.25,17.92,18.00,"500,600",13.38
"Aug 5, 2010",18.30,18.30,18.20,18.24,"252,300",13.55
"Aug 4, 2010",17.90,18.46,17.90,18.30,"4,194,300",13.60
"Aug 3, 2010",18.09,18.12,17.70,17.90,"1,558,700",13.30
"Aug 2, 2010",18.15,18.26,18.05,18.06,"1,543,000",13.42
"Jul 30, 2010",17.92,18.07,17.68,18.00,"2,023,100",13.38
"Jul 29, 2010",18.10,18.15,17.84,17.94,"1,598,500",13.33
"Jul 28, 2010",18.22,18.22,17.82,17.93,"2,440,000",13.32
"Jul 27, 2010",17.92,18.34,17.25,18.23,"5,778,800",13.55
"Jul 26, 2010",17.00,17.70,17.00,17.65,"3,400,400",13.12
"Jul 23, 2010",16.55,16.79,16.52,16.78,"1,415,100",12.47
"Jul 22, 2010",16.26,16.59,16.26,16.55,"1,126,300",12.30
"Jul 21, 2010",16.19,16.30,16.19,16.24,"1,801,200",12.07
"Jul 20, 2010",16.44,16.44,16.15,16.19,"1,244,700",12.03
"Jul 19, 2010",16.18,16.70,16.11,16.45,"497,300",12.22
"Jul 16, 2010",16.30,16.30,16.00,16.20,"624,700",12.04
"Jul 15, 2010",16.43,16.43,16.00,16.37,"905,900",12.17
"Jul 14, 2010",16.40,16.45,16.25,16.40,"1,537,200",12.19
"Jul 13, 2010",15.83,16.50,15.83,16.40,"1,647,300",12.19
"Jul 12, 2010",15.82,16.02,15.80,15.82,"786,100",11.76
"Jul 9, 2010",15.10,16.02,15.00,15.80,"1,478,700",11.74
"Jul 8, 2010",14.95,15.15,14.95,15.05,"2,422,200",11.18
"Jul 7, 2010",15.05,15.15,14.86,15.00,"2,137,200",11.15
"Jul 6, 2010",15.50,15.59,14.90,15.06,"833,700",11.19
"Jul 2, 2010",15.58,15.69,15.40,15.48,"231,700",11.50
"Jul 1, 2010",16.24,16.30,15.40,15.55,"4,006,100",11.56
"Jun 30, 2010",16.27,16.50,16.15,16.15,"1,534,100",12.00
"Jun 29, 2010",16.74,16.74,16.25,16.25,"2,561,000",12.08
"Jun 28, 2010",16.87,16.87,16.70,16.87,"355,800",12.54
"Jun 25, 2010",16.90,16.92,16.70,16.82,"612,000",12.50
"Jun 24, 2010",16.69,16.92,16.35,16.80,"2,151,600",12.48
"Jun 23, 2010",16.90,16.95,16.60,16.65,"1,125,700",12.37
"Jun 22, 2010",17.09,17.10,16.80,16.84,"1,502,900",12.51
"Jun 21, 2010",17.45,17.53,17.09,17.10,"514,100",12.71
"Jun 18, 2010",17.33,17.35,17.15,17.21,"1,373,700",12.79
"Jun 17, 2010",17.68,17.75,17.14,17.30,"1,090,600",12.86
"Jun 16, 2010",17.93,17.97,17.63,17.64,"1,041,500",13.11
"Jun 15, 2010",17.48,18.00,17.35,17.97,"1,974,300",13.35
"Jun 14, 2010",17.19,17.58,17.19,17.49,"1,008,500",13.00
"Jun 11, 2010",16.94,17.19,16.94,17.14,"452,500",12.74
"Jun 10, 2010",16.97,17.07,16.85,16.97,"1,401,000",12.61
"Jun 9, 2010",16.79,17.10,16.70,16.79,"1,410,200",12.48
"Jun 8, 2010",17.03,17.03,16.50,16.75,"2,037,700",12.45
"Jun 7, 2010",17.15,17.20,16.74,16.89,"2,826,800",12.55
"Jun 4, 2010",17.05,17.10,16.75,17.05,"3,147,200",12.67
"Jun 3, 2010",17.45,17.50,17.15,17.33,"2,173,600",12.88
"Jun 2, 2010",17.61,17.66,17.22,17.33,"829,900",12.88
"Jun 1, 2010",17.65,17.80,17.20,17.50,"900,800",13.00
"May 28, 2010",17.90,17.90,16.25,17.77,"222,200",13.21
"May 27, 2010",17.65,18.00,17.65,17.90,"3,156,100",13.30
"May 26, 2010",16.99,17.40,16.80,17.15,"2,079,300",12.74
"May 25, 2010",16.79,16.79,16.20,16.57,"4,649,600",12.31
"May 24, 2010",16.70,17.15,16.68,16.90,"1,761,300",12.56
"May 21, 2010",16.35,17.12,16.25,16.55,"4,560,800",12.30
"May 20, 2010",17.14,17.14,16.20,16.90,"10,248,400",12.56
"May 19, 2010",18.90,18.93,17.55,17.70,"6,227,700",13.15
"May 18, 2010",19.05,19.32,18.25,18.79,"6,219,800",13.96
"May 17, 2010",19.00,19.20,18.70,18.85,"10,117,000",14.01
"May 14, 2010",19.30,19.40,18.75,18.75,"3,133,400",13.93
"May 13, 2010",19.85,20.10,19.60,19.65,"2,475,900",14.60
"May 12, 2010",19.20,20.04,19.20,19.80,"5,714,300",14.71
"May 11, 2010",18.75,19.28,18.75,18.90,"2,626,900",14.05
"May 10, 2010",19.75,19.85,18.70,19.01,"3,861,100",14.13
"May 7, 2010",19.50,19.55,17.90,18.60,"3,881,500",13.82
"May 6, 2010",20.50,20.55,18.45,19.45,"8,029,400",14.45
"May 5, 2010",22.00,22.00,20.00,20.59,"6,999,200",15.30
"May 4, 2010",22.80,22.80,21.50,21.50,"2,276,500",15.98
"May 3, 2010",22.75,22.95,22.65,22.80,"3,302,700",16.94
"Apr 30, 2010",22.95,23.00,22.25,22.30,"1,644,400",16.57
"Apr 29, 2010",22.00,23.25,21.90,23.00,"8,773,600",17.09
"Apr 28, 2010",22.25,22.25,21.70,22.00,"5,244,400",16.35
"Jul 26, 2010",17.00,17.70,17.00,17.65,"3,400,400",13.12
"Jul 23, 2010",16.55,16.79,16.52,16.78,"1,415,100",12.47
"Jul 22, 2010",16.26,16.59,16.26,16.55,"1,126,300",12.30
"Jul 21, 2010",16.19,16.30,16.19,16.24,"1,801,200",12.07
"Jul 20, 2010",16.44,16.44,16.15,16.19,"1,244,700",12.03
"Jul 19, 2010",16.18,16.70,16.11,16.45,"497,300",12.22
"Jul 16, 2010",16.30,16.30,16.00,16.20,"624,700",12.04
"Jul 15, 2010",16.43,16.43,16.00,16.37,"905,900",12.17
"Jul 14, 2010",16.40,16.45,16.25,16.40,"1,537,200",12.19
"Jul 13, 2010",15.83,16.50,15.83,16.40,"1,647,300",12.19
"Jul 12, 2010",15.82,16.02,15.80,15.82,"786,100",11.76
"Jul 9, 2010",15.10,16.02,15.00,15.80,"1,478,700",11.74
"Jul 8, 2010",14.95,15.15,14.95,15.05,"2,422,200",11.18
"Jul 7, 2010",15.05,15.15,14.86,15.00,"2,137,200",11.15
"Jul 6, 2010",15.50,15.59,14.90,15.06,"833,700",11.19
"Jul 2, 2010",15.58,15.69,15.40,15.48,"231,700",11.50
"Jul 1, 2010",16.24,16.30,15.40,15.55,"4,006,100",11.56
"Jun 30, 2010",16.27,16.50,16.15,16.15,"1,534,100",12.00
"Jun 29, 2010",16.74,16.74,16.25,16.25,"2,561,000",12.08
"Jun 28, 2010",16.87,16.87,16.70,16.87,"355,800",12.54
"Jun 25, 2010",16.90,16.92,16.70,16.82,"612,000",12.50
"Jun 24, 2010",16.69,16.92,16.35,16.80,"2,151,600",12.48
"Jun 23, 2010",16.90,16.95,16.60,16.65,"1,125,700",12.37
"Jun 22, 2010",17.09,17.10,16.80,16.84,"1,502,900",12.51
"Jun 21, 2010",17.45,17.53,17.09,17.10,"514,100",12.71
"Jun 18, 2010",17.33,17.35,17.15,17.21,"1,373,700",12.79
"Jun 17, 2010",17.68,17.75,17.14,17.30,"1,090,600",12.86
"Jun 16, 2010",17.93,17.97,17.63,17.64,"1,041,500",13.11
"Jun 15, 2010",17.48,18.00,17.35,17.97,"1,974,300",13.35
"Jun 14, 2010",17.19,17.58,17.19,17.49,"1,008,500",13.00
"Jun 11, 2010",16.94,17.19,16.94,17.14,"452,500",12.74
"Jun 10, 2010",16.97,17.07,16.85,16.97,"1,401,000",12.61
"Jun 9, 2010",16.79,17.10,16.70,16.79,"1,410,200",12.48
"Jun 8, 2010",17.03,17.03,16.50,16.75,"2,037,700",12.45
"Jun 7, 2010",17.15,17.20,16.74,16.89,"2,826,800",12.55
"Jun 4, 2010",17.05,17.10,16.75,17.05,"3,147,200",12.67
"Jun 3, 2010",17.45,17.50,17.15,17.33,"2,173,600",12.88
"Jun 2, 2010",17.61,17.66,17.22,17.33,"829,900",12.88
"Jun 1, 2010",17.65,17.80,17.20,17.50,"900,800",13.00
"May 28, 2010",17.90,17.90,16.25,17.77,"222,200",13.21
"May 27, 2010",17.65,18.00,17.65,17.90,"3,156,100",13.30
"May 26, 2010",16.99,17.40,16.80,17.15,"2,079,300",12.74
"May 25, 2010",16.79,16.79,16.20,16.57,"4,649,600",12.31
"May 24, 2010",16.70,17.15,16.68,16.90,"1,761,300",12.56
"May 21, 2010",16.35,17.12,16.25,16.55,"4,560,800",12.30
"May 20, 2010",17.14,17.14,16.20,16.90,"10,248,400",12.56
"May 19, 2010",18.90,18.93,17.55,17.70,"6,227,700",13.15
"May 18, 2010",19.05,19.32,18.25,18.79,"6,219,800",13.96
"May 17, 2010",19.00,19.20,18.70,18.85,"10,117,000",14.01
"May 14, 2010",19.30,19.40,18.75,18.75,"3,133,400",13.93
"May 13, 2010",19.85,20.10,19.60,19.65,"2,475,900",14.60
"May 12, 2010",19.20,20.04,19.20,19.80,"5,714,300",14.71
"May 11, 2010",18.75,19.28,18.75,18.90,"2,626,900",14.05
"May 10, 2010",19.75,19.85,18.70,19.01,"3,861,100",14.13
"May 7, 2010",19.50,19.55,17.90,18.60,"3,881,500",13.82
"May 6, 2010",20.50,20.55,18.45,19.45,"8,029,400",14.45
"May 5, 2010",22.00,22.00,20.00,20.59,"6,999,200",15.30
"May 4, 2010",22.80,22.80,21.50,21.50,"2,276,500",15.98
"May 3, 2010",22.75,22.95,22.65,22.80,"3,302,700",16.94
"Apr 30, 2010",22.95,23.00,22.25,22.30,"1,644,400",16.57
"Apr 29, 2010",22.00,23.25,21.90,23.00,"8,773,600",17.09
"Apr 28, 2010",22.25,22.25,21.70,22.00,"5,244,400",16.35
