"Jul 1, 2014",93.00,93.46,92.23,93.21,"1,250,100",92.85
"Jun 30, 2014",92.50,93.34,92.11,93.17,"866,100",92.81
"Jun 27, 2014",92.24,92.81,91.71,92.67,"1,768,200",92.31
"Jun 26, 2014",92.43,92.60,91.62,92.40,"1,078,200",92.04
"Jun 25, 2014",92.98,93.05,91.93,92.28,"1,876,400",91.92
"Jun 24, 2014",92.52,93.43,92.34,93.32,"1,702,500",92.96
"Jun 23, 2014",92.98,93.25,92.47,92.98,"1,496,000",92.62
"Jun 20, 2014",92.73,93.40,92.68,93.14,"1,940,000",92.78
"Jun 19, 2014",92.21,92.74,91.68,92.56,"1,534,800",92.20
"Jun 18, 2014",89.29,91.94,88.89,91.88,"2,763,000",91.15
"Jun 17, 2014",88.04,89.28,87.54,89.19,"1,399,800",88.48
"Jun 16, 2014",87.45,87.85,87.08,87.79,"1,049,900",87.09
"Jun 13, 2014",86.71,87.56,86.39,87.45,"1,229,900",86.75
"Jun 12, 2014",86.75,87.14,85.89,86.65,"958,300",85.96
"Jun 11, 2014",87.56,87.56,86.57,86.75,"779,500",86.06
"Jun 10, 2014",87.28,87.85,87.05,87.61,"1,182,900",86.91
"Jun 9, 2014",89.94,89.94,87.28,87.39,"1,354,500",86.69
"Jun 6, 2014",89.34,89.85,89.05,89.82,"691,600",89.11
"Jun 5, 2014",88.83,89.28,87.77,89.00,"677,700",88.29
"Jun 4, 2014",89.20,89.35,88.41,88.50,"864,900",87.80
"Jun 3, 2014",89.50,89.76,89.09,89.45,"950,500",88.74
"Jun 2, 2014",89.40,89.74,88.97,89.68,"1,003,100",88.97
"May 30, 2014",87.90,89.64,87.88,89.47,"1,799,300",88.76
"May 29, 2014",87.27,88.20,86.96,88.10,"1,054,500",87.40
"May 28, 2014",86.94,87.58,86.62,87.13,"958,600",86.44
"May 27, 2014",86.81,87.09,86.33,86.98,"697,300",86.29
"May 23, 2014",85.75,86.38,85.72,86.19,"491,300",85.50
"May 22, 2014",85.96,86.31,85.75,85.77,"669,400",85.09
"May 21, 2014",85.94,86.27,85.61,86.19,"556,800",85.50
"May 20, 2014",85.54,86.17,85.54,85.97,"818,900",85.29
"May 19, 2014",86.23,86.24,85.33,85.43,"1,103,500",84.75
"May 16, 2014",85.72,86.49,85.57,86.28,"1,227,600",85.59
"May 15, 2014",86.43,86.50,84.97,85.64,"1,007,000",84.96
"May 14, 2014",87.68,87.83,86.82,86.96,"740,100",86.27
"May 13, 2014",87.11,87.83,87.05,87.67,"848,300",86.97
"May 12, 2014",86.58,87.52,86.44,86.90,"1,418,700",86.21
"May 9, 2014",86.70,86.70,85.66,86.13,"1,069,600",85.44
"May 8, 2014",87.00,87.17,86.16,86.55,"798,500",85.86
"May 7, 2014",86.61,87.30,86.50,87.08,"1,415,400",86.39
"May 6, 2014",87.64,87.70,86.10,86.12,"1,214,200",85.44
"May 5, 2014",87.03,87.96,86.72,87.67,"742,700",86.97
"May 2, 2014",87.70,88.25,87.37,87.82,"885,800",87.12
"May 1, 2014",88.03,88.35,87.24,87.66,"1,224,500",86.96
"Apr 30, 2014",87.68,88.30,87.39,88.26,"1,665,700",87.56
"Apr 29, 2014",88.20,88.54,87.38,88.05,"1,299,500",87.35
"Apr 28, 2014",87.23,88.02,86.80,87.88,"1,496,700",87.18
"Apr 25, 2014",88.20,88.87,86.80,87.10,"2,224,500",86.41
"Apr 24, 2014",85.56,88.49,84.06,88.22,"4,907,800",87.52
"Apr 23, 2014",85.43,85.91,84.02,84.27,"1,591,700",83.60
"Apr 22, 2014",84.67,86.05,84.39,85.17,"1,474,900",84.49
"Apr 21, 2014",84.47,84.90,84.34,84.50,"897,300",83.83
"Apr 17, 2014",83.58,84.55,83.28,84.45,"1,043,500",83.78
"Apr 16, 2014",83.12,83.90,83.12,83.74,"1,235,900",83.07
"Apr 15, 2014",83.06,83.52,81.23,82.21,"1,565,700",81.56
"Apr 14, 2014",82.70,83.00,81.99,82.96,"2,095,200",82.30
"Apr 11, 2014",83.15,83.56,81.82,82.20,"1,798,500",81.55
"Apr 10, 2014",85.47,85.92,83.95,83.96,"1,270,900",83.29
"Apr 9, 2014",84.37,85.30,84.00,85.28,"1,087,700",84.60
"Apr 8, 2014",85.31,85.43,83.88,83.94,"2,028,400",83.27
"Apr 7, 2014",85.06,85.91,84.83,85.54,"1,834,400",84.86
"Apr 4, 2014",86.94,87.00,85.04,85.11,"1,856,700",84.43
"Apr 3, 2014",86.48,86.76,85.32,86.65,"1,707,700",85.96
"Apr 2, 2014",84.84,86.50,84.84,86.18,"2,289,700",85.49
"Apr 1, 2014",83.20,85.57,83.20,85.46,"2,910,600",84.78
"Mar 31, 2014",83.78,83.85,82.84,83.14,"1,153,300",82.48
"Mar 28, 2014",83.32,84.07,82.66,83.00,"1,064,500",82.34
"Mar 27, 2014",82.78,83.59,82.12,83.14,"1,266,700",82.48
"Mar 26, 2014",82.61,84.76,82.44,82.99,"1,906,000",82.33
"Mar 25, 2014",81.94,82.42,81.76,82.10,"1,588,900",81.45
"Mar 24, 2014",82.49,82.88,81.05,81.40,"1,303,300",80.75
"Mar 21, 2014",82.99,83.44,82.05,82.09,"1,214,700",81.44
"Mar 20, 2014",81.66,82.46,80.86,82.30,"1,085,400",81.65
"Mar 19, 2014",82.90,83.19,81.44,81.67,"970,900",81.02
"Mar 18, 2014",82.88,83.15,82.43,83.07,"724,100",82.41
"Mar 17, 2014",82.74,83.11,82.25,82.91,"705,400",82.25
"Mar 14, 2014",82.41,83.02,82.05,82.20,"1,173,800",81.55
"Mar 13, 2014",83.36,83.58,82.47,82.72,"1,237,800",82.06
"Mar 12, 2014",82.40,83.68,82.40,83.53,"1,142,400",82.49
"Mar 11, 2014",83.58,83.97,82.62,82.99,"1,410,500",81.96
"Mar 10, 2014",83.20,83.57,82.04,83.17,"1,694,500",82.14
"Mar 7, 2014",83.81,83.85,82.39,83.18,"1,480,900",82.15
"Mar 6, 2014",83.09,83.96,82.65,83.04,"1,304,200",82.01
"Mar 5, 2014",83.78,83.98,82.25,82.94,"1,953,800",81.91
"Mar 4, 2014",83.12,84.12,82.97,84.06,"2,123,500",83.02
"Mar 3, 2014",81.38,82.57,81.04,82.51,"1,767,900",81.49
"Feb 28, 2014",81.89,82.40,81.17,81.55,"1,278,400",80.54
"Feb 27, 2014",80.60,81.83,80.60,81.62,"1,928,900",80.61
"Feb 26, 2014",81.79,81.90,80.35,80.73,"2,577,600",79.73
"Feb 25, 2014",81.00,81.79,81.00,81.48,"1,571,500",80.47
"Feb 24, 2014",81.30,81.80,80.85,80.96,"1,924,200",79.96
"Feb 21, 2014",80.77,81.71,80.36,80.90,"2,575,400",79.90
"Feb 20, 2014",79.19,81.69,78.90,80.73,"4,389,800",79.73
"Feb 19, 2014",75.45,79.22,74.68,78.63,"4,295,100",77.65
"Feb 18, 2014",77.89,78.10,76.82,77.25,"2,285,600",76.29
"Feb 14, 2014",78.31,78.32,77.27,77.67,"1,854,700",76.71
"Feb 13, 2014",77.83,78.74,77.51,78.23,"2,019,500",77.26
"Feb 12, 2014",78.39,78.89,77.66,77.89,"1,540,900",76.92
"Feb 11, 2014",77.37,78.24,76.29,78.12,"1,720,300",77.15
"Feb 10, 2014",76.59,79.19,76.19,77.66,"3,226,800",76.70
"Feb 7, 2014",76.27,77.28,75.60,75.95,"2,340,000",75.01
"Feb 6, 2014",73.64,76.12,73.51,75.95,"4,534,200",75.01
"Feb 5, 2014",74.79,74.79,73.23,73.66,"5,457,500",72.75
"Feb 4, 2014",76.13,76.13,74.58,74.83,"2,614,300",73.90
"Feb 3, 2014",76.78,77.28,74.99,75.45,"2,938,700",74.51
"Jan 31, 2014",74.97,79.00,74.86,76.89,"5,428,800",75.94
"Jan 30, 2014",78.00,79.82,77.67,79.37,"3,324,800",78.39
"Jan 29, 2014",79.30,79.60,77.59,77.80,"2,357,800",76.83
"Jan 28, 2014",78.43,80.29,78.33,79.87,"2,821,300",78.88
"Jan 27, 2014",78.61,78.61,77.41,77.82,"2,771,800",76.85
"Jan 24, 2014",79.57,80.40,78.02,78.29,"2,902,300",77.32
"Jan 23, 2014",82.27,82.29,80.00,80.59,"2,330,500",79.59
"Jan 22, 2014",82.33,83.32,82.03,82.89,"1,283,500",81.86
"Jan 21, 2014",83.04,83.28,81.78,82.28,"1,174,900",81.26
"Jan 17, 2014",83.19,83.47,82.20,82.28,"1,259,800",81.26
"Jan 16, 2014",83.45,84.18,83.01,83.35,"872,600",82.32
"Jan 15, 2014",83.93,83.95,82.82,83.49,"1,174,900",82.45
"Jan 14, 2014",83.03,84.07,82.81,83.95,"1,239,700",82.91
"Jan 13, 2014",83.52,84.18,82.83,82.90,"626,800",81.87
"Jan 10, 2014",84.63,84.85,83.28,83.83,"1,082,200",82.79
"Jan 9, 2014",84.27,85.00,83.90,84.23,"1,303,100",83.18
"Jan 8, 2014",83.90,84.44,83.65,84.26,"1,345,100",83.21
"Jan 7, 2014",83.04,84.27,83.04,84.00,"1,240,300",82.96
"Jan 6, 2014",83.62,83.89,82.91,83.00,"1,184,500",81.97
"Jan 3, 2014",83.12,84.10,82.42,83.44,"1,649,100",82.40
"Jan 2, 2014",82.78,84.48,82.21,83.17,"1,480,500",82.14
"Dec 31, 2013",83.36,84.29,82.33,83.76,"956,500",82.72
"Dec 30, 2013",83.27,83.27,82.65,83.10,"3,181,500",82.07
"Dec 27, 2013",83.71,83.71,82.55,82.95,"1,682,100",81.92
"Dec 26, 2013",83.52,83.85,82.82,83.35,"722,100",82.32
"Dec 24, 2013",83.30,83.95,83.24,83.33,"522,700",82.30
"Dec 23, 2013",83.58,83.59,82.71,83.12,"880,900",82.09
"Dec 20, 2013",83.41,83.55,82.51,82.89,"1,404,800",81.86
"Dec 19, 2013",83.62,83.78,82.37,83.35,"980,800",82.32
"Dec 18, 2013",83.07,83.95,82.06,83.92,"1,432,900",82.88
"Dec 17, 2013",82.94,83.63,82.35,82.99,"1,174,700",81.96
"Dec 16, 2013",83.69,83.69,82.16,82.94,"968,900",81.91
"Dec 13, 2013",84.00,84.55,83.00,83.16,"1,036,500",82.13
"Dec 12, 2013",84.26,84.90,83.32,83.95,"1,452,900",82.91
"Dec 11, 2013",85.29,85.62,84.84,85.00,"1,263,100",83.61
"Dec 10, 2013",85.39,85.55,84.67,85.00,"1,215,100",83.61
"Dec 9, 2013",85.72,86.20,85.22,85.49,"1,150,500",84.09
"Dec 6, 2013",85.58,85.93,85.26,85.58,"1,573,600",84.18
"Dec 5, 2013",85.20,85.72,84.90,85.08,"1,588,500",83.69
"Dec 4, 2013",84.78,85.81,84.59,85.26,"1,477,100",83.87
"Dec 3, 2013",84.52,85.30,84.31,85.24,"1,359,200",83.85
"Dec 2, 2013",84.69,84.97,84.03,84.56,"1,042,100",83.18
"Nov 29, 2013",84.79,85.09,84.32,84.51,"701,100",83.13
"Nov 27, 2013",84.90,85.12,84.25,84.79,"873,300",83.40
"Nov 26, 2013",83.97,85.03,83.65,84.73,"1,623,300",83.34
"Nov 25, 2013",84.12,84.40,83.61,83.93,"863,900",82.56
"Nov 22, 2013",83.51,84.25,83.34,84.09,"1,381,400",82.71
"Nov 21, 2013",83.10,83.72,82.25,83.70,"1,337,700",82.33
"Nov 20, 2013",82.72,83.70,82.58,83.07,"1,411,800",81.71
"Nov 19, 2013",82.87,83.97,82.04,83.00,"2,333,500",81.64
"Nov 18, 2013",85.24,85.24,82.50,82.69,"1,781,200",81.34
"Nov 15, 2013",84.47,86.63,83.32,84.85,"5,377,300",83.46
"Nov 14, 2013",80.78,81.00,80.40,80.88,"1,408,500",79.56
"Nov 13, 2013",79.28,80.82,78.94,80.78,"934,900",79.46
"Nov 12, 2013",80.02,80.41,79.35,80.05,"1,008,100",78.74
"Nov 11, 2013",80.74,80.95,79.48,79.97,"1,088,800",78.66
"Nov 8, 2013",80.03,80.52,79.06,80.48,"1,945,500",79.16
"Nov 7, 2013",82.46,82.46,79.79,79.93,"1,375,500",78.62
"Nov 6, 2013",82.52,82.52,81.66,82.01,"891,400",80.67
"Nov 5, 2013",81.39,82.46,80.94,82.07,"1,458,600",80.73
"Nov 4, 2013",82.18,82.66,81.20,81.56,"843,000",80.23
"Nov 1, 2013",81.86,82.42,81.39,81.95,"1,166,500",80.61
"Oct 31, 2013",81.97,82.19,81.45,81.66,"1,086,800",80.32
"Oct 30, 2013",83.13,83.24,81.63,82.19,"1,360,600",80.85
"Oct 29, 2013",82.72,82.94,81.33,82.80,"1,859,900",81.45
"Oct 28, 2013",80.94,81.94,80.73,80.98,"1,570,900",79.66
"Oct 25, 2013",80.26,81.39,79.73,81.09,"2,186,500",79.76
"Oct 24, 2013",83.20,84.00,77.61,80.32,"5,972,800",79.01
"Oct 23, 2013",81.13,82.46,80.94,82.36,"2,793,800",81.01
"Oct 22, 2013",80.42,81.94,80.42,81.34,"1,530,200",80.01
"Oct 21, 2013",80.12,81.28,79.31,80.41,"2,000,900",79.09
"Oct 18, 2013",79.82,79.96,78.58,78.81,"1,334,300",77.52
"Oct 17, 2013",78.83,79.61,78.60,79.34,"1,557,300",78.04
"Oct 16, 2013",77.51,79.17,77.51,78.93,"1,415,200",77.64
"Oct 15, 2013",75.41,77.78,75.07,77.16,"2,291,300",75.90
"Oct 14, 2013",76.02,76.02,74.82,75.42,"1,727,100",74.19
"Oct 11, 2013",76.17,76.75,76.07,76.73,"541,300",75.47
"Oct 10, 2013",75.17,76.72,75.04,76.48,"1,068,200",75.23
"Oct 9, 2013",75.09,75.72,74.11,74.68,"1,094,200",73.46
"Oct 8, 2013",75.00,75.48,74.68,75.09,"1,189,500",73.86
"Oct 7, 2013",74.90,75.64,74.61,75.09,"754,300",73.86
"Oct 4, 2013",73.87,75.29,73.81,75.12,"832,500",73.89
"Oct 3, 2013",74.28,74.99,73.82,74.04,"1,945,600",72.83
"Oct 2, 2013",74.06,74.27,73.69,74.25,"2,603,300",73.04
"Oct 1, 2013",74.45,74.45,73.95,74.15,"1,618,400",72.94
"Sep 30, 2013",75.03,75.22,73.95,74.26,"1,097,000",73.05
"Sep 27, 2013",75.67,75.85,74.73,75.24,"801,500",74.01
"Sep 26, 2013",75.83,76.55,75.18,75.95,"1,053,900",74.71
"Sep 25, 2013",75.98,76.14,75.15,75.61,"893,300",74.37
"Sep 24, 2013",76.87,76.95,75.85,76.17,"882,700",74.92
"Sep 23, 2013",77.70,77.83,76.43,76.95,"1,018,800",75.69
"Sep 20, 2013",77.68,77.90,77.30,77.47,"1,255,600",76.20
"Sep 19, 2013",78.55,78.68,77.40,77.75,"1,199,300",76.48
"Sep 18, 2013",77.82,78.50,76.94,78.48,"2,044,800",77.20
"Sep 17, 2013",76.65,78.33,76.65,77.86,"2,108,500",76.59
"Sep 16, 2013",76.12,77.68,75.71,76.11,"1,387,700",74.86
"Sep 13, 2013",75.00,75.74,74.74,75.64,"1,398,100",74.40
"Sep 12, 2013",74.84,74.94,74.70,74.75,"1,730,300",73.53
"Sep 11, 2013",75.01,75.28,74.53,74.90,"1,608,800",73.34
"Sep 10, 2013",75.55,75.74,73.98,74.86,"1,410,700",73.30
"Sep 9, 2013",74.97,75.90,74.97,75.23,"1,086,200",73.66
"Sep 6, 2013",75.13,75.40,73.79,74.76,"1,070,900",73.20
"Sep 5, 2013",75.17,75.33,74.74,74.92,"1,206,800",73.36
"Sep 4, 2013",75.21,75.41,73.97,75.09,"1,970,800",73.53
"Sep 3, 2013",74.91,75.50,74.21,75.28,"1,436,700",73.71
"Aug 30, 2013",75.44,75.98,74.71,75.03,"1,373,700",73.47
"Aug 29, 2013",74.14,74.82,73.70,74.46,"931,300",72.91
"Aug 28, 2013",74.52,74.61,73.89,74.10,"1,081,800",72.56
"Aug 27, 2013",75.08,75.20,74.26,74.66,"1,346,300",73.11
"Aug 26, 2013",76.99,77.00,75.75,75.92,"1,534,100",74.34
"Aug 23, 2013",76.83,77.28,76.46,76.95,"629,700",75.35
"Aug 22, 2013",76.13,76.86,76.06,76.36,"879,500",74.77
"Aug 21, 2013",76.20,76.85,76.10,76.19,"1,339,100",74.60
"Aug 20, 2013",76.40,76.80,75.99,76.35,"978,700",74.76
"Aug 19, 2013",75.85,76.75,75.80,76.53,"2,196,900",74.94
"Aug 16, 2013",76.45,76.54,75.77,76.11,"1,485,000",74.53
"Aug 15, 2013",76.02,76.38,75.24,76.35,"1,275,900",74.76
"Aug 14, 2013",77.36,77.45,76.58,76.75,"1,142,000",75.15
"Aug 13, 2013",77.90,77.99,77.01,77.21,"800,600",75.60
"Aug 12, 2013",77.26,77.99,76.85,77.56,"942,800",75.94
"Aug 9, 2013",77.73,79.00,77.19,77.84,"771,600",76.22
"Aug 8, 2013",79.01,79.29,77.84,78.08,"1,421,000",76.45
"Aug 7, 2013",78.77,80.38,78.08,79.05,"3,119,600",77.40
"Aug 6, 2013",77.56,77.91,76.39,77.27,"2,225,400",75.66
"Aug 5, 2013",76.69,78.76,76.38,78.05,"3,606,500",76.42
"Aug 2, 2013",75.12,76.53,73.70,76.00,"3,240,700",74.42
"Aug 1, 2013",73.23,73.72,72.50,72.84,"1,293,700",71.32
"Jul 31, 2013",73.13,73.57,72.23,72.84,"1,749,200",71.32
"Jul 30, 2013",73.04,73.85,72.80,73.04,"1,417,300",71.52
"Jul 29, 2013",73.00,73.35,72.47,72.89,"1,249,700",71.37
"Jul 26, 2013",74.01,74.01,71.74,73.68,"1,494,900",72.15
"Jul 25, 2013",76.33,78.29,74.30,74.45,"4,103,800",72.90
"Jul 24, 2013",71.57,71.74,70.54,70.67,"2,502,500",69.20
"Jul 23, 2013",72.36,72.50,70.84,71.61,"3,032,300",70.12
"Jul 22, 2013",73.35,73.69,72.37,72.73,"1,772,600",71.22
"Jul 19, 2013",71.87,73.48,71.87,73.30,"1,324,900",71.77
"Jul 18, 2013",72.39,72.69,71.95,72.02,"2,049,400",70.52
"Jul 17, 2013",74.00,74.00,71.90,72.22,"3,241,500",70.72
"Jul 16, 2013",73.76,73.76,72.62,73.63,"1,493,900",72.10
"Jul 15, 2013",74.59,74.59,73.25,73.88,"1,437,200",72.34
"Jul 12, 2013",73.74,74.34,73.16,74.27,"1,806,700",72.72
"Jul 11, 2013",73.46,75.00,72.84,74.13,"3,210,300",72.59
"Jul 10, 2013",70.41,73.44,69.74,72.95,"5,033,300",71.43
"Jul 9, 2013",70.05,70.36,68.71,70.25,"3,065,800",68.79
"Jul 8, 2013",69.21,70.39,69.21,69.96,"5,870,400",68.50
"Jul 5, 2013",68.94,69.53,68.28,69.33,"4,776,000",67.89
"Jul 3, 2013",72.30,72.77,66.80,68.85,"13,363,700",67.42
"Jul 2, 2013",78.00,78.00,74.59,74.90,"4,198,200",73.34
"Jul 1, 2013",79.62,80.98,78.99,79.43,"979,200",77.78
"Jun 28, 2013",78.70,79.70,78.18,79.23,"1,702,400",77.58
"Jun 27, 2013",79.24,79.74,78.75,78.76,"988,300",77.12
"Jun 26, 2013",77.86,79.04,77.86,78.71,"958,000",77.07
"Jun 25, 2013",77.25,77.81,76.75,77.30,"1,417,500",75.69
"Jun 24, 2013",77.52,77.76,76.22,76.94,"2,006,900",75.34
"Jun 21, 2013",78.56,79.48,77.54,78.25,"1,380,000",76.62
"Jun 20, 2013",79.89,80.01,77.64,78.11,"1,897,400",76.48
"Jun 19, 2013",83.09,83.39,80.79,80.83,"949,100",78.81
"Jun 18, 2013",82.78,83.68,82.78,83.24,"611,900",81.16
"Jun 17, 2013",81.77,83.67,81.66,83.01,"1,019,700",80.94
"Jun 14, 2013",82.18,82.68,81.03,81.35,"605,000",79.32
"Jun 13, 2013",81.10,82.34,80.58,82.23,"852,500",80.18
"Jun 12, 2013",82.01,82.64,81.24,81.29,"886,600",79.26
"Jun 11, 2013",81.76,82.14,80.74,81.64,"745,100",79.60
"Jun 10, 2013",82.81,82.89,81.13,82.08,"1,034,000",80.03
"Jun 7, 2013",80.33,82.85,80.33,82.63,"1,347,100",80.57
"Jun 6, 2013",80.05,80.11,78.88,79.78,"1,133,900",77.79
"Jun 5, 2013",81.48,81.54,79.75,79.92,"1,392,600",77.93
"Jun 4, 2013",82.59,83.06,81.17,81.75,"1,163,800",79.71
"Jun 3, 2013",81.05,82.69,80.48,82.62,"1,005,100",80.56
"May 31, 2013",82.75,83.00,81.06,81.07,"1,155,800",79.05
"May 30, 2013",84.87,84.87,83.05,83.12,"1,133,000",81.05
"May 29, 2013",85.93,85.93,84.25,85.02,"1,624,600",82.90
"May 28, 2013",84.90,86.87,84.82,86.19,"2,256,500",84.04
"May 24, 2013",83.87,84.75,83.11,84.44,"1,385,700",82.33
"May 23, 2013",85.36,85.49,82.55,84.37,"3,463,300",82.27
"May 22, 2013",81.06,86.00,81.00,85.90,"4,246,900",83.76
"May 21, 2013",79.64,80.90,79.54,80.85,"1,352,400",78.83
"May 20, 2013",80.47,80.59,79.35,79.50,"1,453,800",77.52
"May 17, 2013",80.51,80.81,79.93,80.47,"886,600",78.46
"May 16, 2013",81.05,81.25,80.33,80.52,"1,311,100",78.51
"May 15, 2013",80.63,81.36,79.70,81.28,"1,284,800",79.25
"May 14, 2013",79.22,80.89,79.22,80.66,"1,433,700",78.65
"May 13, 2013",79.08,80.04,79.08,79.35,"1,110,000",77.37
"May 10, 2013",78.78,78.99,78.07,78.97,"1,092,600",77.00
"May 9, 2013",79.61,80.16,78.70,78.92,"1,033,000",76.95
"May 8, 2013",80.20,80.49,79.54,79.83,"951,300",77.84
"May 7, 2013",80.25,80.51,79.88,80.18,"850,200",78.18
"May 6, 2013",80.48,80.85,79.91,80.21,"1,021,800",78.21
"May 3, 2013",80.24,81.35,80.13,80.72,"1,343,600",78.71
"May 2, 2013",80.84,80.98,79.35,79.80,"1,408,900",77.81
"May 1, 2013",81.25,81.80,80.52,80.78,"749,700",78.77
"Apr 30, 2013",79.48,82.41,79.48,81.09,"1,876,400",79.07
"Apr 29, 2013",80.41,81.29,79.17,79.55,"1,277,000",77.57
"Apr 26, 2013",79.45,80.24,79.01,79.97,"958,900",77.98
"Apr 25, 2013",77.75,80.25,77.19,79.75,"2,855,000",77.76
"Apr 24, 2013",81.14,81.72,79.64,80.99,"1,957,500",78.97
"Apr 23, 2013",81.10,82.21,79.87,80.86,"2,663,500",78.84
"Apr 22, 2013",81.00,81.96,80.94,81.72,"1,113,600",79.68
"Apr 19, 2013",80.66,81.25,80.21,81.13,"1,486,000",79.11
"Apr 18, 2013",80.17,81.42,80.17,80.66,"1,887,700",78.65
"Apr 17, 2013",80.33,81.08,79.99,80.20,"2,745,300",78.20
"Apr 16, 2013",78.90,81.66,78.55,80.76,"3,681,300",78.75
"Apr 15, 2013",77.29,78.14,76.85,77.77,"1,656,400",75.83
"Apr 12, 2013",77.26,77.95,76.89,77.51,"727,900",75.58
"Apr 11, 2013",77.17,78.35,77.02,77.57,"778,800",75.64
"Apr 10, 2013",75.83,77.17,75.79,77.07,"761,800",75.15
"Apr 9, 2013",76.50,76.59,75.50,75.73,"1,013,100",73.84
"Apr 8, 2013",75.62,76.64,75.62,76.64,"659,900",74.73
"Apr 5, 2013",74.83,75.88,74.44,75.76,"885,400",73.87
"Apr 4, 2013",75.99,76.51,75.36,75.50,"1,442,300",73.62
"Apr 3, 2013",76.98,76.98,75.41,75.80,"2,291,900",73.91
"Apr 2, 2013",77.08,78.02,76.66,76.80,"1,466,500",74.88
"Apr 1, 2013",77.26,77.70,76.78,76.94,"884,300",75.02
"Mar 28, 2013",77.20,77.60,76.78,77.45,"893,300",75.52
"Mar 27, 2013",76.62,77.40,76.51,77.13,"920,000",75.21
"Mar 26, 2013",77.14,77.29,76.48,76.90,"1,388,100",74.98
"Mar 25, 2013",76.24,77.25,76.11,77.00,"1,884,600",75.08
"Mar 22, 2013",75.57,76.44,75.33,75.81,"1,412,500",73.92
"Mar 21, 2013",74.56,76.43,74.26,75.72,"2,207,400",73.83
"Mar 20, 2013",73.84,74.61,73.63,74.52,"1,363,100",72.66
"Mar 19, 2013",74.44,74.57,73.14,73.49,"1,680,700",71.66
"Mar 18, 2013",72.93,74.75,72.68,74.30,"2,186,200",72.45
"Mar 15, 2013",72.61,74.04,72.50,73.35,"2,950,100",71.52
"Mar 14, 2013",70.74,73.18,70.58,72.70,"4,269,500",70.89
"Mar 13, 2013",71.70,71.70,70.01,70.50,"3,278,100",68.74
"Mar 12, 2013",72.75,72.86,71.47,71.70,"1,836,900",69.91
"Mar 11, 2013",74.25,74.57,72.59,72.72,"1,843,100",70.91
"Mar 8, 2013",75.03,75.34,74.79,74.93,"1,135,400",72.73
"Mar 7, 2013",75.64,75.90,74.35,74.73,"879,000",72.54
"Mar 6, 2013",75.79,75.89,75.31,75.59,"865,900",73.37
"Mar 5, 2013",75.53,75.76,75.05,75.45,"1,028,200",73.23
"Mar 4, 2013",75.01,75.47,74.67,75.21,"1,751,000",73.00
"Mar 1, 2013",74.74,75.44,74.24,75.27,"1,857,900",73.06
"Feb 28, 2013",75.04,75.64,74.57,74.91,"1,938,400",72.71
"Feb 27, 2013",74.62,74.98,74.24,74.65,"1,875,400",72.46
"Feb 26, 2013",75.64,75.99,74.27,74.42,"2,927,300",72.23
"Feb 25, 2013",76.84,77.68,75.28,75.32,"4,590,600",73.11
"Feb 22, 2013",78.42,79.09,78.15,78.96,"1,361,500",76.64
"Feb 21, 2013",78.83,79.27,77.79,78.07,"2,261,300",75.78
"Feb 20, 2013",80.49,81.04,79.04,79.05,"1,779,900",76.73
"Feb 19, 2013",79.18,80.43,78.79,80.40,"2,283,200",78.04
"Feb 15, 2013",78.79,79.12,78.05,78.95,"1,776,600",76.63
"Feb 14, 2013",77.80,78.63,77.80,78.40,"1,506,000",76.10
"Feb 13, 2013",77.86,78.17,77.38,77.84,"1,463,800",75.55
"Feb 12, 2013",77.26,77.73,76.56,77.65,"909,900",75.37
"Feb 11, 2013",77.34,77.66,76.92,77.33,"947,300",75.06
"Feb 8, 2013",76.85,77.81,76.57,77.51,"1,095,800",75.23
"Feb 7, 2013",77.35,77.96,76.08,76.85,"1,054,700",74.59
"Feb 6, 2013",75.77,77.21,74.94,77.20,"1,646,900",74.93
"Feb 5, 2013",75.33,77.19,75.33,76.16,"1,637,500",73.92
"Feb 4, 2013",75.12,75.66,74.32,75.06,"2,643,500",72.86
"Feb 1, 2013",75.39,76.11,74.32,75.05,"3,302,600",72.85
"Jan 31, 2013",74.01,77.22,73.58,76.00,"7,468,100",73.77
"Jan 30, 2013",68.56,68.79,68.09,68.15,"2,163,500",66.15
"Jan 29, 2013",68.50,69.05,68.30,68.71,"1,293,100",66.69
"Jan 28, 2013",70.17,70.38,68.41,68.53,"1,333,200",66.52
"Jan 25, 2013",69.63,70.49,69.45,70.03,"1,573,700",67.97
"Jan 24, 2013",68.36,69.68,68.36,69.54,"1,567,900",67.50
"Jan 23, 2013",67.78,68.65,67.78,68.50,"1,643,600",66.49
"Jan 22, 2013",66.77,67.86,65.38,67.78,"1,908,400",65.79
"Jan 18, 2013",66.69,67.30,66.61,66.80,"1,772,200",64.84
"Jan 17, 2013",66.34,66.96,65.55,66.52,"2,528,000",64.57
"Jan 16, 2013",68.38,68.38,65.78,66.96,"2,401,200",64.99
"Jan 15, 2013",69.44,69.58,69.09,69.24,"1,201,600",67.21
"Jan 14, 2013",69.32,69.81,68.73,69.49,"1,365,700",67.45
"Jan 11, 2013",68.32,69.40,67.70,69.16,"3,345,400",67.13
"Jan 10, 2013",68.57,69.10,68.00,68.19,"1,775,100",66.19
"Jan 9, 2013",69.24,69.35,68.02,68.24,"1,121,800",66.24
"Jan 8, 2013",69.82,70.06,68.87,69.11,"1,107,900",67.08
"Jan 7, 2013",69.97,69.97,69.29,69.74,"1,728,700",67.69
"Jan 4, 2013",70.15,70.37,69.67,69.99,"2,060,300",67.93
"Jan 3, 2013",68.70,70.30,68.09,69.95,"2,824,500",67.90
"Jan 2, 2013",66.78,68.83,66.76,68.81,"1,953,100",66.79
"Dec 31, 2012",65.00,65.92,64.50,65.89,"818,600",63.96
"Dec 28, 2012",65.36,66.07,65.04,65.11,"691,400",63.20
"Dec 27, 2012",65.79,65.81,65.09,65.57,"970,800",63.64
"Dec 26, 2012",66.06,66.43,65.57,65.66,"909,300",63.73
"Dec 24, 2012",65.56,66.85,65.47,66.13,"366,000",64.19
"Dec 21, 2012",65.85,66.51,65.29,65.73,"1,734,700",63.80
"Dec 20, 2012",65.99,66.27,65.57,66.27,"1,383,900",64.32
"Dec 19, 2012",66.45,66.68,65.79,65.83,"1,739,900",63.90
"Dec 18, 2012",66.14,66.48,65.98,66.20,"2,297,800",64.26
"Dec 17, 2012",65.61,66.06,65.43,66.00,"1,653,200",64.06
"Dec 14, 2012",65.38,66.61,65.38,65.86,"3,427,900",63.93
"Dec 13, 2012",65.74,66.16,65.55,65.63,"1,305,800",63.70
"Dec 12, 2012",66.63,66.68,65.86,66.04,"1,472,900",63.81
"Dec 11, 2012",66.74,66.77,66.38,66.54,"1,484,200",64.29
"Dec 10, 2012",66.73,66.92,66.22,66.47,"1,678,800",64.22
"Dec 7, 2012",67.10,67.10,66.65,66.82,"1,440,200",64.56
"Dec 6, 2012",67.61,67.62,66.60,66.83,"1,171,500",64.57
"Dec 5, 2012",68.09,68.23,67.55,67.57,"1,152,500",65.29
"Dec 4, 2012",68.07,68.33,67.59,67.61,"2,131,000",65.33
"Dec 3, 2012",68.41,68.55,67.92,68.05,"2,274,100",65.75
"Nov 30, 2012",68.21,68.61,67.78,68.19,"2,110,400",65.89
"Nov 29, 2012",68.39,69.00,68.05,68.37,"1,947,700",66.06
"Nov 28, 2012",67.28,68.39,66.97,68.34,"1,427,100",66.03
"Nov 27, 2012",66.98,67.51,66.98,67.21,"2,117,600",64.94
"Nov 26, 2012",66.86,67.36,66.85,67.33,"1,646,900",65.06
"Nov 23, 2012",66.56,67.49,66.48,67.40,"620,500",65.12
"Nov 21, 2012",66.29,66.77,65.80,66.12,"1,743,900",63.89
"Nov 20, 2012",66.88,67.36,65.52,66.12,"1,967,800",63.89
"Nov 19, 2012",66.40,67.53,66.40,66.82,"1,450,800",64.56
"Nov 16, 2012",66.55,66.81,65.36,65.97,"2,378,000",63.74
"Nov 15, 2012",66.86,67.32,66.11,66.67,"2,383,700",64.42
"Nov 14, 2012",67.70,67.75,66.53,66.64,"2,018,500",64.39
"Nov 13, 2012",65.52,68.04,65.41,67.70,"3,377,600",65.41
"Nov 12, 2012",65.80,66.04,65.57,65.85,"1,013,400",63.63
"Nov 9, 2012",65.59,66.04,65.30,65.70,"1,271,600",63.48
"Nov 8, 2012",66.16,66.37,65.51,65.51,"1,950,000",63.30
"Nov 7, 2012",66.06,66.57,65.34,66.24,"2,248,300",64.00
"Nov 6, 2012",65.72,66.52,65.36,66.27,"2,252,700",64.03
"Nov 5, 2012",65.05,65.83,65.03,65.62,"3,115,200",63.40
"Nov 2, 2012",63.81,66.56,63.81,64.97,"4,497,600",62.78
"Nov 1, 2012",62.02,64.36,61.99,63.72,"6,662,800",61.57
"Oct 31, 2012",62.54,63.17,61.27,61.66,"4,668,400",59.58
"Oct 26, 2012",63.69,63.85,61.73,62.00,"5,859,300",59.91
"Oct 25, 2012",65.58,65.98,62.51,63.53,"11,838,400",61.38
"Oct 24, 2012",70.15,70.45,69.17,69.51,"1,639,900",67.16
"Oct 23, 2012",69.35,70.10,69.15,69.99,"1,396,700",67.63
"Oct 22, 2012",70.02,70.10,68.87,69.77,"1,701,100",67.41
"Oct 19, 2012",71.42,71.42,69.83,70.22,"1,909,000",67.85
"Oct 18, 2012",71.69,72.00,71.34,71.44,"1,193,800",69.03
"Oct 17, 2012",71.52,72.33,71.29,71.77,"1,541,300",69.35
"Oct 16, 2012",70.99,71.65,70.82,71.37,"2,070,700",68.96
"Oct 15, 2012",70.63,71.09,70.35,70.77,"1,241,200",68.38
"Oct 12, 2012",71.19,71.19,70.08,70.61,"1,031,900",68.23
"Oct 11, 2012",71.45,71.63,70.88,71.01,"1,655,000",68.61
"Oct 10, 2012",71.52,72.10,70.97,71.07,"1,142,300",68.67
"Oct 9, 2012",72.31,72.34,71.63,71.70,"1,156,000",69.28
"Oct 8, 2012",72.56,72.77,71.60,72.16,"1,148,900",69.72
"Oct 5, 2012",73.01,73.08,72.19,72.60,"1,790,000",70.15
"Oct 4, 2012",72.88,73.36,72.45,72.65,"991,200",70.20
"Oct 3, 2012",72.85,73.30,72.45,72.61,"1,748,200",70.16
"Oct 2, 2012",73.25,73.99,72.12,72.45,"1,627,700",70.00
"Oct 1, 2012",73.26,74.25,72.70,72.96,"2,231,300",70.50
"Sep 28, 2012",74.06,74.06,72.84,73.28,"1,778,600",70.80
"Sep 27, 2012",73.57,74.79,73.37,74.36,"938,700",71.85
"Sep 26, 2012",73.83,74.27,73.31,73.37,"1,669,600",70.89
"Sep 25, 2012",75.13,76.23,73.47,73.64,"3,195,300",71.15
"Sep 24, 2012",76.77,76.86,74.71,74.77,"2,025,800",72.24
"Sep 21, 2012",76.93,78.15,76.32,77.57,"2,626,800",74.95
"Sep 20, 2012",77.11,77.22,76.04,76.53,"1,392,800",73.95
"Sep 19, 2012",76.00,77.44,75.95,77.05,"1,383,400",74.45
"Sep 18, 2012",74.11,76.19,74.11,75.72,"2,361,100",73.16
"Sep 17, 2012",75.08,75.61,73.80,74.02,"1,449,000",71.52
"Sep 14, 2012",75.51,76.11,74.40,75.16,"1,336,900",72.62
"Sep 13, 2012",74.69,75.73,74.43,75.54,"1,257,900",72.99
"Sep 12, 2012",74.76,75.17,74.50,74.56,"1,081,000",71.75
"Sep 11, 2012",75.86,75.86,74.51,74.71,"1,824,500",71.90
"Sep 10, 2012",76.01,76.54,75.69,75.78,"1,157,500",72.93
"Sep 7, 2012",75.72,76.85,75.57,75.98,"1,982,100",73.12
"Sep 6, 2012",76.06,76.18,74.84,75.70,"3,050,200",72.85
"Sep 5, 2012",73.59,76.72,73.57,75.95,"3,614,000",73.09
"Sep 4, 2012",73.50,74.00,72.42,73.59,"1,281,700",70.82
"Aug 31, 2012",72.53,73.42,72.19,73.33,"1,223,800",70.57
"Aug 30, 2012",72.14,72.46,71.66,72.31,"790,400",69.59
"Aug 29, 2012",73.51,73.52,72.31,72.44,"936,200",69.71
"Aug 28, 2012",72.72,73.69,72.42,73.33,"1,303,700",70.57
"Aug 27, 2012",72.97,73.23,72.19,72.93,"994,500",70.18
"Aug 24, 2012",71.84,72.99,71.80,72.81,"1,102,600",70.07
"Aug 23, 2012",71.45,72.35,70.98,72.16,"1,530,600",69.44
"Aug 22, 2012",70.79,71.85,69.76,71.71,"2,555,100",69.01
"Aug 21, 2012",72.39,72.49,70.59,70.93,"1,943,100",68.26
"Aug 20, 2012",72.81,73.01,71.80,72.35,"1,352,500",69.63
"Aug 17, 2012",73.31,73.31,72.49,72.93,"1,644,100",70.18
"Aug 16, 2012",73.13,73.16,72.15,73.08,"1,987,400",70.33
"Aug 15, 2012",72.83,73.03,72.36,72.92,"1,627,300",70.17
"Aug 14, 2012",73.24,73.35,72.51,73.00,"1,048,800",70.25
"Aug 13, 2012",73.12,73.44,72.68,72.96,"1,565,800",70.21
"Aug 10, 2012",73.22,73.46,72.44,73.00,"1,368,600",70.25
"Aug 9, 2012",73.20,74.32,73.02,73.21,"1,065,300",70.45
"Aug 8, 2012",73.96,74.13,72.85,73.22,"1,885,300",70.46
"Aug 7, 2012",73.02,73.34,72.51,73.02,"2,067,400",70.27
"Aug 6, 2012",73.74,74.03,72.66,72.69,"1,429,800",69.95
"Aug 3, 2012",73.18,74.79,73.01,73.84,"1,208,500",71.06
"Aug 2, 2012",71.92,72.50,71.48,72.08,"1,201,300",69.37
"Aug 1, 2012",73.26,73.50,72.17,72.31,"1,523,800",69.59
"Jul 31, 2012",72.36,73.15,71.96,72.96,"2,146,600",70.21
"Jul 30, 2012",72.18,72.86,71.60,72.60,"1,778,400",69.87
"Jul 27, 2012",71.83,74.24,70.92,72.02,"3,381,700",69.31
"Jul 26, 2012",72.66,74.83,68.09,70.69,"6,224,200",68.03
"Jul 25, 2012",73.18,73.59,72.32,72.98,"1,942,400",70.23
"Jul 24, 2012",73.21,73.62,72.64,73.11,"1,943,900",70.36
"Jul 23, 2012",73.34,73.47,72.23,72.94,"1,184,600",70.19
"Jul 20, 2012",74.30,74.69,73.04,74.08,"2,157,400",71.29
"Jul 19, 2012",73.01,75.13,72.37,74.93,"3,553,900",72.11
"Jul 18, 2012",73.58,74.61,71.89,73.01,"3,049,600",70.26
"Jul 17, 2012",73.15,74.13,73.01,73.59,"2,606,300",70.82
"Jul 16, 2012",75.47,75.47,71.46,73.00,"7,270,000",70.25
"Jul 13, 2012",77.53,77.70,76.96,77.02,"1,996,600",74.12
"Jul 12, 2012",77.69,79.73,76.69,77.54,"2,274,500",74.62
"Jul 11, 2012",79.85,80.73,76.45,78.28,"7,861,000",75.33
"Jul 10, 2012",79.43,79.65,72.40,75.29,"10,316,600",72.45
"Jul 9, 2012",79.99,80.11,78.45,78.70,"1,258,400",75.74
"Jul 6, 2012",80.34,81.00,79.79,80.02,"1,326,300",77.01
"Jul 5, 2012",81.75,81.86,80.02,80.40,"1,596,000",77.37
"Jul 3, 2012",80.96,82.30,80.80,81.73,"1,587,400",78.65
"Jul 2, 2012",80.30,81.00,78.83,80.83,"3,033,000",77.79
"Jun 29, 2012",84.74,84.74,79.08,80.51,"7,185,800",77.48
"Jun 28, 2012",86.13,86.32,84.61,85.65,"1,349,700",82.42
"Jun 27, 2012",86.73,87.36,86.26,86.61,"1,604,400",83.35
"Jun 26, 2012",87.11,87.52,86.32,86.40,"1,603,900",83.15
"Jun 25, 2012",87.68,87.68,85.96,87.00,"1,671,600",83.72
"Jun 22, 2012",86.07,88.72,85.94,88.64,"5,243,000",85.30
"Jun 21, 2012",85.42,86.86,85.38,85.87,"1,461,200",82.64
"Jun 20, 2012",86.20,86.50,84.75,85.66,"1,807,000",82.15
"Jun 19, 2012",87.10,87.82,86.04,86.34,"1,473,000",82.80
"Jun 18, 2012",84.58,87.13,84.58,86.77,"1,954,800",83.21
"Jun 15, 2012",85.67,86.10,84.68,85.32,"1,772,000",81.82
"Jun 14, 2012",82.56,86.21,82.50,85.72,"1,995,000",82.20
"Jun 13, 2012",81.77,83.26,81.32,82.17,"1,067,000",78.80
"Jun 12, 2012",81.25,81.97,80.99,81.58,"975,300",78.23
"Jun 11, 2012",81.82,82.12,81.03,81.13,"754,700",77.80
"Jun 8, 2012",80.63,81.45,80.02,81.45,"1,363,400",78.11
"Jun 7, 2012",81.88,82.16,80.95,81.12,"1,071,000",77.79
"Jun 6, 2012",80.00,81.45,79.79,81.44,"1,109,400",78.10
"Jun 5, 2012",79.57,79.72,78.99,79.40,"1,143,900",76.14
"Jun 4, 2012",78.24,79.13,77.75,79.02,"1,560,800",75.78
"Jun 1, 2012",80.25,80.25,77.72,78.15,"2,597,400",74.94
"May 31, 2012",81.53,82.45,80.54,80.74,"1,343,600",77.43
"May 30, 2012",83.01,83.54,81.63,81.65,"1,287,200",78.30
"May 29, 2012",83.29,83.65,82.92,83.46,"1,060,000",80.04
"May 25, 2012",82.19,83.28,82.10,83.02,"1,244,300",79.61
"May 24, 2012",81.40,82.24,81.33,82.19,"1,060,800",78.82
"May 23, 2012",81.41,81.72,80.43,81.29,"1,339,700",77.95
"May 22, 2012",82.89,82.89,81.67,82.12,"962,900",78.75
"May 21, 2012",80.93,82.17,80.56,82.13,"912,600",78.76
"May 18, 2012",83.01,83.16,80.83,81.00,"1,410,600",77.68
"May 17, 2012",84.38,84.56,82.51,82.53,"1,040,300",79.14
"May 16, 2012",83.44,84.75,83.38,84.26,"1,274,400",80.80
"May 15, 2012",82.63,84.21,82.29,83.26,"1,634,700",79.84
"May 14, 2012",82.82,83.08,82.14,82.62,"1,454,200",79.23
"May 11, 2012",82.95,84.09,82.73,83.22,"1,336,400",79.81
"May 10, 2012",83.16,83.64,82.76,83.00,"1,317,300",79.59
"May 9, 2012",82.67,83.32,82.55,82.77,"2,122,400",79.37
"May 8, 2012",83.69,84.04,83.14,83.41,"1,714,000",79.99
"May 7, 2012",84.44,84.92,83.92,84.01,"947,000",80.56
"May 4, 2012",84.76,85.40,84.33,84.36,"822,600",80.90
"May 3, 2012",85.64,85.89,84.64,84.81,"944,000",81.33
"May 2, 2012",84.44,85.72,84.44,85.55,"1,546,000",82.04
"May 1, 2012",85.51,86.19,84.55,84.57,"1,725,500",81.10
"Apr 30, 2012",85.46,85.73,84.82,85.56,"1,431,600",82.05
"Apr 27, 2012",86.65,87.08,85.66,85.97,"1,592,600",82.44
"Apr 26, 2012",82.90,87.27,82.90,86.53,"2,068,400",82.98
"Apr 25, 2012",81.53,83.67,81.18,83.07,"2,606,900",79.66
"Apr 24, 2012",81.24,81.91,80.63,80.90,"1,715,900",77.58
"Apr 23, 2012",83.36,83.36,80.95,81.16,"2,272,400",77.83
"Apr 20, 2012",83.02,84.69,83.02,84.05,"1,382,000",80.60
"Apr 19, 2012",82.06,83.21,81.79,82.95,"1,550,600",79.55
"Apr 18, 2012",82.14,82.95,80.58,81.66,"4,779,500",78.31
"Apr 17, 2012",84.38,84.59,83.53,83.61,"1,879,700",80.18
"Apr 16, 2012",83.51,84.92,83.44,84.04,"1,154,800",80.59
"Apr 13, 2012",82.70,83.41,82.49,83.10,"1,047,700",79.69
"Apr 12, 2012",82.83,82.95,82.50,82.66,"748,700",79.27
"Apr 11, 2012",82.62,83.22,82.43,82.71,"1,025,600",79.32
"Apr 10, 2012",83.36,83.75,82.17,82.17,"1,036,900",78.80
"Apr 9, 2012",83.00,83.54,82.76,83.34,"847,700",79.92
"Apr 5, 2012",83.28,83.95,83.11,83.73,"588,700",80.29
"Apr 4, 2012",83.40,83.80,83.25,83.45,"811,200",80.03
"Apr 3, 2012",84.33,84.39,83.06,83.48,"853,200",80.05
"Apr 2, 2012",82.61,84.66,82.50,84.19,"1,108,300",80.74
"Mar 30, 2012",83.60,83.95,82.43,82.48,"1,123,300",79.10
"Mar 29, 2012",82.59,83.33,82.35,83.20,"870,100",79.79
"Mar 28, 2012",82.28,83.03,81.97,82.95,"774,800",79.55
"Mar 27, 2012",82.39,83.08,82.37,82.43,"864,600",79.05
"Mar 26, 2012",82.24,82.97,81.46,82.21,"1,082,100",78.84
"Mar 23, 2012",82.43,82.74,81.46,81.92,"643,800",78.56
"Mar 22, 2012",81.35,82.68,81.09,82.64,"1,002,500",79.25
"Mar 21, 2012",80.10,82.08,80.09,81.65,"1,113,700",78.30
"Mar 20, 2012",80.11,80.72,79.79,80.10,"932,700",76.81
"Mar 19, 2012",79.66,80.94,79.44,80.64,"696,200",77.33
"Mar 16, 2012",79.93,80.09,79.59,79.76,"1,247,500",76.49
"Mar 15, 2012",80.26,80.50,79.20,79.66,"747,700",76.39
"Mar 14, 2012",80.18,80.74,80.08,80.29,"794,400",77.00
"Mar 13, 2012",80.25,80.51,79.82,80.37,"846,300",76.78
"Mar 12, 2012",79.11,80.03,79.00,79.99,"950,600",76.42
"Mar 9, 2012",79.50,79.62,78.95,79.42,"870,800",75.88
"Mar 8, 2012",79.61,80.33,79.04,79.32,"1,338,800",75.78
"Mar 7, 2012",78.65,79.30,78.00,79.07,"918,500",75.54
"Mar 6, 2012",78.27,79.21,78.09,78.46,"1,116,200",74.96
"Mar 5, 2012",77.92,79.10,77.78,78.96,"1,150,700",75.44
"Mar 2, 2012",78.08,78.68,77.74,78.26,"740,600",74.77
"Mar 1, 2012",77.75,78.50,77.45,78.05,"920,600",74.57
"Feb 29, 2012",77.69,78.30,77.45,77.75,"1,123,300",74.28
"Feb 28, 2012",78.40,78.75,77.34,77.53,"851,100",74.07
"Feb 27, 2012",76.75,78.30,76.75,78.00,"984,500",74.52
"Feb 24, 2012",77.40,78.35,76.51,78.02,"841,300",74.54
"Feb 23, 2012",77.50,77.91,76.97,77.36,"1,038,100",73.91
"Feb 22, 2012",76.74,78.15,76.54,77.71,"1,606,300",74.24
"Feb 21, 2012",76.00,76.71,75.54,76.71,"1,126,500",73.29
"Feb 17, 2012",76.68,76.68,75.32,75.51,"1,081,500",72.14
"Feb 16, 2012",75.30,76.42,75.30,76.31,"1,561,900",72.91
"Feb 15, 2012",76.00,76.14,75.02,75.15,"1,071,800",71.80
"Feb 14, 2012",75.67,76.00,75.35,75.94,"1,068,100",72.55
"Feb 13, 2012",74.72,75.57,74.60,75.17,"883,400",71.82
"Feb 10, 2012",74.85,75.22,74.14,74.19,"1,552,800",70.88
"Feb 9, 2012",74.40,75.81,74.20,75.45,"1,515,100",72.08
"Feb 8, 2012",74.78,74.92,74.21,74.30,"897,800",70.99
"Feb 7, 2012",75.61,75.79,74.71,74.87,"795,700",71.53
"Feb 6, 2012",74.80,75.77,74.15,75.74,"1,763,400",72.36
"Feb 3, 2012",74.82,75.99,74.82,75.23,"1,995,000",71.87
"Feb 2, 2012",73.55,74.63,73.55,74.39,"1,916,600",71.07
"Feb 1, 2012",74.27,74.40,73.29,73.34,"2,054,500",70.07
"Jan 31, 2012",73.95,75.20,73.10,74.09,"1,931,000",70.78
"Jan 30, 2012",73.44,74.38,73.14,73.86,"1,521,700",70.56
"Jan 27, 2012",73.56,74.82,72.00,74.03,"2,088,900",70.73
"Jan 26, 2012",74.20,77.40,72.97,74.01,"3,329,200",70.71
"Jan 25, 2012",70.54,72.87,70.48,72.60,"2,474,300",69.36
"Jan 24, 2012",71.65,71.89,70.61,70.75,"2,401,900",67.59
"Jan 23, 2012",73.61,73.67,71.84,72.52,"1,394,500",69.28
"Jan 20, 2012",73.60,73.87,71.05,73.79,"1,588,300",70.50
"Jan 19, 2012",73.20,73.78,72.68,73.59,"1,351,700",70.31
"Jan 18, 2012",72.92,73.36,72.38,73.16,"1,070,200",69.90
"Jan 17, 2012",72.60,73.31,72.23,73.18,"1,452,100",69.92
"Jan 13, 2012",72.08,72.37,70.95,71.75,"856,400",68.55
"Jan 12, 2012",73.05,73.48,72.19,72.48,"1,735,100",69.25
"Jan 11, 2012",71.86,72.74,71.39,72.61,"1,710,800",69.37
"Jan 10, 2012",71.71,71.90,70.89,71.83,"1,714,500",68.63
"Jan 9, 2012",71.19,71.75,70.81,71.37,"1,317,500",68.19
"Jan 6, 2012",71.53,71.80,71.03,71.15,"995,400",67.98
"Jan 5, 2012",70.85,72.09,70.64,71.70,"1,665,600",68.50
"Jan 4, 2012",70.75,71.58,70.38,71.13,"2,139,000",67.96
"Jan 3, 2012",72.00,73.31,71.18,71.35,"6,468,100",68.17
"Dec 30, 2011",68.70,68.99,67.88,68.73,"1,235,500",65.66
"Dec 29, 2011",67.75,68.84,66.55,68.64,"3,047,100",65.58
"Dec 28, 2011",68.97,69.96,67.52,67.98,"3,897,000",64.95
"Dec 27, 2011",68.28,69.94,68.01,69.08,"7,781,300",66.00
"Dec 23, 2011",66.03,67.60,63.74,65.29,"13,187,100",62.38
"Dec 22, 2011",74.79,74.91,60.62,68.76,"30,643,100",65.69
"Dec 21, 2011",74.25,76.53,74.25,76.48,"1,090,400",73.07
"Dec 20, 2011",73.83,74.53,73.61,74.39,"1,216,600",71.07
"Dec 19, 2011",73.09,73.64,72.83,73.12,"1,027,500",69.86
"Dec 16, 2011",73.13,73.62,72.68,72.92,"1,473,400",69.67
"Dec 15, 2011",72.68,72.86,72.29,72.67,"1,053,800",69.43
"Dec 14, 2011",73.77,74.12,71.85,72.58,"1,200,700",69.09
"Dec 13, 2011",74.63,74.92,73.47,73.89,"1,150,400",70.34
"Dec 12, 2011",74.56,74.61,73.68,74.47,"814,500",70.89
"Dec 9, 2011",74.51,75.29,74.47,75.12,"735,800",71.51
"Dec 8, 2011",75.07,75.62,74.01,74.16,"967,300",70.60
"Dec 7, 2011",75.03,75.51,74.31,75.27,"841,500",71.65
"Dec 6, 2011",75.59,75.72,74.88,75.14,"1,007,800",71.53
"Dec 5, 2011",75.60,76.04,75.03,75.64,"1,167,100",72.01
"Dec 2, 2011",75.66,75.98,74.53,74.91,"1,228,400",71.31
"Dec 1, 2011",75.00,75.57,74.61,75.33,"1,215,600",71.71
"Nov 30, 2011",75.00,75.44,74.14,75.36,"1,658,100",71.74
"Nov 29, 2011",72.92,74.00,72.81,73.48,"1,017,800",69.95
"Nov 28, 2011",71.94,72.76,71.58,72.63,"1,021,700",69.14
"Nov 25, 2011",70.68,71.51,70.59,70.99,"397,400",67.58
"Nov 23, 2011",71.34,71.67,70.35,71.03,"1,250,400",67.62
"Nov 22, 2011",70.15,72.11,70.00,71.84,"1,443,900",68.39
"Nov 21, 2011",69.82,70.44,69.05,70.01,"1,294,100",66.65
"Nov 18, 2011",70.66,70.92,70.31,70.64,"1,642,600",67.25
"Nov 17, 2011",70.75,71.02,69.59,70.16,"1,068,500",66.79
"Nov 16, 2011",71.60,72.06,70.89,70.99,"1,001,500",67.58
"Nov 15, 2011",71.30,72.40,71.09,72.14,"655,400",68.67
"Nov 14, 2011",71.65,71.85,70.85,71.75,"848,100",68.30
"Nov 11, 2011",70.57,72.09,70.27,71.90,"1,345,700",68.45
"Nov 10, 2011",69.72,70.28,68.96,70.15,"1,142,900",66.78
"Nov 9, 2011",71.25,71.29,69.03,69.23,"2,307,200",65.90
"Nov 8, 2011",71.73,72.54,71.39,72.34,"1,044,900",68.87
"Nov 7, 2011",71.21,71.76,70.71,71.63,"666,600",68.19
"Nov 4, 2011",70.83,71.53,70.41,71.26,"837,400",67.84
"Nov 3, 2011",70.98,71.51,70.47,71.39,"1,302,400",67.96
"Nov 2, 2011",70.90,71.41,70.25,70.64,"1,154,400",67.25
"Nov 1, 2011",70.17,71.27,69.92,70.21,"1,415,100",66.84
"Oct 31, 2011",72.35,72.98,71.75,71.85,"994,800",68.40
"Oct 28, 2011",72.96,73.69,71.76,73.40,"1,676,400",69.87
"Oct 27, 2011",72.73,73.08,69.25,72.76,"2,000,300",69.26
"Oct 26, 2011",72.27,72.89,71.28,71.82,"1,144,300",68.37
"Oct 25, 2011",72.25,72.43,71.36,71.80,"838,800",68.35
"Oct 24, 2011",73.07,73.07,71.93,72.53,"1,102,500",69.05
"Oct 21, 2011",72.97,73.38,72.32,72.80,"996,100",69.30
"Oct 20, 2011",71.44,72.53,71.25,72.17,"794,200",68.70
"Oct 19, 2011",73.35,73.53,71.32,71.50,"1,101,000",68.07
"Oct 18, 2011",73.21,74.28,72.64,73.41,"1,063,800",69.88
"Oct 17, 2011",73.93,75.20,73.08,73.36,"867,000",69.84
"Oct 14, 2011",74.79,75.15,73.42,74.07,"1,061,600",70.51
"Oct 13, 2011",73.45,74.57,72.97,73.73,"1,963,000",70.19
"Oct 12, 2011",72.92,73.38,71.85,71.86,"1,241,300",68.41
"Oct 11, 2011",71.00,73.30,70.73,72.59,"1,338,000",69.10
"Oct 10, 2011",71.85,71.85,70.96,71.34,"1,233,500",67.91
"Oct 7, 2011",70.21,71.76,69.82,71.17,"1,281,600",67.75
"Oct 6, 2011",69.16,70.66,68.82,69.99,"1,380,200",66.63
"Oct 5, 2011",68.18,69.55,68.01,69.36,"1,711,200",66.03
"Oct 4, 2011",67.65,68.11,66.35,68.09,"2,200,000",64.82
"Oct 3, 2011",68.74,70.01,67.84,68.11,"1,898,700",64.84
"Sep 30, 2011",69.48,70.81,68.79,68.83,"2,465,100",65.52
"Sep 29, 2011",72.81,73.26,70.75,71.21,"1,723,400",67.79
"Sep 28, 2011",72.90,73.51,71.93,72.07,"1,692,100",68.61
"Sep 27, 2011",75.96,75.96,74.38,74.64,"1,395,000",71.05
"Sep 26, 2011",75.00,75.43,73.06,75.23,"973,000",71.62
"Sep 23, 2011",72.85,74.61,71.88,74.45,"1,382,700",70.87
"Sep 22, 2011",72.06,73.58,70.42,72.99,"2,044,000",69.48
"Sep 21, 2011",75.35,75.81,74.12,74.23,"369,400",70.66
"Sep 20, 2011",75.86,76.13,75.18,75.43,"1,697,600",71.56
"Sep 19, 2011",75.13,76.13,74.89,75.80,"861,100",71.91
"Sep 16, 2011",75.69,76.91,75.54,76.09,"1,538,700",72.19
"Sep 15, 2011",75.87,76.26,74.24,75.27,"1,963,300",71.41
"Sep 14, 2011",73.22,76.31,73.00,75.25,"2,832,100",71.39
"Sep 13, 2011",71.78,72.62,71.18,72.52,"1,350,900",68.80
"Sep 12, 2011",69.34,71.46,68.85,71.35,"1,383,800",67.69
"Sep 9, 2011",71.20,71.63,69.39,70.14,"1,202,600",66.54
"Sep 8, 2011",71.73,72.78,71.13,71.84,"1,260,300",68.15
"Sep 7, 2011",70.73,72.22,70.48,72.21,"1,226,900",68.50
"Sep 6, 2011",68.59,70.41,68.13,70.20,"1,218,300",66.60
"Sep 2, 2011",70.02,70.78,69.80,70.21,"1,000,900",66.61
"Sep 1, 2011",71.09,72.37,70.69,70.83,"845,100",67.20
"Aug 31, 2011",70.80,71.44,70.61,71.25,"1,526,900",67.59
"Aug 30, 2011",69.87,71.05,69.30,70.63,"1,175,100",67.01
"Aug 29, 2011",68.36,69.95,68.24,69.81,"1,115,200",66.23
"Aug 26, 2011",66.96,68.52,65.73,68.13,"991,700",64.63
"Aug 25, 2011",68.05,68.18,65.86,67.32,"1,746,000",63.87
"Aug 24, 2011",68.21,68.68,67.38,67.99,"1,649,700",64.50
"Aug 23, 2011",66.91,68.46,65.55,68.46,"1,938,000",64.95
"Aug 22, 2011",67.60,67.71,65.90,66.26,"2,132,900",62.86
"Aug 19, 2011",69.11,69.91,66.44,66.73,"3,194,000",63.31
"Aug 18, 2011",69.79,70.38,68.44,69.96,"2,279,000",66.37
"Aug 17, 2011",71.11,71.35,70.59,71.03,"2,034,200",67.38
"Aug 16, 2011",68.45,71.14,68.41,70.57,"2,533,100",66.95
"Aug 15, 2011",69.58,69.99,68.57,69.07,"1,426,300",65.53
"Aug 12, 2011",67.03,69.38,66.62,69.18,"2,063,000",65.63
"Aug 11, 2011",66.92,67.48,65.65,66.77,"2,518,100",63.34
"Aug 10, 2011",67.43,67.99,65.76,66.04,"3,039,500",62.65
"Aug 9, 2011",67.30,68.51,64.78,68.26,"3,371,600",64.76
"Aug 8, 2011",67.65,68.00,65.04,65.21,"3,250,200",61.86
"Aug 5, 2011",68.90,69.17,66.46,68.92,"2,808,500",65.38
"Aug 4, 2011",69.91,70.28,68.43,68.53,"2,149,800",65.01
"Aug 3, 2011",70.21,70.64,69.00,70.46,"1,685,400",66.84
"Aug 2, 2011",70.57,71.25,70.03,70.05,"1,751,500",66.46
"Aug 1, 2011",71.71,72.00,69.90,71.19,"1,616,800",67.54
"Jul 29, 2011",71.00,72.08,70.89,71.37,"1,688,800",67.71
"Jul 28, 2011",69.52,72.86,69.52,71.76,"3,651,800",68.08
"Jul 27, 2011",68.70,68.70,66.79,67.48,"2,541,100",64.02
"Jul 26, 2011",68.83,69.15,68.52,68.84,"657,500",65.31
"Jul 25, 2011",68.44,69.21,67.74,68.96,"1,364,300",65.42
"Jul 22, 2011",69.94,69.99,68.97,69.08,"1,053,600",65.54
"Jul 21, 2011",69.13,70.09,69.06,69.77,"1,111,500",66.19
"Jul 20, 2011",69.73,69.99,68.85,68.95,"759,300",65.41
"Jul 19, 2011",68.87,69.84,68.80,69.84,"731,300",66.26
"Jul 18, 2011",68.96,68.96,68.12,68.55,"1,067,900",65.03
"Jul 15, 2011",68.88,69.28,68.49,69.27,"931,300",65.72
"Jul 14, 2011",68.85,69.19,68.67,68.79,"1,060,500",65.26
"Jul 13, 2011",68.89,69.37,68.61,68.96,"1,060,800",65.42
"Jul 12, 2011",68.40,69.18,68.18,68.78,"1,199,800",65.25
"Jul 11, 2011",68.40,68.86,68.30,68.41,"1,058,400",64.90
"Jul 8, 2011",68.62,69.18,68.23,69.15,"1,195,100",65.60
"Jul 7, 2011",69.34,69.71,68.86,69.00,"1,229,200",65.46
"Jul 6, 2011",69.59,69.63,68.70,69.03,"1,349,400",65.49
"Jul 5, 2011",68.80,69.99,68.55,69.93,"1,723,600",66.34
"Jul 1, 2011",67.34,69.10,67.32,69.04,"1,034,600",65.50
"Jun 30, 2011",67.24,67.67,67.16,67.55,"1,412,900",64.08
"Jun 29, 2011",66.60,67.36,66.23,67.00,"941,400",63.56
"Jun 28, 2011",65.95,66.39,65.82,66.36,"863,700",62.95
"Jun 27, 2011",65.60,66.22,65.28,65.86,"818,000",62.48
"Jun 24, 2011",65.22,65.59,65.03,65.37,"1,085,500",62.02
"Jun 23, 2011",64.44,65.27,63.78,65.22,"1,221,200",61.87
"Jun 22, 2011",65.06,65.57,64.62,65.08,"861,000",61.74
"Jun 21, 2011",65.28,65.58,64.86,65.42,"1,077,200",62.06
"Jun 20, 2011",64.97,65.64,64.53,65.27,"840,600",61.92
"Jun 17, 2011",65.07,65.27,64.75,64.96,"1,557,000",61.63
"Jun 16, 2011",64.68,65.24,64.35,64.78,"1,138,900",61.46
"Jun 15, 2011",65.05,65.44,64.45,64.82,"855,000",61.49
"Jun 14, 2011",65.50,65.96,65.28,65.54,"1,167,300",61.93
"Jun 13, 2011",64.38,65.54,64.29,65.10,"1,103,700",61.51
"Jun 10, 2011",64.75,65.22,63.84,63.89,"1,838,700",60.37
"Jun 9, 2011",65.32,65.50,64.92,64.99,"1,417,500",61.41
"Jun 8, 2011",65.50,65.79,64.90,65.47,"1,032,900",61.86
"Jun 7, 2011",65.44,66.39,65.42,65.50,"978,000",61.89
"Jun 6, 2011",66.29,66.42,65.58,65.58,"912,300",61.97
"Jun 3, 2011",66.43,66.90,66.18,66.50,"1,150,400",62.84
"Jun 2, 2011",66.89,67.51,66.23,67.24,"1,553,800",63.54
"Jun 1, 2011",67.47,67.76,66.95,66.96,"1,753,700",63.27
"May 31, 2011",68.68,68.85,67.22,67.79,"2,752,800",64.06
"May 27, 2011",67.94,68.81,67.82,68.37,"1,229,700",64.60
"May 26, 2011",66.16,67.61,66.00,67.56,"1,218,700",63.84
"May 25, 2011",65.95,66.47,65.68,66.35,"1,397,000",62.70
"May 24, 2011",66.45,66.47,65.98,66.23,"1,145,800",62.58
"May 23, 2011",66.64,66.93,66.07,66.30,"1,231,900",62.65
"May 20, 2011",67.87,67.87,67.06,67.30,"1,069,700",63.59
"May 19, 2011",67.85,68.01,67.35,67.85,"821,200",64.11
"May 18, 2011",67.21,67.62,66.05,67.47,"1,083,700",63.75
"May 17, 2011",67.07,67.43,66.58,67.27,"878,900",63.56
"May 16, 2011",67.98,68.49,67.08,67.16,"1,334,300",63.46
"May 13, 2011",67.72,68.51,67.55,68.30,"1,431,400",64.54
"May 12, 2011",66.33,68.20,66.26,67.72,"1,900,000",63.99
"May 11, 2011",66.36,66.93,65.91,66.36,"1,017,500",62.70
"May 10, 2011",66.12,66.60,66.05,66.46,"854,000",62.80
"May 9, 2011",65.98,66.03,65.08,65.73,"1,365,700",62.11
"May 6, 2011",66.73,67.28,66.05,66.40,"978,600",62.74
"May 5, 2011",65.78,66.98,65.59,66.02,"1,507,600",62.38
"May 4, 2011",66.06,66.81,65.66,66.08,"1,195,600",62.44
"May 3, 2011",65.29,66.18,64.76,66.10,"1,498,200",62.46
"May 2, 2011",67.04,67.08,65.52,65.68,"1,752,500",62.06
"Apr 29, 2011",65.37,67.44,65.33,66.88,"3,611,000",63.20
"Apr 28, 2011",63.47,65.74,63.47,65.15,"3,333,900",61.56
"Apr 27, 2011",61.66,62.04,61.43,61.99,"992,500",58.58
"Apr 26, 2011",61.41,62.11,61.18,61.63,"1,200,000",58.24
"Apr 25, 2011",60.55,61.44,60.33,61.28,"904,300",57.90
"Apr 21, 2011",60.96,62.00,60.65,60.82,"1,494,700",57.47
"Apr 20, 2011",62.04,62.13,61.20,61.36,"2,048,100",57.98
"Apr 19, 2011",61.45,61.86,60.88,61.49,"2,303,200",58.10
"Apr 18, 2011",60.39,60.53,59.95,60.27,"1,008,000",56.95
"Apr 15, 2011",60.57,61.00,60.33,60.92,"1,155,500",57.56
"Apr 14, 2011",59.50,60.29,59.45,60.25,"927,200",56.93
"Apr 13, 2011",59.58,59.94,59.49,59.61,"1,165,400",56.33
"Apr 12, 2011",58.99,59.75,58.81,59.39,"1,282,300",56.12
"Apr 11, 2011",59.06,59.41,57.87,59.35,"1,856,000",56.08
"Apr 8, 2011",59.00,59.54,58.95,59.00,"1,312,500",55.75
"Apr 7, 2011",59.00,59.29,58.72,58.85,"959,600",55.61
"Apr 6, 2011",58.74,59.21,58.51,59.02,"1,590,600",55.77
"Apr 5, 2011",58.18,58.71,57.88,58.47,"1,311,300",55.25
"Apr 4, 2011",58.52,58.52,58.18,58.26,"609,800",55.05
"Apr 1, 2011",58.33,58.55,57.87,58.33,"1,920,900",55.12
"Mar 31, 2011",58.24,58.44,57.81,57.93,"1,361,500",54.74
"Mar 30, 2011",58.28,58.63,58.19,58.40,"1,677,700",55.18
"Mar 29, 2011",58.23,58.34,57.83,58.14,"1,346,000",54.94
"Mar 28, 2011",58.84,59.07,58.36,58.36,"1,081,200",55.15
"Mar 25, 2011",57.95,58.81,57.61,58.79,"1,496,200",55.55
"Mar 24, 2011",57.43,58.12,57.11,57.59,"1,550,800",54.42
"Mar 23, 2011",56.58,57.07,56.01,57.03,"1,523,100",53.89
"Mar 22, 2011",57.14,57.40,56.74,56.77,"2,212,500",53.64
"Mar 21, 2011",56.50,57.34,56.49,57.08,"1,000,800",53.94
"Mar 18, 2011",56.20,56.20,55.36,55.90,"2,010,200",52.82
"Mar 17, 2011",56.46,56.49,55.29,55.36,"1,528,500",52.31
"Mar 16, 2011",56.05,56.65,55.50,55.81,"1,294,600",52.74
"Mar 15, 2011",55.81,56.70,55.12,56.34,"2,076,500",52.99
"Mar 14, 2011",57.58,57.82,57.08,57.35,"1,295,200",53.94
"Mar 11, 2011",57.78,58.00,57.19,57.70,"1,542,200",54.27
"Mar 10, 2011",58.56,59.14,57.84,57.85,"1,539,700",54.41
"Mar 9, 2011",58.90,59.28,58.55,59.17,"818,600",55.65
"Mar 8, 2011",59.52,59.62,58.90,59.11,"1,159,200",55.60
"Mar 7, 2011",59.62,60.32,58.81,59.20,"769,900",55.68
"Mar 4, 2011",59.84,59.92,58.62,59.28,"873,100",55.76
"Mar 3, 2011",59.34,60.03,59.00,59.93,"895,900",56.37
"Mar 2, 2011",58.47,59.07,58.02,58.86,"1,266,500",55.36
"Mar 1, 2011",60.09,60.44,58.47,58.57,"1,409,100",55.09
"Feb 28, 2011",60.70,61.00,59.48,59.85,"1,507,500",56.29
"Feb 25, 2011",59.30,60.74,59.30,60.70,"1,003,800",57.09
"Feb 24, 2011",58.52,59.40,58.29,59.21,"956,000",55.69
"Feb 23, 2011",59.71,60.10,58.14,58.66,"1,823,200",55.17
"Feb 22, 2011",60.69,61.13,59.78,59.93,"1,340,200",56.37
"Feb 18, 2011",61.09,61.34,60.52,61.31,"1,193,700",57.67
"Feb 17, 2011",60.05,61.46,60.04,61.21,"1,334,100",57.57
"Feb 16, 2011",59.95,60.63,59.85,60.26,"723,600",56.68
"Feb 15, 2011",60.06,60.34,59.51,59.67,"1,132,900",56.12
"Feb 14, 2011",60.22,60.70,60.03,60.33,"695,200",56.74
"Feb 11, 2011",59.80,60.60,59.55,60.30,"1,369,000",56.72
"Feb 10, 2011",59.91,60.13,59.55,59.79,"1,031,200",56.24
"Feb 9, 2011",59.81,60.30,59.74,60.13,"1,759,500",56.56
"Feb 8, 2011",59.32,60.09,59.02,60.07,"1,789,400",56.50
"Feb 7, 2011",58.89,59.59,58.56,59.20,"1,621,900",55.68
"Feb 4, 2011",58.72,58.89,58.19,58.74,"1,216,600",55.25
"Feb 3, 2011",57.43,59.00,57.43,58.79,"2,924,700",55.30
"Feb 2, 2011",57.74,58.06,57.37,57.54,"3,424,600",54.12
"Feb 1, 2011",58.27,59.09,57.83,57.90,"1,965,700",54.46
"Jan 31, 2011",58.14,58.57,57.65,57.97,"2,815,600",54.52
"Jan 28, 2011",59.68,60.10,58.10,58.31,"1,441,900",54.84
"Jan 27, 2011",58.80,60.16,58.00,59.61,"2,987,100",56.07
"Jan 26, 2011",60.99,60.99,59.53,60.02,"1,552,800",56.45
"Jan 25, 2011",61.49,61.54,60.39,60.71,"1,416,200",57.10
"Jan 24, 2011",61.68,62.17,60.89,61.60,"1,026,300",57.94
"Jan 21, 2011",61.99,62.04,61.50,61.68,"1,072,300",58.01
"Jan 20, 2011",61.83,62.34,61.13,61.41,"1,684,300",57.76
"Jan 19, 2011",63.03,63.17,62.09,62.40,"1,148,000",58.69
"Jan 18, 2011",63.03,63.30,62.77,63.00,"1,035,500",59.26
"Jan 14, 2011",62.74,63.04,62.36,62.86,"893,700",59.12
"Jan 13, 2011",62.29,63.18,62.10,62.93,"1,100,500",59.19
"Jan 12, 2011",62.20,62.47,61.79,62.28,"1,494,800",58.58
"Jan 11, 2011",61.27,61.97,61.22,61.85,"1,511,900",58.17
"Jan 10, 2011",60.72,61.46,60.32,61.06,"1,097,900",57.43
"Jan 7, 2011",61.34,61.71,60.88,61.04,"916,100",57.41
"Jan 6, 2011",61.86,62.29,61.24,61.40,"801,300",57.75
"Jan 5, 2011",60.89,61.80,60.86,61.77,"1,599,900",58.10
"Jan 4, 2011",62.62,62.62,60.94,61.20,"1,302,700",57.56
"Jan 3, 2011",62.45,62.89,62.13,62.30,"1,825,300",58.60
"Dec 31, 2010",61.30,62.53,61.17,62.25,"923,800",58.55
"Dec 30, 2010",61.16,61.95,60.79,61.42,"1,073,300",57.77
"Dec 29, 2010",61.87,61.87,61.17,61.29,"960,800",57.65
"Dec 28, 2010",61.92,62.00,61.34,61.70,"1,386,100",58.03
"Dec 27, 2010",61.75,62.20,61.49,61.71,"567,100",58.04
"Dec 23, 2010",61.76,62.35,61.66,62.05,"612,700",58.36
"Dec 22, 2010",61.87,62.11,61.79,61.93,"605,400",58.25
"Dec 21, 2010",62.91,62.91,61.82,61.99,"1,052,000",58.31
"Dec 20, 2010",62.47,62.80,62.12,62.55,"1,045,600",58.83
"Dec 17, 2010",62.20,62.97,61.95,62.52,"2,962,600",58.80
"Dec 16, 2010",61.51,62.25,60.96,62.25,"923,100",58.55
"Dec 15, 2010",61.74,61.93,61.04,61.29,"1,419,500",57.65
"Dec 14, 2010",62.40,62.45,61.84,61.98,"1,178,600",58.08
"Dec 13, 2010",62.50,62.59,61.93,62.21,"1,451,700",58.30
"Dec 10, 2010",62.21,62.32,61.92,62.26,"714,700",58.35
"Dec 9, 2010",62.54,62.64,61.62,62.01,"1,146,900",58.11
"Dec 8, 2010",61.73,62.42,61.72,62.19,"920,200",58.28
"Dec 7, 2010",62.59,63.38,61.78,61.84,"1,331,400",57.95
"Dec 6, 2010",62.02,62.52,61.37,62.11,"1,360,500",58.21
"Dec 3, 2010",61.36,62.23,61.27,62.04,"946,000",58.14
"Dec 2, 2010",60.73,61.42,60.51,61.41,"1,696,500",57.55
"Dec 1, 2010",60.65,61.26,59.87,60.15,"1,493,900",56.37
"Nov 30, 2010",59.37,60.48,59.36,59.57,"4,189,800",55.83
"Nov 29, 2010",60.12,60.25,59.30,59.76,"1,231,500",56.00
"Nov 26, 2010",59.99,60.97,59.99,60.54,"931,400",56.73
"Nov 24, 2010",59.48,60.49,59.43,60.21,"1,286,700",56.43
"Nov 23, 2010",59.66,59.67,58.87,58.99,"1,108,100",55.28
"Nov 22, 2010",59.70,60.49,59.64,60.15,"679,800",56.37
"Nov 19, 2010",60.00,60.31,59.47,60.15,"1,098,000",56.37
"Nov 18, 2010",60.00,60.25,59.59,60.00,"794,300",56.23
"Nov 17, 2010",59.33,59.88,58.87,59.49,"877,700",55.75
"Nov 16, 2010",60.28,60.70,58.63,59.39,"1,696,400",55.66
"Nov 15, 2010",59.80,60.95,59.59,60.61,"1,374,500",56.80
"Nov 12, 2010",59.43,60.20,59.20,59.61,"1,003,400",55.86
"Nov 11, 2010",59.49,59.80,59.34,59.70,"1,153,400",55.95
"Nov 10, 2010",59.74,60.05,59.65,59.99,"1,598,500",56.22
"Nov 9, 2010",59.45,60.63,59.25,59.58,"1,978,700",55.84
"Nov 8, 2010",59.24,59.31,58.34,59.23,"953,500",55.51
"Nov 5, 2010",59.69,59.90,59.34,59.44,"814,300",55.70
"Nov 4, 2010",59.89,60.40,59.38,59.45,"1,144,600",55.71
"Nov 3, 2010",59.45,59.63,58.86,59.47,"793,600",55.73
"Nov 2, 2010",59.50,59.75,59.21,59.45,"967,700",55.71
"Nov 1, 2010",59.15,59.85,58.81,59.15,"939,300",55.43
"Oct 29, 2010",58.51,59.30,58.11,58.82,"1,573,000",55.12
"Oct 28, 2010",57.85,59.68,57.85,58.73,"2,135,900",55.04
"Oct 27, 2010",56.28,57.42,56.28,57.28,"1,251,700",53.68
"Oct 26, 2010",58.30,58.51,56.75,57.10,"2,934,400",53.51
"Oct 25, 2010",59.27,59.86,58.31,58.38,"989,800",54.71
"Oct 22, 2010",58.22,59.30,58.22,59.04,"872,900",55.33
"Oct 21, 2010",58.21,59.46,58.03,58.20,"1,186,200",54.54
"Oct 20, 2010",57.47,58.32,57.47,57.92,"1,039,300",54.28
"Oct 19, 2010",57.46,57.87,57.09,57.40,"962,300",53.79
"Oct 18, 2010",57.94,58.36,57.71,58.09,"591,800",54.44
"Oct 15, 2010",58.39,58.44,57.41,57.82,"921,700",54.19
"Oct 14, 2010",58.25,58.39,57.68,57.77,"825,900",54.14
"Oct 13, 2010",58.41,58.97,57.86,58.24,"1,464,400",54.58
"Oct 12, 2010",57.85,58.53,57.45,58.30,"936,000",54.64
"Oct 11, 2010",56.52,57.97,56.51,57.91,"1,476,300",54.27
"Oct 8, 2010",56.70,56.82,55.94,56.50,"1,250,600",52.95
"Oct 7, 2010",56.13,56.28,55.58,56.19,"826,100",52.66
"Oct 6, 2010",56.27,56.41,55.69,56.00,"628,400",52.48
"Oct 5, 2010",56.46,56.72,56.20,56.25,"1,083,900",52.71
"Oct 4, 2010",56.11,56.23,55.60,55.95,"1,037,900",52.43
"Oct 1, 2010",56.99,57.25,55.79,56.25,"1,332,200",52.71
"Sep 30, 2010",56.94,57.17,56.08,56.91,"2,515,100",53.33
"Sep 29, 2010",56.67,56.81,56.09,56.75,"1,449,100",53.18
"Sep 28, 2010",56.50,57.06,55.92,56.66,"1,882,400",53.10
"Sep 27, 2010",57.10,57.11,56.27,56.50,"1,027,800",52.95
"Sep 24, 2010",56.57,58.04,56.54,57.12,"2,125,700",53.53
"Sep 23, 2010",56.15,57.17,55.99,56.01,"1,031,000",52.49
"Sep 22, 2010",55.74,57.07,55.60,56.67,"1,288,700",53.11
"Sep 21, 2010",55.78,56.01,55.23,55.94,"1,179,700",52.21
"Sep 20, 2010",55.30,56.36,55.02,55.65,"994,300",51.94
"Sep 17, 2010",56.25,56.25,55.08,55.10,"1,317,400",51.43
"Sep 16, 2010",55.75,56.34,55.75,56.15,"688,200",52.41
"Sep 15, 2010",55.49,56.19,55.45,56.08,"612,100",52.34
"Sep 14, 2010",55.93,56.32,55.09,55.62,"836,300",51.91
"Sep 13, 2010",57.02,57.14,55.70,56.15,"964,300",52.41
"Sep 10, 2010",55.89,56.81,55.66,56.70,"1,408,800",52.92
"Sep 9, 2010",55.27,56.35,55.26,55.85,"1,271,100",52.13
"Sep 8, 2010",54.76,55.22,54.65,54.88,"751,200",51.22
"Sep 7, 2010",55.03,55.30,54.58,54.63,"728,800",50.99
"Sep 3, 2010",55.78,56.00,54.48,55.14,"1,232,500",51.47
"Sep 2, 2010",54.31,55.75,54.21,55.37,"1,501,700",51.68
"Sep 1, 2010",53.60,55.16,53.37,54.03,"1,581,800",50.43
"Aug 31, 2010",51.17,52.39,51.14,52.19,"1,427,700",48.71
"Aug 30, 2010",52.49,52.49,51.55,51.55,"485,600",48.12
"Aug 27, 2010",52.47,52.50,51.40,52.46,"1,360,600",48.96
"Aug 26, 2010",52.46,52.71,52.04,52.24,"873,400",48.76
"Aug 25, 2010",52.15,52.50,51.70,52.15,"1,414,600",48.68
"Aug 24, 2010",52.31,52.64,52.16,52.48,"2,046,800",48.98
"Aug 23, 2010",53.55,53.88,52.65,52.68,"990,400",49.17
"Aug 20, 2010",52.47,53.56,52.23,53.41,"1,311,500",49.85
"Aug 19, 2010",53.58,53.93,52.53,52.94,"1,232,500",49.41
"Aug 18, 2010",53.63,54.30,53.39,53.91,"823,100",50.32
"Aug 17, 2010",52.89,53.91,52.69,53.77,"1,345,900",50.19
"Aug 16, 2010",52.34,52.58,52.01,52.45,"595,700",48.96
"Aug 13, 2010",51.31,52.86,51.16,52.58,"1,302,000",49.08
"Aug 12, 2010",50.53,51.70,50.51,51.56,"842,600",48.12
"Aug 11, 2010",51.83,52.43,51.20,51.21,"1,244,200",47.80
"Aug 10, 2010",52.54,53.33,52.28,53.07,"1,512,600",49.53
"Aug 9, 2010",53.46,53.46,52.91,52.93,"668,400",49.40
"Aug 6, 2010",52.66,53.47,52.42,53.33,"874,900",49.78
"Aug 5, 2010",53.80,53.80,52.94,53.10,"1,131,900",49.56
"Aug 4, 2010",53.49,54.36,53.27,54.35,"1,031,600",50.73
"Aug 3, 2010",54.00,54.03,53.25,53.30,"1,128,200",49.75
"Aug 2, 2010",54.26,54.66,53.60,53.99,"2,155,100",50.39
"Jul 30, 2010",51.87,53.83,51.56,53.14,"1,941,600",49.60
"Jul 29, 2010",52.10,53.43,50.96,52.28,"4,496,700",48.80
"Jul 28, 2010",54.36,54.55,52.86,52.99,"1,322,100",49.46
"Jul 27, 2010",54.59,54.90,54.22,54.55,"1,259,300",50.92
"Jul 26, 2010",54.54,54.72,54.02,54.28,"1,443,200",50.66
"Jul 23, 2010",53.92,54.65,53.70,54.55,"741,900",50.92
"Jul 22, 2010",53.73,54.04,53.27,53.92,"1,285,600",50.33
"Jul 21, 2010",53.94,53.97,53.06,53.20,"1,076,900",49.66
"Jul 20, 2010",52.97,53.89,52.54,53.84,"880,300",50.25
"Jul 19, 2010",53.14,53.66,52.82,53.60,"999,100",50.03
"Jul 16, 2010",54.05,54.11,52.55,53.02,"1,640,300",49.49
"Jul 15, 2010",54.02,54.39,53.51,54.38,"780,600",50.76
"Jul 14, 2010",53.94,54.21,53.46,54.07,"747,100",50.47
"Jul 13, 2010",54.27,54.27,53.80,54.12,"1,100,000",50.51
"Jul 12, 2010",53.91,54.20,53.59,53.93,"1,443,800",50.34
"Jul 9, 2010",53.90,54.01,53.30,53.88,"951,300",50.29
"Jul 8, 2010",54.08,54.20,52.97,53.79,"1,704,700",50.21
"Jul 7, 2010",51.92,53.79,51.84,53.73,"2,828,900",50.15
"Jul 6, 2010",51.75,52.58,51.20,51.78,"2,333,500",48.33
"Jul 2, 2010",50.57,51.50,50.43,51.17,"1,500,100",47.76
"Jul 1, 2010",50.33,50.63,49.55,50.53,"1,607,900",47.16
"Jun 30, 2010",50.41,51.00,49.84,50.12,"2,868,000",46.78
"Jun 29, 2010",51.66,51.75,50.44,50.57,"2,364,200",47.20
"Jun 28, 2010",51.44,52.43,51.25,52.23,"1,548,300",48.75
"Jun 25, 2010",51.86,51.98,51.12,51.41,"3,155,100",47.98
"Jun 24, 2010",52.21,52.87,51.76,51.90,"1,119,100",48.44
"Jun 23, 2010",52.81,53.12,52.21,52.55,"1,548,300",49.05
"Jun 22, 2010",53.52,54.16,52.83,52.95,"1,583,900",49.21
"Jun 21, 2010",54.89,55.24,53.12,53.44,"1,660,800",49.67
"Jun 18, 2010",54.19,54.57,53.69,54.39,"1,599,500",50.55
"Jun 17, 2010",54.22,54.22,53.55,54.19,"1,609,000",50.36
"Jun 16, 2010",52.82,54.18,52.66,53.93,"1,856,100",50.12
"Jun 15, 2010",52.98,53.39,52.68,53.34,"1,476,400",49.57
"Jun 14, 2010",52.60,53.44,52.39,52.75,"2,861,500",49.03
"Jun 11, 2010",51.24,52.02,51.02,51.90,"1,715,000",48.24
"Jun 10, 2010",50.28,51.60,50.00,51.57,"2,428,300",47.93
"Jun 9, 2010",48.97,50.49,48.51,49.56,"2,926,000",46.06
"Jun 8, 2010",48.35,49.39,47.27,48.75,"2,355,500",45.31
"Jun 7, 2010",49.54,49.57,48.10,48.22,"2,175,300",44.82
"Jun 4, 2010",49.34,50.27,49.06,49.59,"2,217,700",46.09
"Jun 3, 2010",49.99,50.13,49.19,50.02,"1,702,500",46.49
"Jun 2, 2010",49.30,49.59,48.44,49.28,"2,074,500",45.80
"Jun 1, 2010",48.90,49.88,48.60,48.89,"1,700,000",45.44
"May 28, 2010",50.14,50.14,49.25,49.32,"1,114,200",45.84
"May 27, 2010",49.43,49.85,48.93,49.84,"1,526,900",46.32
"May 26, 2010",48.27,48.89,47.46,48.55,"2,766,400",45.12
"May 25, 2010",46.83,48.08,46.17,47.99,"2,442,700",44.60
"May 24, 2010",50.61,50.61,47.88,48.13,"2,615,400",44.73
"May 21, 2010",47.19,49.09,46.45,49.09,"4,567,900",45.62
"May 20, 2010",50.73,50.73,47.59,47.61,"5,292,200",44.25
"May 19, 2010",51.13,51.61,50.50,51.50,"1,884,100",47.86
"May 18, 2010",51.45,52.24,50.85,51.04,"1,865,100",47.44
"May 17, 2010",50.31,51.62,50.31,51.15,"1,439,300",47.54
"May 14, 2010",51.53,51.74,49.95,50.32,"1,589,800",46.77
"May 13, 2010",52.47,52.75,51.72,51.74,"1,115,500",48.09
"May 12, 2010",51.42,52.42,51.30,52.42,"1,724,900",48.72
"May 11, 2010",50.44,51.79,50.00,51.25,"1,588,900",47.63
"May 10, 2010",49.95,51.51,49.95,51.03,"2,412,400",47.43
"May 7, 2010",48.17,48.50,46.75,48.31,"5,766,800",44.90
"May 6, 2010",49.75,49.75,47.01,48.20,"2,549,200",44.80
"May 5, 2010",50.00,50.34,48.74,49.78,"2,193,000",46.27
"May 4, 2010",50.92,51.09,50.14,50.26,"1,325,000",46.71
"May 3, 2010",51.60,51.95,50.86,51.27,"1,262,500",47.65
"Apr 30, 2010",52.76,53.11,51.59,51.61,"1,778,900",47.97
"Apr 29, 2010",51.70,53.64,51.50,53.58,"2,618,100",49.80
"Apr 28, 2010",49.72,51.06,49.64,50.42,"2,606,900",46.86
"Apr 27, 2010",52.57,52.57,49.46,49.53,"3,341,000",46.03
"Apr 26, 2010",54.14,54.35,52.51,52.53,"1,677,800",48.82
"Apr 23, 2010",52.93,53.99,52.47,53.94,"1,494,600",50.13
"Apr 22, 2010",51.76,52.93,51.36,52.91,"1,254,200",49.18
"Apr 21, 2010",51.77,52.45,51.61,51.76,"1,124,300",48.11
"Apr 20, 2010",51.51,51.73,51.06,51.64,"700,200",47.99
"Apr 19, 2010",51.49,51.54,51.02,51.44,"849,000",47.81
"Apr 16, 2010",51.65,52.25,50.96,51.40,"2,063,900",47.77
"Apr 15, 2010",51.85,52.05,51.52,51.59,"1,227,200",47.95
"Apr 14, 2010",52.31,52.75,51.76,52.09,"829,700",48.41
"Apr 13, 2010",52.20,52.87,51.76,52.32,"944,000",48.63
"Apr 12, 2010",51.97,52.74,51.80,52.25,"1,153,000",48.56
"Apr 9, 2010",51.98,52.15,51.75,52.09,"854,100",48.41
"Apr 8, 2010",51.80,52.01,51.69,51.96,"1,467,400",48.29
"Apr 7, 2010",52.35,52.55,51.81,51.84,"749,400",48.18
"Apr 6, 2010",52.29,52.64,51.59,52.29,"1,418,700",48.60
"Apr 5, 2010",52.95,53.00,52.19,52.31,"627,400",48.62
"Apr 1, 2010",52.30,52.91,51.95,52.90,"1,221,500",49.17
"Mar 31, 2010",52.24,52.67,51.89,52.03,"1,069,100",48.36
"Mar 30, 2010",52.85,52.87,52.19,52.20,"1,026,300",48.52
"Mar 29, 2010",51.98,52.44,51.76,52.35,"972,000",48.65
"Mar 26, 2010",51.76,51.91,51.50,51.83,"1,891,500",48.17
"Mar 25, 2010",52.18,52.40,51.49,51.52,"1,641,500",47.88
"Mar 24, 2010",52.32,52.68,51.74,51.87,"1,806,100",48.21
"Mar 23, 2010",51.44,52.48,50.90,52.33,"2,314,700",48.64
"Mar 22, 2010",51.08,51.54,51.08,51.47,"1,373,600",47.84
"Mar 19, 2010",51.39,52.25,51.08,51.39,"1,989,800",47.55
"Mar 18, 2010",51.40,52.07,51.35,51.73,"1,582,400",47.87
"Mar 17, 2010",51.54,51.55,50.53,51.41,"2,075,700",47.57
"Mar 16, 2010",51.80,51.80,50.93,51.11,"2,393,100",47.29
"Mar 15, 2010",52.04,52.16,51.57,51.77,"1,178,900",47.90
"Mar 12, 2010",51.96,52.29,51.65,51.99,"2,053,100",48.11
"Mar 11, 2010",50.80,51.86,50.75,51.71,"2,107,000",47.85
"Mar 10, 2010",50.61,50.97,50.54,50.94,"2,115,100",47.14
"Mar 9, 2010",49.86,50.85,49.75,50.68,"2,872,100",46.90
"Mar 8, 2010",49.93,50.05,49.30,49.96,"2,956,600",46.23
"Mar 5, 2010",48.86,49.94,48.50,49.91,"2,748,400",46.18
"Mar 4, 2010",48.42,48.51,48.13,48.50,"1,744,400",44.88
"Mar 3, 2010",48.09,48.50,47.79,48.39,"1,268,200",44.78
"Mar 2, 2010",47.83,48.40,47.75,48.00,"1,177,400",44.42
"Mar 1, 2010",47.43,48.24,47.15,47.83,"2,360,500",44.26
"Feb 26, 2010",47.06,47.52,46.66,47.30,"1,698,900",43.77
"Feb 25, 2010",45.96,47.12,45.96,46.88,"2,258,200",43.38
"Feb 24, 2010",46.45,46.85,45.96,46.30,"1,499,000",42.84
"Feb 23, 2010",46.78,46.94,46.00,46.21,"1,628,900",42.76
"Feb 22, 2010",46.76,47.00,46.34,46.68,"2,162,900",43.19
"Feb 19, 2010",46.39,46.78,46.24,46.78,"2,864,000",43.29
"Feb 18, 2010",46.45,46.50,45.78,46.47,"2,225,100",43.00
"Feb 17, 2010",45.42,46.47,45.28,46.43,"2,255,500",42.96
"Feb 16, 2010",45.40,45.48,44.32,45.40,"2,090,800",42.01
"Feb 12, 2010",45.30,45.60,44.92,45.05,"2,506,100",41.69
"Feb 11, 2010",46.47,46.47,45.21,45.30,"3,682,100",41.92
"Feb 10, 2010",46.53,46.85,45.90,46.56,"1,379,800",43.08
"Feb 9, 2010",46.34,47.03,45.92,46.60,"1,569,100",43.12
"Feb 8, 2010",46.17,46.53,45.94,46.05,"1,387,800",42.61
"Feb 5, 2010",46.26,46.48,45.79,46.29,"2,568,600",42.83
"Feb 4, 2010",46.74,46.74,45.89,46.51,"3,049,100",43.04
"Feb 3, 2010",45.95,47.10,45.79,47.00,"2,527,600",43.49
"Feb 2, 2010",46.33,47.08,45.83,45.89,"1,990,800",42.46
"Feb 1, 2010",45.43,46.35,45.25,46.25,"2,957,300",42.80
"Jan 29, 2010",45.76,46.06,45.08,45.23,"3,421,400",41.85
"Jan 28, 2010",44.22,47.86,44.22,45.17,"5,412,200",41.80
"Jan 27, 2010",43.92,44.29,43.50,44.00,"2,447,200",40.71
"Jan 26, 2010",43.52,44.33,43.50,44.15,"2,075,200",40.85
"Jan 25, 2010",44.89,44.96,43.59,43.62,"3,243,100",40.36
"Jan 22, 2010",45.00,45.42,44.30,44.53,"2,973,300",41.21
"Jan 21, 2010",46.31,46.44,45.05,45.12,"2,243,600",41.75
"Jan 20, 2010",46.50,46.82,45.75,46.10,"3,592,600",42.66
"Jan 19, 2010",47.19,47.45,46.61,46.90,"1,976,700",43.40
"Jan 15, 2010",46.56,47.01,46.06,46.81,"3,229,800",43.32
"Jan 14, 2010",46.40,46.65,46.06,46.31,"2,008,500",42.85
"Jan 13, 2010",45.40,46.47,45.27,46.29,"2,423,500",42.83
"Jan 12, 2010",45.54,45.86,45.27,45.49,"2,063,400",42.09
"Jan 11, 2010",45.57,45.66,45.00,45.59,"1,390,300",42.19
"Jan 8, 2010",46.00,46.04,45.02,45.23,"2,989,200",41.85
"Jan 7, 2010",45.26,46.16,45.26,45.96,"5,370,300",42.53
"Jan 6, 2010",44.58,45.28,44.29,45.26,"4,554,500",41.88
"Jan 5, 2010",45.04,45.28,44.15,44.61,"5,970,900",41.28
"Jan 4, 2010",43.89,45.50,43.89,44.99,"6,010,500",41.63
"Dec 31, 2009",44.34,44.60,43.62,43.70,"2,354,000",40.44
"Dec 30, 2009",44.50,44.59,43.69,44.12,"2,038,600",40.83
"Dec 29, 2009",44.97,44.97,44.37,44.58,"4,486,400",41.25
"Dec 28, 2009",43.97,44.49,43.50,44.43,"4,458,400",40.93
"Dec 24, 2009",43.38,43.40,42.72,43.11,"1,545,600",39.71
"Dec 23, 2009",43.05,43.50,42.95,43.27,"10,183,100",39.86
"Dec 22, 2009",42.67,43.20,42.55,43.09,"6,203,100",39.69
"Dec 21, 2009",41.40,43.04,41.40,42.25,"7,946,700",38.92
"Dec 18, 2009",41.42,42.36,41.20,41.50,"36,881,700",38.23
"Dec 17, 2009",42.50,42.54,41.80,41.96,"15,732,100",38.65
"Dec 16, 2009",42.56,42.99,42.37,42.59,"9,310,500",39.23
"Dec 15, 2009",43.19,43.22,42.33,42.85,"11,447,300",39.47
"Dec 14, 2009",43.50,43.50,42.71,43.23,"11,127,100",39.82
"Dec 11, 2009",42.83,42.90,42.35,42.45,"3,963,700",39.10
"Dec 10, 2009",41.59,42.54,41.30,42.41,"5,395,200",39.07
"Dec 9, 2009",41.31,41.88,41.15,41.59,"2,681,600",38.31
"Dec 8, 2009",42.26,42.46,41.31,41.74,"5,039,000",38.45
"Dec 7, 2009",43.85,43.85,42.10,42.25,"3,234,000",38.92
"Dec 4, 2009",43.93,44.19,43.60,43.90,"3,049,600",40.44
"Dec 3, 2009",42.65,44.08,42.45,43.91,"3,065,800",40.45
"Dec 2, 2009",42.05,42.93,42.05,42.45,"1,874,700",39.10
"Dec 1, 2009",44.00,44.27,42.41,42.52,"2,001,700",39.17
"Nov 30, 2009",44.96,44.96,43.74,43.87,"2,046,800",40.41
"Nov 27, 2009",44.43,44.86,43.96,44.44,"869,500",40.94
"Nov 25, 2009",44.30,45.27,44.28,44.94,"1,159,700",41.40
"Nov 24, 2009",44.34,44.80,44.00,44.55,"3,007,700",41.04
"Nov 23, 2009",44.52,45.34,44.28,44.84,"2,325,100",41.31
"Nov 20, 2009",44.64,44.64,43.26,44.31,"2,505,400",40.82
"Nov 19, 2009",43.66,44.16,43.29,43.75,"2,914,000",40.30
"Nov 18, 2009",45.28,45.50,43.35,44.01,"2,266,700",40.54
"Nov 17, 2009",43.68,44.59,43.26,44.35,"2,538,800",40.85
"Nov 16, 2009",44.00,45.06,43.13,43.21,"6,274,200",39.80
"Nov 13, 2009",45.58,45.58,44.86,45.25,"526,400",41.68
"Nov 12, 2009",46.24,46.24,44.79,45.11,"845,000",41.55
"Nov 11, 2009",46.00,46.23,45.31,45.80,"572,600",42.19
"Nov 10, 2009",44.38,45.89,44.26,45.50,"1,006,900",41.91
"Nov 9, 2009",44.10,44.10,43.25,43.98,"415,500",40.51
"Nov 6, 2009",42.66,44.13,42.66,44.00,"304,900",40.53
"Nov 5, 2009",42.55,43.06,42.06,43.00,"591,600",39.61
"Nov 4, 2009",41.96,42.66,41.92,42.10,"285,800",38.78
"Nov 3, 2009",42.21,42.24,41.89,42.14,"164,900",38.82
"Nov 2, 2009",42.33,42.67,41.84,42.51,"372,800",39.16
"Oct 30, 2009",42.17,42.86,41.89,42.04,"349,700",38.73
"Oct 29, 2009",42.10,42.75,41.72,42.59,"365,100",39.23
"Oct 28, 2009",41.69,42.02,41.10,41.60,"333,200",38.32
"Oct 27, 2009",41.34,42.38,40.57,42.12,"570,000",38.80
"Oct 26, 2009",41.77,42.08,41.67,41.81,"357,200",38.51
"Oct 23, 2009",42.35,42.58,41.63,42.16,"1,070,800",38.84
"Oct 22, 2009",40.60,43.46,39.55,42.68,"2,683,600",39.32
"Oct 21, 2009",43.26,45.00,43.11,43.65,"1,191,000",40.21
"Oct 20, 2009",43.25,43.33,42.30,43.03,"670,700",39.64
"Oct 19, 2009",42.71,43.38,42.21,42.84,"719,100",39.46
"Oct 16, 2009",43.72,43.97,42.91,42.97,"440,000",39.58
"Oct 15, 2009",43.39,44.35,43.30,44.11,"637,300",40.63
"Oct 14, 2009",42.60,43.84,42.43,42.99,"969,300",39.60
"Oct 13, 2009",43.43,43.45,40.92,41.66,"975,200",38.38
"Oct 12, 2009",44.13,44.46,43.11,43.32,"450,500",39.91
"Oct 9, 2009",45.37,45.43,43.78,44.31,"428,600",40.82
"Oct 8, 2009",45.30,45.47,44.80,45.00,"874,000",41.45
"Oct 7, 2009",45.26,45.48,44.37,45.17,"505,100",41.61
"Oct 6, 2009",46.99,47.49,44.88,45.37,"1,119,100",41.79
"Oct 5, 2009",47.02,47.27,46.30,46.85,"661,300",43.16
"Oct 2, 2009",45.67,47.75,45.37,47.24,"852,300",43.52
"Oct 1, 2009",45.49,45.76,44.77,45.45,"529,700",41.87
"Sep 30, 2009",43.25,46.00,43.25,45.11,"1,647,600",41.55
"Sep 29, 2009",43.79,50.35,42.90,43.16,"9,828,900",39.76
"Sep 28, 2009",42.90,43.64,42.41,43.35,"434,500",39.93
"Sep 25, 2009",42.00,42.72,41.49,42.48,"706,600",39.13
"Sep 24, 2009",42.50,42.50,41.50,41.75,"333,300",38.46
"Sep 23, 2009",41.70,42.95,41.45,42.00,"1,002,800",38.69
"Sep 22, 2009",40.55,41.98,40.34,41.70,"394,100",38.41
"Sep 21, 2009",40.12,40.63,39.88,40.45,"769,000",37.26
"Sep 18, 2009",40.25,41.28,39.87,40.08,"813,000",36.92
"Sep 17, 2009",39.14,41.30,39.07,40.04,"515,400",36.88
"Sep 16, 2009",39.51,39.70,39.20,39.56,"191,000",36.44
"Sep 15, 2009",38.53,39.42,38.53,39.25,"201,200",36.16
"Sep 14, 2009",38.76,39.14,38.49,39.05,"163,900",35.79
"Sep 11, 2009",39.74,39.77,38.82,39.05,"220,800",35.79
"Sep 10, 2009",40.26,40.40,39.29,39.45,"263,300",36.15
"Sep 9, 2009",40.06,40.50,39.45,40.04,"207,000",36.69
"Sep 8, 2009",39.90,40.62,39.57,39.75,"390,300",36.43
"Sep 4, 2009",39.91,40.14,39.70,40.00,"270,600",36.66
"Sep 3, 2009",39.45,40.51,39.45,40.37,"100,900",37.00
"Sep 2, 2009",40.17,40.50,39.78,39.88,"108,500",36.55
"Sep 1, 2009",40.00,40.53,39.50,39.79,"147,800",36.47
"Aug 31, 2009",39.75,40.50,39.50,39.66,"231,900",36.35
"Aug 28, 2009",40.22,41.38,39.82,40.06,"251,300",36.71
"Aug 27, 2009",40.05,40.10,39.36,39.82,"140,300",36.49
"Aug 26, 2009",39.00,39.70,38.99,39.70,"103,000",36.38
"Aug 25, 2009",40.22,40.43,38.94,39.25,"235,100",35.97
"Aug 24, 2009",40.37,40.50,39.64,39.81,"111,900",36.48
"Aug 21, 2009",39.57,40.22,39.34,39.96,"247,600",36.62
"Aug 20, 2009",39.26,40.00,39.02,39.53,"177,700",36.23
"Aug 19, 2009",38.54,39.04,37.92,38.92,"95,400",35.67
"Aug 18, 2009",37.81,38.71,37.57,38.50,"183,000",35.28
"Aug 17, 2009",37.43,37.99,37.17,37.43,"374,600",34.30
"Aug 14, 2009",37.62,37.93,37.16,37.41,"312,200",34.28
"Aug 13, 2009",38.92,39.00,37.39,37.68,"303,800",34.53
"Aug 12, 2009",39.54,39.78,38.89,38.90,"341,900",35.65
"Aug 11, 2009",39.65,39.98,39.24,39.91,"514,400",36.58
"Aug 10, 2009",38.42,39.83,38.30,39.36,"445,700",36.07
"Aug 7, 2009",37.78,39.06,37.28,38.90,"357,400",35.65
"Aug 6, 2009",37.53,37.53,36.68,37.36,"204,500",34.24
"Aug 5, 2009",36.74,37.53,36.24,37.11,"183,400",34.01
"Aug 4, 2009",36.49,36.53,36.07,36.45,"551,200",33.40
"Aug 3, 2009",36.35,36.84,36.02,36.45,"333,700",33.40
"Jul 31, 2009",36.05,36.50,35.96,36.41,"204,800",33.37
"Jul 30, 2009",36.20,36.92,36.11,36.21,"802,900",33.18
"Jul 29, 2009",37.21,37.28,36.39,36.57,"258,400",33.51
"Jul 28, 2009",36.91,37.25,36.69,37.03,"459,800",33.94
"Jul 27, 2009",36.89,37.21,36.50,37.09,"266,700",33.99
"Jul 24, 2009",36.32,37.14,36.19,37.00,"678,200",33.91
"Jul 23, 2009",35.07,37.25,34.55,36.51,"980,100",33.46
"Jul 22, 2009",34.50,34.55,33.88,34.02,"568,900",31.18
"Jul 21, 2009",34.47,34.70,33.77,34.62,"614,100",31.73
"Jul 20, 2009",33.98,34.27,33.23,34.03,"382,000",31.19
"Jul 17, 2009",33.44,34.07,33.25,33.71,"557,600",30.89
"Jul 16, 2009",33.36,33.83,32.80,33.47,"624,300",30.67
"Jul 15, 2009",33.34,33.59,32.85,33.14,"392,500",30.37
"Jul 14, 2009",32.72,33.41,32.68,33.14,"698,200",30.37
"Jul 13, 2009",32.88,33.18,32.76,32.95,"183,600",30.20
"Jul 10, 2009",33.10,33.68,32.67,32.95,"1,221,700",30.20
"Jul 9, 2009",33.12,33.37,32.71,33.21,"264,300",30.44
"Jul 8, 2009",32.94,33.85,32.85,33.41,"1,035,100",30.62
"Jul 7, 2009",32.29,33.41,32.29,33.15,"1,083,800",30.38
"Jul 6, 2009",32.14,32.70,31.87,32.53,"509,800",29.81
"Jul 2, 2009",31.97,32.62,31.66,31.66,"1,117,100",29.02
"Jul 1, 2009",31.81,32.29,31.51,32.18,"593,700",29.49
"Jun 30, 2009",31.65,32.16,30.66,31.77,"639,500",28.84
"Jun 29, 2009",31.90,32.11,31.01,31.30,"240,100",28.41
"Jun 26, 2009",31.81,32.23,31.25,31.90,"474,400",28.96
"Jun 25, 2009",31.00,31.76,30.37,31.60,"500,800",28.69
"Jun 24, 2009",30.63,31.35,30.43,31.11,"249,900",28.24
"Jun 23, 2009",31.76,32.04,30.44,30.90,"403,500",28.05
"Jun 22, 2009",32.20,32.26,31.55,31.99,"225,700",29.04
"Jun 19, 2009",33.05,33.05,32.01,32.30,"282,800",29.32
"Jun 18, 2009",32.05,32.86,31.43,32.79,"895,500",29.77
"Jun 17, 2009",31.78,33.76,31.52,32.25,"547,400",29.28
"Jun 16, 2009",31.65,31.98,31.33,31.66,"381,300",28.74
"Jun 15, 2009",31.51,31.67,30.75,31.35,"474,800",28.46
"Jun 12, 2009",31.44,31.48,30.86,31.36,"220,700",28.47
"Jun 11, 2009",31.18,31.36,30.83,31.19,"150,900",28.31
"Jun 10, 2009",31.99,31.99,30.30,30.86,"397,300",28.01
"Jun 9, 2009",31.89,32.00,31.52,31.92,"191,100",28.98
"Jun 8, 2009",32.12,32.12,31.46,31.48,"112,000",28.58
"Jun 5, 2009",31.47,32.07,31.01,31.96,"184,400",29.01
"Jun 4, 2009",31.82,32.00,30.82,31.70,"263,100",28.78
"Jun 3, 2009",31.48,32.19,31.48,32.00,"466,400",29.05
"Jun 2, 2009",31.42,32.19,31.28,32.01,"359,400",29.06
"Jun 1, 2009",31.28,32.68,31.16,31.80,"488,900",28.87
"May 29, 2009",30.05,31.16,29.78,31.16,"921,000",28.29
"May 28, 2009",30.74,31.00,30.23,30.42,"500,700",27.62
"May 27, 2009",30.39,31.20,30.00,30.41,"269,100",27.61
"May 26, 2009",29.59,31.17,29.56,30.74,"399,300",27.91
"May 22, 2009",29.41,29.88,29.29,29.70,"97,100",26.96
"May 21, 2009",28.10,29.78,27.70,29.73,"311,600",26.99
"May 20, 2009",29.27,29.81,28.50,28.58,"317,000",25.94
"May 19, 2009",28.77,29.86,28.52,29.42,"342,500",26.71
"May 18, 2009",28.80,29.21,28.70,29.21,"162,100",26.52
"May 15, 2009",29.24,29.24,28.80,28.82,"498,900",26.16
"May 14, 2009",29.67,29.67,28.74,28.84,"392,600",26.18
"May 13, 2009",29.90,29.96,28.02,29.45,"593,600",26.73
"May 12, 2009",29.74,30.11,29.35,29.82,"189,000",27.07
"May 11, 2009",30.44,30.86,29.74,29.95,"277,000",27.19
"May 8, 2009",30.06,30.76,29.48,30.76,"490,900",27.92
"May 7, 2009",29.98,30.05,28.82,29.97,"395,100",27.21
"May 6, 2009",31.19,31.35,28.79,29.75,"906,500",27.01
"May 5, 2009",30.44,31.00,29.05,30.80,"496,500",27.96
"May 4, 2009",28.80,30.13,28.70,30.13,"384,000",27.35
"May 1, 2009",28.29,28.45,27.75,28.36,"242,800",25.75
"Apr 30, 2009",28.81,29.30,28.00,28.25,"571,100",25.65
"Apr 29, 2009",28.98,29.05,27.75,28.96,"951,000",26.29
"Apr 28, 2009",27.62,29.54,27.10,28.47,"1,585,700",25.85
"Apr 27, 2009",26.00,26.86,26.00,26.25,"536,700",23.83
"Apr 24, 2009",26.87,26.87,26.04,26.28,"615,300",23.86
"Apr 23, 2009",26.94,27.06,26.20,26.33,"391,000",23.90
"Apr 22, 2009",26.00,26.86,25.98,26.61,"464,400",24.16
"Apr 21, 2009",26.00,26.91,25.96,26.36,"276,400",23.93
"Apr 20, 2009",26.38,26.38,25.72,26.22,"354,600",23.80
"Apr 17, 2009",27.14,27.14,26.36,26.47,"658,400",24.03
"Apr 16, 2009",26.65,27.32,26.46,27.00,"228,800",24.51
"Apr 15, 2009",26.74,26.84,26.00,26.61,"754,400",24.16
"Apr 14, 2009",26.43,27.36,26.15,26.50,"377,000",24.06
"Apr 13, 2009",26.84,27.00,26.20,26.48,"394,100",24.04
"Apr 9, 2009",27.10,27.21,26.26,26.60,"789,500",24.15
"Apr 8, 2009",27.57,27.57,26.84,26.90,"378,500",24.42
"Apr 7, 2009",27.55,28.33,27.11,27.15,"664,300",24.65
"Apr 6, 2009",27.05,28.08,26.81,28.05,"353,200",25.46
"Apr 3, 2009",27.48,27.58,27.06,27.35,"370,600",24.83
"Apr 2, 2009",28.38,28.43,27.08,27.35,"517,400",24.83
"Apr 1, 2009",28.86,28.86,27.69,27.88,"760,500",25.31
"Mar 31, 2009",27.73,28.98,27.55,28.87,"3,027,700",26.21
"Mar 30, 2009",26.91,28.00,26.71,27.28,"516,600",24.76
"Mar 27, 2009",27.25,27.75,27.15,27.53,"332,000",24.99
"Mar 26, 2009",27.26,27.70,26.75,27.55,"462,300",25.01
"Mar 25, 2009",26.99,28.00,26.76,27.28,"557,200",24.76
"Mar 24, 2009",26.96,27.50,26.51,27.10,"742,300",24.60
"Mar 23, 2009",27.77,27.97,26.50,27.37,"623,400",24.85
"Mar 20, 2009",27.57,28.38,27.13,27.67,"442,200",25.12
"Mar 19, 2009",27.40,27.76,27.11,27.42,"326,700",24.89
"Mar 18, 2009",27.15,27.75,27.02,27.58,"333,700",25.04
"Mar 17, 2009",26.30,27.60,26.25,27.54,"336,800",25.00
"Mar 16, 2009",27.70,27.70,26.21,26.32,"437,400",23.89
"Mar 13, 2009",28.25,28.33,27.34,27.42,"430,200",24.89
"Mar 12, 2009",26.36,28.02,26.35,27.98,"1,003,600",25.40
"Mar 11, 2009",26.25,26.98,26.16,26.58,"812,200",24.13
"Mar 10, 2009",26.37,27.13,26.30,26.46,"251,600",24.02
"Mar 9, 2009",26.25,27.10,26.12,26.36,"166,500",23.93
"Mar 6, 2009",26.90,27.18,26.25,26.44,"526,200",24.00
"Mar 5, 2009",27.00,27.19,26.61,27.03,"910,600",24.54
"Mar 4, 2009",26.97,27.45,26.72,27.00,"544,600",24.51
"Mar 3, 2009",27.26,27.30,26.00,26.44,"750,100",24.00
"Mar 2, 2009",27.60,27.84,26.86,27.00,"585,300",24.51
"Feb 27, 2009",27.35,27.85,27.02,27.59,"457,000",25.05
"Feb 26, 2009",28.27,28.30,27.00,27.56,"601,600",25.02
"Feb 25, 2009",27.82,28.35,26.85,27.92,"985,000",25.35
"Feb 24, 2009",27.41,28.00,27.06,27.49,"911,300",24.96
"Feb 23, 2009",29.66,29.85,27.27,27.30,"1,100,500",24.78
"Feb 20, 2009",28.43,29.63,27.87,29.63,"1,547,800",26.90
"Feb 19, 2009",27.91,28.98,27.88,28.56,"1,156,200",25.93
"Feb 18, 2009",27.63,28.22,27.20,27.95,"1,465,800",25.37
"Feb 17, 2009",26.44,27.63,26.30,27.26,"1,264,600",24.75
"Feb 13, 2009",26.77,27.19,26.67,26.81,"1,064,800",24.34
"Feb 12, 2009",26.36,27.19,26.00,27.16,"3,970,800",24.66
"Feb 11, 2009",26.00,27.07,25.90,26.43,"21,745,900",23.99
"Apr 2, 2009",28.38,28.43,27.08,27.35,"517,400",24.83
"Apr 1, 2009",28.86,28.86,27.69,27.88,"760,500",25.31
"Mar 31, 2009",27.73,28.98,27.55,28.87,"3,027,700",26.21
"Mar 30, 2009",26.91,28.00,26.71,27.28,"516,600",24.76
"Mar 27, 2009",27.25,27.75,27.15,27.53,"332,000",24.99
"Mar 26, 2009",27.26,27.70,26.75,27.55,"462,300",25.01
"Mar 25, 2009",26.99,28.00,26.76,27.28,"557,200",24.76
"Mar 24, 2009",26.96,27.50,26.51,27.10,"742,300",24.60
"Mar 23, 2009",27.77,27.97,26.50,27.37,"623,400",24.85
"Mar 20, 2009",27.57,28.38,27.13,27.67,"442,200",25.12
"Mar 19, 2009",27.40,27.76,27.11,27.42,"326,700",24.89
"Mar 18, 2009",27.15,27.75,27.02,27.58,"333,700",25.04
"Mar 17, 2009",26.30,27.60,26.25,27.54,"336,800",25.00
"Mar 16, 2009",27.70,27.70,26.21,26.32,"437,400",23.89
"Mar 13, 2009",28.25,28.33,27.34,27.42,"430,200",24.89
"Mar 12, 2009",26.36,28.02,26.35,27.98,"1,003,600",25.40
"Mar 11, 2009",26.25,26.98,26.16,26.58,"812,200",24.13
"Mar 10, 2009",26.37,27.13,26.30,26.46,"251,600",24.02
"Mar 9, 2009",26.25,27.10,26.12,26.36,"166,500",23.93
"Mar 6, 2009",26.90,27.18,26.25,26.44,"526,200",24.00
"Mar 5, 2009",27.00,27.19,26.61,27.03,"910,600",24.54
"Mar 4, 2009",26.97,27.45,26.72,27.00,"544,600",24.51
"Mar 3, 2009",27.26,27.30,26.00,26.44,"750,100",24.00
"Mar 2, 2009",27.60,27.84,26.86,27.00,"585,300",24.51
"Feb 27, 2009",27.35,27.85,27.02,27.59,"457,000",25.05
"Feb 26, 2009",28.27,28.30,27.00,27.56,"601,600",25.02
"Feb 25, 2009",27.82,28.35,26.85,27.92,"985,000",25.35
"Feb 24, 2009",27.41,28.00,27.06,27.49,"911,300",24.96
"Feb 23, 2009",29.66,29.85,27.27,27.30,"1,100,500",24.78
"Feb 20, 2009",28.43,29.63,27.87,29.63,"1,547,800",26.90
"Feb 19, 2009",27.91,28.98,27.88,28.56,"1,156,200",25.93
"Feb 18, 2009",27.63,28.22,27.20,27.95,"1,465,800",25.37
"Feb 17, 2009",26.44,27.63,26.30,27.26,"1,264,600",24.75
"Feb 13, 2009",26.77,27.19,26.67,26.81,"1,064,800",24.34
"Feb 12, 2009",26.36,27.19,26.00,27.16,"3,970,800",24.66
"Feb 11, 2009",26.00,27.07,25.90,26.43,"21,745,900",23.99
