"Jul 1, 2014",34.42,34.64,34.01,34.20,"1,458,600",34.15
"Jun 30, 2014",34.53,34.60,34.18,34.50,"1,776,600",34.45
"Jun 27, 2014",33.75,34.48,33.73,34.43,"2,120,000",34.38
"Jun 26, 2014",33.60,33.75,33.25,33.71,"868,800",33.66
"Jun 25, 2014",32.97,33.65,32.97,33.52,"1,821,500",33.47
"Jun 24, 2014",34.07,34.09,33.09,33.12,"1,551,300",33.07
"Jun 23, 2014",33.75,34.20,33.70,34.04,"1,629,500",33.99
"Jun 20, 2014",33.35,33.88,33.26,33.85,"2,232,900",33.80
"Jun 19, 2014",32.99,33.33,32.88,33.24,"1,447,800",33.19
"Jun 18, 2014",32.75,32.95,32.43,32.89,"1,569,900",32.84
"Jun 17, 2014",32.18,32.76,32.02,32.71,"1,534,700",32.66
"Jun 16, 2014",32.35,32.47,32.11,32.28,"1,323,400",32.24
"Jun 13, 2014",32.03,32.35,31.74,32.33,"1,375,900",32.29
"Jun 12, 2014",31.72,32.18,31.66,31.90,"1,234,300",31.86
"Jun 11, 2014",31.51,31.78,31.35,31.66,"948,000",31.62
"Jun 10, 2014",31.85,31.98,31.60,31.66,"993,700",31.62
"Jun 9, 2014",32.03,32.18,31.84,31.92,"1,207,800",31.88
"Jun 6, 2014",31.77,32.11,31.72,31.87,"1,046,300",31.83
"Jun 5, 2014",31.55,31.79,31.30,31.74,"762,400",31.70
"Jun 4, 2014",31.53,31.78,31.30,31.47,"1,060,000",31.43
"Jun 3, 2014",31.40,31.71,31.11,31.58,"1,471,300",31.54
"Jun 2, 2014",31.94,31.94,31.32,31.47,"1,682,300",31.43
"May 30, 2014",31.86,32.00,31.59,31.94,"1,761,800",31.90
"May 29, 2014",31.55,31.96,31.53,31.92,"1,820,700",31.88
"May 28, 2014",30.95,31.56,30.76,31.50,"2,010,800",31.46
"May 27, 2014",30.68,30.90,30.42,30.82,"1,378,000",30.78
"May 23, 2014",30.71,30.83,30.50,30.57,"1,277,300",30.53
"May 22, 2014",31.09,31.17,30.57,30.61,"1,746,700",30.57
"May 21, 2014",31.00,31.29,30.90,31.13,"2,360,200",31.09
"May 20, 2014",30.69,31.00,30.55,30.95,"1,606,100",30.89
"May 19, 2014",30.57,30.75,30.43,30.64,"1,887,200",30.58
"May 16, 2014",30.71,30.80,30.28,30.51,"1,959,100",30.45
"May 15, 2014",30.93,30.99,30.40,30.79,"2,217,300",30.73
"May 14, 2014",31.03,31.10,30.79,30.89,"1,398,400",30.83
"May 13, 2014",31.17,31.22,30.81,31.00,"1,425,800",30.94
"May 12, 2014",31.06,31.46,30.83,31.16,"2,397,700",31.10
"May 9, 2014",31.15,31.29,30.75,31.00,"3,673,300",30.94
"May 8, 2014",31.75,32.50,31.04,31.17,"4,892,000",31.11
"May 7, 2014",30.70,30.87,30.20,30.86,"3,143,400",30.80
"May 6, 2014",30.00,30.54,29.98,30.47,"2,631,300",30.41
"May 5, 2014",30.11,30.35,29.95,30.06,"2,217,900",30.00
"May 2, 2014",30.47,30.78,30.23,30.25,"2,294,200",30.19
"May 1, 2014",30.75,30.94,30.24,30.44,"1,971,800",30.38
"Apr 30, 2014",31.08,31.12,30.67,30.69,"2,410,100",30.63
"Apr 29, 2014",31.56,31.93,31.10,31.18,"2,295,200",31.12
"Apr 28, 2014",31.33,31.65,31.14,31.43,"2,651,000",31.37
"Apr 25, 2014",32.03,32.12,30.89,31.18,"2,132,500",31.12
"Apr 24, 2014",32.18,32.49,31.64,32.18,"2,125,000",32.11
"Apr 23, 2014",31.51,32.24,31.51,32.11,"2,132,100",32.04
"Apr 22, 2014",31.86,31.86,31.25,31.41,"3,431,000",31.35
"Apr 21, 2014",32.38,32.65,32.19,32.32,"2,626,900",32.25
"Apr 17, 2014",31.77,32.59,31.66,32.32,"4,248,000",32.25
"Apr 16, 2014",31.40,31.80,31.38,31.61,"2,085,200",31.55
"Apr 15, 2014",30.93,31.40,30.86,31.29,"2,408,800",31.23
"Apr 14, 2014",31.02,31.12,30.69,31.00,"2,118,500",30.94
"Apr 11, 2014",31.04,31.35,30.75,30.78,"1,659,600",30.72
"Apr 10, 2014",31.41,31.68,30.99,31.11,"1,760,100",31.05
"Apr 9, 2014",31.29,31.51,30.95,31.38,"1,779,100",31.32
"Apr 8, 2014",30.84,31.41,30.76,31.36,"2,101,700",31.30
"Apr 7, 2014",31.22,31.39,30.70,30.84,"2,389,500",30.78
"Apr 4, 2014",31.43,31.70,31.22,31.38,"2,370,600",31.32
"Apr 3, 2014",30.72,31.28,30.40,31.06,"2,697,000",31.00
"Apr 2, 2014",30.17,30.72,30.17,30.70,"1,690,300",30.64
"Apr 1, 2014",29.67,30.20,29.59,30.20,"2,259,600",30.14
"Mar 31, 2014",29.74,29.77,29.30,29.44,"1,820,800",29.38
"Mar 28, 2014",29.59,29.87,29.49,29.71,"1,344,300",29.65
"Mar 27, 2014",29.07,29.73,28.98,29.40,"1,703,200",29.34
"Mar 26, 2014",29.07,29.47,28.97,29.00,"2,345,600",28.94
"Mar 25, 2014",29.06,29.18,28.79,28.97,"1,655,000",28.91
"Mar 24, 2014",29.05,29.25,28.87,29.05,"1,329,100",28.99
"Mar 21, 2014",29.29,29.42,28.83,28.96,"4,298,800",28.90
"Mar 20, 2014",28.93,29.09,28.70,29.07,"1,364,100",29.01
"Mar 19, 2014",28.91,29.00,28.55,28.74,"2,506,500",28.68
"Mar 18, 2014",28.53,29.04,28.33,29.00,"1,821,000",28.94
"Mar 17, 2014",28.51,28.79,28.24,28.56,"1,290,000",28.50
"Mar 14, 2014",28.31,28.61,28.11,28.45,"1,512,600",28.39
"Mar 13, 2014",28.81,28.89,28.12,28.39,"2,786,200",28.33
"Mar 12, 2014",28.37,28.90,28.29,28.88,"1,746,400",28.82
"Mar 11, 2014",29.05,29.16,28.47,28.61,"1,865,500",28.55
"Mar 10, 2014",29.10,29.26,28.70,28.96,"2,093,000",28.90
"Mar 7, 2014",29.16,29.34,28.91,29.31,"3,952,300",29.25
"Mar 6, 2014",28.84,29.06,28.69,28.90,"2,496,200",28.84
"Mar 5, 2014",29.14,29.43,28.66,28.82,"3,508,000",28.76
"Mar 4, 2014",28.57,29.00,28.52,28.78,"2,676,800",28.72
"Mar 3, 2014",28.76,29.17,28.32,28.43,"3,162,600",28.37
"Feb 28, 2014",28.37,29.09,28.25,28.93,"2,832,400",28.87
"Feb 27, 2014",28.86,28.86,28.21,28.43,"3,722,400",28.37
"Feb 26, 2014",27.71,29.02,25.93,28.81,"21,993,200",28.75
"Feb 25, 2014",32.40,32.53,31.41,32.02,"3,555,700",31.95
"Feb 24, 2014",31.88,33.32,31.80,32.38,"2,750,200",32.31
"Feb 21, 2014",31.77,32.01,31.58,31.66,"1,266,100",31.60
"Feb 20, 2014",31.96,32.15,31.48,31.88,"1,791,400",31.80
"Feb 19, 2014",31.88,32.67,31.88,32.01,"1,772,000",31.92
"Feb 18, 2014",31.98,32.20,31.59,32.03,"1,327,100",31.94
"Feb 14, 2014",31.68,31.91,31.54,31.82,"920,600",31.74
"Feb 13, 2014",31.41,31.83,31.18,31.74,"859,300",31.66
"Feb 12, 2014",31.77,31.99,31.56,31.67,"1,063,300",31.59
"Feb 11, 2014",31.12,31.70,30.91,31.55,"1,513,000",31.47
"Feb 10, 2014",30.55,30.95,30.12,30.89,"2,238,500",30.81
"Feb 7, 2014",30.96,31.18,30.49,30.64,"2,323,500",30.56
"Feb 6, 2014",29.96,30.92,29.96,30.77,"2,809,200",30.69
"Feb 5, 2014",30.80,30.80,29.81,29.87,"2,751,500",29.79
"Feb 4, 2014",30.56,31.30,30.38,30.76,"3,192,500",30.68
"Feb 3, 2014",30.80,31.01,30.04,30.13,"2,132,200",30.05
"Jan 31, 2014",30.73,31.34,30.51,30.89,"2,793,000",30.81
"Jan 30, 2014",30.85,32.32,30.85,31.29,"2,750,900",31.21
"Jan 29, 2014",30.31,31.28,30.08,30.99,"2,676,000",30.91
"Jan 28, 2014",30.39,30.68,30.34,30.61,"1,607,100",30.53
"Jan 27, 2014",30.72,30.75,29.93,30.27,"1,564,200",30.19
"Jan 24, 2014",31.09,31.20,30.68,30.84,"1,840,200",30.76
"Jan 23, 2014",31.08,31.36,30.98,31.32,"2,497,700",31.24
"Jan 22, 2014",30.78,31.36,30.72,31.30,"2,450,000",31.22
"Jan 21, 2014",30.20,30.84,29.93,30.80,"1,972,000",30.72
"Jan 17, 2014",30.25,30.39,29.90,29.98,"1,776,200",29.90
"Jan 16, 2014",29.68,30.20,29.65,30.14,"2,033,200",30.06
"Jan 15, 2014",29.99,30.12,29.67,29.70,"1,773,700",29.62
"Jan 14, 2014",29.40,30.23,29.40,29.99,"3,262,900",29.91
"Jan 13, 2014",29.44,29.75,29.29,29.33,"2,796,600",29.25
"Jan 10, 2014",29.44,29.78,29.23,29.55,"2,132,200",29.47
"Jan 9, 2014",29.78,29.84,29.06,29.35,"3,090,400",29.27
"Jan 8, 2014",29.75,29.98,29.48,29.72,"2,580,000",29.64
"Jan 7, 2014",30.12,30.25,29.58,29.76,"2,630,100",29.68
"Jan 6, 2014",30.25,30.31,29.92,29.93,"1,921,200",29.85
"Jan 3, 2014",30.26,30.47,30.00,30.24,"1,455,100",30.16
"Jan 2, 2014",30.47,30.68,29.98,30.18,"1,622,200",30.10
"Dec 31, 2013",30.52,30.80,30.47,30.65,"1,276,900",30.57
"Dec 30, 2013",30.80,31.10,30.51,30.58,"1,727,400",30.50
"Dec 27, 2013",30.71,30.90,30.36,30.80,"892,900",30.72
"Dec 26, 2013",31.00,31.10,30.24,30.47,"1,429,000",30.39
"Dec 24, 2013",30.52,31.05,30.43,30.97,"712,700",30.89
"Dec 23, 2013",30.22,30.90,30.22,30.51,"2,169,600",30.43
"Dec 20, 2013",30.38,30.50,29.91,30.01,"5,960,600",29.93
"Dec 19, 2013",30.07,30.52,29.94,30.46,"1,973,400",30.38
"Dec 18, 2013",30.61,30.70,30.03,30.28,"2,757,700",30.20
"Dec 17, 2013",30.81,30.81,30.32,30.59,"2,005,000",30.51
"Dec 16, 2013",30.62,31.01,30.53,30.90,"2,440,200",30.82
"Dec 13, 2013",29.77,30.80,29.68,30.69,"3,940,200",30.61
"Dec 12, 2013",30.12,30.16,29.55,29.65,"3,788,800",29.57
"Dec 11, 2013",30.80,30.98,29.95,30.06,"2,970,800",29.98
"Dec 10, 2013",31.00,31.44,30.46,30.76,"3,470,100",30.68
"Dec 9, 2013",31.50,31.58,29.60,30.96,"5,412,400",30.88
"Dec 6, 2013",32.15,32.29,31.33,31.43,"2,132,900",31.35
"Dec 5, 2013",32.06,32.20,31.65,31.79,"3,035,800",31.71
"Dec 4, 2013",32.22,32.47,31.48,32.17,"3,974,800",32.08
"Dec 3, 2013",33.07,33.45,32.19,32.26,"6,062,600",32.17
"Dec 2, 2013",32.13,32.51,31.89,32.32,"1,481,500",32.23
"Nov 29, 2013",32.15,32.46,31.97,32.02,"755,000",31.93
"Nov 27, 2013",31.99,32.60,31.97,32.10,"975,700",32.01
"Nov 26, 2013",32.78,33.03,32.55,32.72,"1,128,900",32.63
"Nov 25, 2013",33.25,33.25,32.33,32.83,"1,518,300",32.74
"Nov 22, 2013",33.43,33.45,33.00,33.41,"1,262,300",33.32
"Nov 21, 2013",33.08,33.53,32.98,33.23,"1,635,100",33.14
"Nov 20, 2013",32.88,33.25,32.60,32.93,"1,774,600",32.84
"Nov 19, 2013",32.64,32.95,32.20,32.80,"1,509,600",32.71
"Nov 18, 2013",33.76,33.81,32.55,32.64,"2,517,300",32.55
"Nov 15, 2013",33.50,33.87,33.25,33.48,"2,412,900",33.39
"Nov 14, 2013",32.60,33.73,32.59,33.36,"3,237,600",33.25
"Nov 13, 2013",31.82,33.40,31.77,32.51,"6,475,100",32.40
"Nov 12, 2013",32.80,32.96,32.03,32.06,"2,710,700",31.96
"Nov 11, 2013",32.45,32.99,32.38,32.94,"1,615,000",32.83
"Nov 8, 2013",31.81,32.62,31.77,32.42,"2,439,400",32.31
"Nov 7, 2013",32.47,32.57,31.49,31.81,"6,575,300",31.71
"Nov 6, 2013",31.75,32.62,31.59,32.42,"7,462,900",32.31
"Nov 5, 2013",33.30,33.46,32.87,33.28,"2,722,100",33.17
"Nov 4, 2013",32.89,33.49,32.84,33.45,"2,280,200",33.34
"Nov 1, 2013",32.90,33.07,32.11,32.80,"2,240,300",32.69
"Oct 31, 2013",33.11,33.29,32.81,33.06,"2,203,200",32.95
"Oct 30, 2013",33.32,33.49,32.66,33.05,"1,118,700",32.94
"Oct 29, 2013",33.10,33.49,33.07,33.29,"1,858,500",33.18
"Oct 28, 2013",33.05,33.20,32.83,32.92,"1,253,200",32.81
"Oct 25, 2013",33.25,33.44,32.89,33.14,"920,500",33.03
"Oct 24, 2013",32.68,33.04,32.49,32.99,"1,381,700",32.88
"Oct 23, 2013",33.13,33.13,32.48,32.64,"2,175,200",32.53
"Oct 22, 2013",33.23,34.24,32.72,32.90,"7,278,100",32.79
"Oct 21, 2013",31.32,31.39,30.85,31.09,"1,519,000",30.99
"Oct 18, 2013",31.13,31.72,30.95,31.22,"3,458,500",31.12
"Oct 17, 2013",30.62,31.00,30.44,30.89,"2,402,900",30.79
"Oct 16, 2013",30.00,30.72,29.94,30.64,"2,192,300",30.54
"Oct 15, 2013",29.63,29.95,29.38,29.81,"1,857,400",29.71
"Oct 14, 2013",29.27,29.95,29.23,29.71,"1,539,100",29.61
"Oct 11, 2013",28.96,29.76,28.87,29.46,"1,495,800",29.36
"Oct 10, 2013",28.54,29.08,28.44,29.08,"1,367,800",28.99
"Oct 9, 2013",28.07,28.49,27.97,28.28,"3,876,400",28.19
"Oct 8, 2013",28.07,28.35,27.64,28.11,"1,699,300",28.02
"Oct 7, 2013",28.34,28.70,28.13,28.16,"1,057,300",28.07
"Oct 4, 2013",27.98,28.86,27.98,28.68,"1,261,900",28.59
"Oct 3, 2013",28.14,28.26,27.70,28.02,"923,300",27.93
"Oct 2, 2013",28.03,28.40,27.74,28.17,"812,500",28.08
"Oct 1, 2013",27.71,28.50,27.68,28.26,"1,110,800",28.17
"Sep 30, 2013",27.65,27.76,27.47,27.69,"1,261,700",27.60
"Sep 27, 2013",28.29,28.33,27.80,27.98,"772,400",27.89
"Sep 26, 2013",28.51,28.62,27.96,28.48,"971,600",28.39
"Sep 25, 2013",28.16,28.62,28.06,28.49,"1,620,100",28.40
"Sep 24, 2013",27.80,28.22,27.36,28.05,"1,842,500",27.96
"Sep 23, 2013",27.81,28.07,27.28,27.80,"2,440,800",27.71
"Sep 20, 2013",28.56,28.66,27.77,27.97,"2,385,800",27.88
"Sep 19, 2013",29.04,29.18,28.41,28.55,"970,100",28.46
"Sep 18, 2013",28.75,29.23,28.40,29.02,"1,212,800",28.93
"Sep 17, 2013",28.39,28.86,28.39,28.70,"911,000",28.61
"Sep 16, 2013",28.39,28.44,28.12,28.31,"1,066,700",28.22
"Sep 13, 2013",28.65,28.66,28.05,28.12,"2,131,900",28.03
"Sep 12, 2013",28.36,28.83,28.17,28.78,"1,135,400",28.69
"Sep 11, 2013",28.09,28.33,27.87,28.33,"1,017,200",28.24
"Sep 10, 2013",28.47,28.48,28.02,28.21,"782,500",28.12
"Sep 9, 2013",28.31,28.70,28.31,28.43,"763,900",28.34
"Sep 6, 2013",28.49,28.74,28.16,28.25,"1,158,700",28.16
"Sep 5, 2013",28.05,28.30,27.98,28.27,"1,257,100",28.18
"Sep 4, 2013",27.85,28.19,27.66,27.99,"1,384,400",27.90
"Sep 3, 2013",27.60,28.04,27.46,27.98,"1,658,300",27.89
"Aug 30, 2013",27.61,27.69,27.23,27.32,"692,300",27.23
"Aug 29, 2013",27.57,27.72,27.40,27.58,"1,317,500",27.49
"Aug 28, 2013",27.71,27.92,27.62,27.70,"1,270,600",27.61
"Aug 27, 2013",27.67,27.94,27.51,27.64,"864,300",27.55
"Aug 26, 2013",28.27,28.49,27.88,27.99,"948,600",27.90
"Aug 23, 2013",28.29,28.47,27.94,28.20,"1,041,200",28.11
"Aug 22, 2013",27.61,28.34,27.50,28.19,"686,500",28.10
"Aug 21, 2013",27.78,27.85,27.28,27.45,"2,661,100",27.36
"Aug 20, 2013",28.16,28.46,27.89,27.95,"1,284,500",27.86
"Aug 19, 2013",28.66,28.81,28.16,28.18,"749,600",28.09
"Aug 16, 2013",28.84,28.93,28.51,28.68,"940,400",28.59
"Aug 15, 2013",28.79,29.01,28.66,28.98,"947,800",28.87
"Aug 14, 2013",29.11,29.16,28.73,29.10,"2,050,200",28.99
"Aug 13, 2013",29.61,29.61,28.97,29.01,"1,795,400",28.90
"Aug 12, 2013",29.28,29.67,29.22,29.49,"970,000",29.37
"Aug 9, 2013",30.05,30.17,29.48,29.51,"1,144,000",29.39
"Aug 8, 2013",29.84,30.27,29.41,30.04,"1,308,500",29.92
"Aug 7, 2013",30.45,30.50,29.72,29.84,"1,179,600",29.72
"Aug 6, 2013",30.89,31.12,30.28,30.57,"1,457,500",30.45
"Aug 5, 2013",30.25,31.52,30.03,30.99,"1,907,900",30.87
"Aug 2, 2013",30.14,31.23,30.02,30.26,"2,694,200",30.14
"Aug 1, 2013",30.62,30.99,28.83,30.22,"2,984,900",30.10
"Jul 31, 2013",30.29,30.80,30.05,30.49,"1,414,700",30.37
"Jul 30, 2013",30.15,30.21,29.72,30.01,"816,600",29.89
"Jul 29, 2013",30.21,30.24,29.59,30.10,"889,100",29.98
"Jul 26, 2013",30.47,30.60,30.08,30.46,"690,600",30.34
"Jul 25, 2013",30.22,30.91,30.22,30.67,"990,000",30.55
"Jul 24, 2013",30.50,30.59,30.11,30.26,"1,573,700",30.14
"Jul 23, 2013",29.97,30.64,29.97,30.49,"1,106,300",30.37
"Jul 22, 2013",29.83,30.33,29.71,29.93,"931,200",29.81
"Jul 19, 2013",29.53,29.89,29.11,29.86,"800,700",29.74
"Jul 18, 2013",28.72,29.85,28.69,29.53,"1,192,800",29.41
"Jul 17, 2013",28.90,28.94,28.48,28.58,"1,084,500",28.47
"Jul 16, 2013",29.20,29.32,28.59,28.82,"957,500",28.71
"Jul 15, 2013",29.69,29.72,28.76,29.17,"2,038,600",29.05
"Jul 12, 2013",29.80,29.93,29.13,29.62,"1,253,200",29.50
"Jul 11, 2013",29.90,30.33,29.75,29.85,"967,800",29.73
"Jul 10, 2013",29.36,29.54,29.17,29.47,"1,057,500",29.35
"Jul 9, 2013",29.28,29.51,29.06,29.29,"847,600",29.17
"Jul 8, 2013",29.54,29.75,28.96,29.20,"1,331,500",29.08
"Jul 5, 2013",28.78,29.33,28.61,29.30,"901,900",29.18
"Jul 3, 2013",28.55,28.69,28.24,28.60,"582,400",28.49
"Jul 2, 2013",28.21,28.88,28.19,28.51,"1,265,500",28.40
"Jul 1, 2013",28.05,28.47,27.81,28.15,"732,500",28.04
"Jun 28, 2013",27.82,28.01,27.62,27.78,"1,980,500",27.67
"Jun 27, 2013",28.28,28.65,27.93,27.95,"884,000",27.84
"Jun 26, 2013",28.49,28.66,27.95,28.02,"1,505,900",27.91
"Jun 25, 2013",28.35,28.58,27.87,28.21,"1,283,700",28.10
"Jun 24, 2013",27.76,28.43,26.99,28.06,"2,165,300",27.95
"Jun 21, 2013",28.27,28.40,27.54,28.24,"1,981,500",28.13
"Jun 20, 2013",28.50,28.58,27.82,28.05,"1,267,300",27.94
"Jun 19, 2013",29.59,29.76,28.90,28.97,"1,238,600",28.86
"Jun 18, 2013",29.70,29.89,29.52,29.71,"632,000",29.59
"Jun 17, 2013",29.61,29.70,29.17,29.61,"1,469,700",29.49
"Jun 14, 2013",29.49,29.75,29.17,29.27,"1,109,700",29.15
"Jun 13, 2013",29.07,29.70,28.74,29.53,"1,612,500",29.41
"Jun 12, 2013",29.75,29.76,28.91,29.02,"862,800",28.91
"Jun 11, 2013",29.49,29.66,29.23,29.46,"1,551,600",29.34
"Jun 10, 2013",30.06,30.24,29.73,30.01,"1,325,200",29.89
"Jun 7, 2013",29.87,30.21,29.52,30.00,"1,606,900",29.88
"Jun 6, 2013",29.51,29.76,29.13,29.67,"1,207,000",29.55
"Jun 5, 2013",29.56,29.94,29.37,29.56,"1,803,300",29.44
"Jun 4, 2013",28.87,29.91,28.81,29.37,"2,824,700",29.25
"Jun 3, 2013",28.42,28.74,28.17,28.63,"1,574,000",28.52
"May 31, 2013",28.67,28.92,28.35,28.36,"1,837,800",28.25
"May 30, 2013",28.99,29.10,28.69,28.77,"1,067,400",28.66
"May 29, 2013",28.52,29.06,28.42,28.95,"1,190,200",28.82
"May 28, 2013",29.23,29.31,28.65,28.72,"1,907,300",28.59
"May 24, 2013",28.55,28.70,28.12,28.67,"966,000",28.54
"May 23, 2013",28.13,28.93,27.99,28.90,"1,597,800",28.77
"May 22, 2013",29.25,29.63,28.41,28.53,"1,996,200",28.40
"May 21, 2013",29.46,30.26,29.24,29.25,"1,762,700",29.11
"May 20, 2013",29.17,29.69,29.17,29.33,"1,462,200",29.19
"May 17, 2013",28.48,29.42,28.00,29.21,"3,891,000",29.07
"May 16, 2013",28.94,29.39,28.61,28.67,"1,365,200",28.54
"May 15, 2013",29.31,29.59,28.87,29.17,"910,800",29.03
"May 14, 2013",29.38,29.79,29.35,29.47,"1,403,900",29.33
"May 13, 2013",29.74,29.92,29.12,29.34,"2,978,000",29.20
"May 10, 2013",28.48,30.05,28.29,29.88,"4,487,300",29.74
"May 9, 2013",27.81,28.48,27.54,28.36,"2,260,000",28.23
"May 8, 2013",27.61,27.82,27.29,27.78,"1,293,600",27.65
"May 7, 2013",27.85,28.05,27.37,27.54,"1,835,400",27.41
"May 6, 2013",27.87,28.09,27.60,27.74,"1,503,100",27.61
"May 3, 2013",27.47,27.87,27.26,27.83,"2,325,000",27.70
"May 2, 2013",27.09,27.34,26.81,26.86,"2,802,100",26.74
"May 1, 2013",26.92,28.10,26.24,26.95,"5,757,900",26.83
"Apr 30, 2013",28.68,29.04,28.38,28.71,"2,786,200",28.58
"Apr 29, 2013",28.01,28.77,27.92,28.68,"2,598,500",28.55
"Apr 26, 2013",28.18,28.30,27.51,27.77,"2,036,000",27.64
"Apr 25, 2013",28.49,29.07,28.13,28.22,"2,176,500",28.09
"Apr 24, 2013",28.06,28.50,28.03,28.41,"2,063,400",28.28
"Apr 23, 2013",28.44,28.44,27.75,28.01,"1,872,100",27.88
"Apr 22, 2013",28.50,28.64,27.85,28.32,"1,211,900",28.19
"Apr 19, 2013",29.16,29.19,28.14,28.41,"1,752,800",28.28
"Apr 18, 2013",28.95,29.47,28.51,29.12,"1,770,200",28.99
"Apr 17, 2013",29.24,29.37,28.41,28.86,"1,967,100",28.73
"Apr 16, 2013",29.23,29.70,28.90,29.47,"1,902,300",29.33
"Apr 15, 2013",30.46,30.56,28.81,28.84,"2,347,600",28.71
"Apr 12, 2013",31.24,31.25,30.42,30.80,"1,602,000",30.66
"Apr 11, 2013",31.49,31.61,31.23,31.41,"2,066,100",31.26
"Apr 10, 2013",31.32,31.56,31.09,31.35,"1,588,900",31.20
"Apr 9, 2013",30.98,31.52,30.88,31.27,"2,193,100",31.13
"Apr 8, 2013",30.11,30.89,29.78,30.87,"1,844,600",30.73
"Apr 5, 2013",29.11,30.16,29.08,29.80,"2,119,100",29.66
"Apr 4, 2013",29.73,30.43,29.35,29.51,"2,014,700",29.37
"Apr 3, 2013",31.23,31.23,29.60,29.76,"2,082,700",29.62
"Apr 2, 2013",31.48,31.53,31.13,31.20,"2,430,500",31.06
"Apr 1, 2013",31.71,31.75,31.21,31.35,"1,602,300",31.20
"Mar 28, 2013",31.66,32.20,31.55,31.84,"4,097,800",31.69
"Mar 27, 2013",31.58,32.02,31.35,31.65,"1,685,900",31.50
"Mar 26, 2013",31.37,31.98,31.37,31.75,"1,137,100",31.60
"Mar 25, 2013",31.60,31.89,31.10,31.22,"876,400",31.08
"Mar 22, 2013",31.38,31.71,31.27,31.45,"1,007,300",31.30
"Mar 21, 2013",31.57,31.87,31.12,31.12,"1,409,600",30.98
"Mar 20, 2013",31.88,32.09,31.65,31.86,"1,246,200",31.71
"Mar 19, 2013",32.33,32.44,31.42,31.56,"1,806,300",31.41
"Mar 18, 2013",31.92,32.65,31.92,32.21,"1,260,100",32.06
"Mar 15, 2013",32.51,32.90,32.10,32.47,"2,555,500",32.32
"Mar 14, 2013",31.86,32.81,31.67,32.62,"1,992,400",32.47
"Mar 13, 2013",31.48,31.88,31.29,31.77,"1,287,000",31.62
"Mar 12, 2013",31.44,31.71,31.21,31.41,"1,790,300",31.26
"Mar 11, 2013",31.27,31.90,31.16,31.38,"2,291,200",31.23
"Mar 8, 2013",30.76,31.61,30.62,31.24,"3,162,400",31.10
"Mar 7, 2013",29.89,30.78,29.74,30.63,"2,230,700",30.49
"Mar 6, 2013",30.08,30.24,29.46,29.82,"2,419,100",29.68
"Mar 5, 2013",29.72,30.11,29.70,30.00,"1,461,400",29.86
"Mar 4, 2013",29.79,29.94,28.90,29.48,"2,467,100",29.34
"Mar 1, 2013",30.18,30.28,29.52,29.84,"1,819,900",29.70
"Feb 28, 2013",30.84,30.87,30.33,30.46,"1,472,600",30.32
"Feb 27, 2013",30.11,30.91,30.07,30.88,"1,222,300",30.74
"Feb 26, 2013",29.93,30.23,29.55,30.06,"1,412,900",29.92
"Feb 25, 2013",30.62,31.00,29.78,29.80,"2,482,300",29.66
"Feb 22, 2013",29.57,30.44,29.51,30.39,"1,972,500",30.25
"Feb 21, 2013",29.50,29.54,28.82,29.41,"602,600",29.27
"Feb 20, 2013",30.00,30.97,29.51,29.98,"2,632,600",29.82
"Feb 19, 2013",29.89,30.71,29.73,30.62,"3,382,800",30.46
"Feb 15, 2013",29.94,30.11,29.25,29.89,"2,709,200",29.73
"Feb 14, 2013",30.06,30.27,29.73,29.82,"2,314,400",29.66
"Feb 13, 2013",29.77,30.20,29.49,30.12,"1,858,800",29.96
"Feb 12, 2013",29.47,29.81,29.42,29.74,"1,178,000",29.58
"Feb 11, 2013",29.59,29.68,29.38,29.51,"885,800",29.35
"Feb 8, 2013",29.55,29.79,29.43,29.65,"1,414,700",29.49
"Feb 7, 2013",29.72,30.00,29.54,29.57,"1,103,700",29.41
"Feb 6, 2013",29.61,29.80,29.16,29.65,"1,779,100",29.49
"Feb 5, 2013",29.76,29.98,29.65,29.80,"1,077,000",29.64
"Feb 4, 2013",29.57,29.81,29.37,29.55,"957,800",29.39
"Feb 1, 2013",29.63,29.96,29.30,29.79,"974,100",29.63
"Jan 31, 2013",29.53,29.79,29.20,29.35,"1,261,800",29.19
"Jan 30, 2013",30.19,30.64,29.53,29.64,"1,646,600",29.48
"Jan 29, 2013",29.15,30.30,29.13,30.16,"2,124,000",30.00
"Jan 28, 2013",30.00,30.00,29.10,29.21,"1,361,100",29.06
"Jan 25, 2013",29.61,30.07,29.61,29.81,"729,700",29.65
"Jan 24, 2013",29.56,30.06,29.40,29.53,"1,275,300",29.37
"Jan 23, 2013",29.94,30.03,29.47,29.53,"1,108,800",29.37
"Jan 22, 2013",29.77,30.14,29.70,30.01,"1,854,600",29.85
"Jan 18, 2013",30.06,30.22,29.64,29.81,"1,427,600",29.65
"Jan 17, 2013",29.81,30.27,29.69,30.09,"1,152,000",29.93
"Jan 16, 2013",29.63,29.85,29.38,29.75,"1,173,000",29.59
"Jan 15, 2013",29.12,29.67,29.02,29.67,"1,171,500",29.51
"Jan 14, 2013",29.40,29.63,29.21,29.30,"1,056,600",29.14
"Jan 11, 2013",29.50,29.86,29.14,29.44,"1,822,500",29.28
"Jan 10, 2013",29.61,29.69,29.16,29.45,"2,430,800",29.29
"Jan 9, 2013",29.73,29.84,29.32,29.39,"1,323,600",29.23
"Jan 8, 2013",29.84,29.84,29.30,29.68,"2,279,800",29.52
"Jan 7, 2013",31.63,31.63,29.51,29.78,"5,402,000",29.62
"Jan 4, 2013",30.96,31.39,30.87,31.37,"1,207,800",31.20
"Jan 3, 2013",30.54,31.25,30.28,30.93,"1,104,600",30.77
"Jan 2, 2013",30.87,30.87,29.93,30.62,"1,346,100",30.46
"Dec 31, 2012",29.48,30.33,29.34,30.27,"1,400,100",30.11
"Dec 28, 2012",29.91,30.18,29.60,29.61,"1,928,400",29.45
"Dec 27, 2012",29.97,30.20,29.63,30.14,"1,297,600",29.98
"Dec 26, 2012",30.21,30.41,29.84,29.92,"998,600",29.76
"Dec 24, 2012",30.00,30.30,29.96,30.04,"492,300",29.88
"Dec 21, 2012",30.21,30.49,30.09,30.32,"2,095,800",30.16
"Dec 20, 2012",30.32,30.60,30.03,30.51,"2,287,900",30.35
"Dec 19, 2012",31.41,31.41,30.32,30.34,"1,753,500",30.18
"Dec 18, 2012",30.26,31.40,30.24,30.97,"1,785,400",30.81
"Dec 17, 2012",29.85,30.17,29.72,30.14,"1,328,300",29.98
"Dec 14, 2012",29.77,30.07,29.58,29.67,"1,649,000",29.51
"Dec 13, 2012",29.92,30.17,29.80,29.90,"2,250,300",29.74
"Dec 12, 2012",29.85,30.15,29.75,29.96,"2,001,900",29.80
"Dec 11, 2012",29.79,30.17,29.54,29.70,"1,446,700",29.54
"Dec 10, 2012",30.01,30.01,29.39,29.64,"1,301,800",29.48
"Dec 7, 2012",29.99,30.07,29.77,29.95,"1,002,200",29.79
"Dec 6, 2012",29.44,29.93,29.33,29.88,"1,778,600",29.72
"Dec 5, 2012",28.77,29.60,28.73,29.56,"3,033,000",29.40
"Dec 4, 2012",28.45,28.72,28.36,28.50,"3,026,100",28.35
"Dec 3, 2012",28.43,28.64,28.30,28.52,"1,635,100",28.37
"Nov 30, 2012",28.25,28.42,27.93,28.12,"1,847,300",27.97
"Nov 29, 2012",28.34,28.52,28.12,28.21,"936,800",28.06
"Nov 28, 2012",28.02,28.16,27.57,28.15,"1,454,800",28.00
"Nov 27, 2012",28.34,28.72,28.20,28.30,"2,441,900",28.15
"Nov 26, 2012",28.44,28.75,28.21,28.59,"1,986,200",28.44
"Nov 23, 2012",28.63,28.77,28.42,28.69,"673,600",28.54
"Nov 21, 2012",27.76,28.70,27.74,28.63,"2,444,500",28.48
"Nov 20, 2012",27.47,27.72,27.40,27.72,"2,064,700",27.57
"Nov 19, 2012",27.12,27.83,27.12,27.63,"1,911,900",27.48
"Nov 16, 2012",26.91,26.91,25.99,26.67,"2,257,100",26.53
"Nov 15, 2012",27.14,27.58,26.65,26.89,"2,154,600",26.75
"Nov 14, 2012",27.89,28.06,27.11,27.19,"2,450,100",27.03
"Nov 13, 2012",27.83,28.71,27.57,27.83,"1,673,000",27.66
"Nov 12, 2012",28.24,28.48,28.03,28.19,"1,574,000",28.02
"Nov 9, 2012",28.57,28.97,28.14,28.55,"3,689,300",28.38
"Nov 8, 2012",28.39,28.82,28.28,28.65,"4,248,700",28.48
"Nov 7, 2012",28.42,28.56,27.89,28.40,"2,570,700",28.23
"Nov 6, 2012",28.55,29.06,28.55,29.04,"1,972,800",28.86
"Nov 5, 2012",28.50,28.83,28.22,28.55,"1,290,500",28.38
"Nov 2, 2012",29.38,29.71,28.34,28.56,"2,731,100",28.39
"Nov 1, 2012",28.61,29.47,27.92,29.38,"4,039,100",29.20
"Oct 31, 2012",30.41,32.03,28.36,29.00,"8,593,100",28.83
"Oct 26, 2012",31.58,31.88,31.19,31.48,"1,944,700",31.29
"Oct 25, 2012",31.73,31.94,31.52,31.65,"1,354,700",31.46
"Oct 24, 2012",31.05,31.73,30.94,31.38,"1,822,500",31.19
"Oct 23, 2012",30.76,31.04,30.33,30.92,"950,700",30.73
"Oct 22, 2012",31.73,32.04,30.95,31.35,"1,432,100",31.16
"Oct 19, 2012",31.66,32.10,31.40,31.79,"2,044,700",31.60
"Oct 18, 2012",31.83,31.86,31.25,31.67,"940,000",31.48
"Oct 17, 2012",31.90,32.20,31.66,31.90,"1,420,300",31.71
"Oct 16, 2012",31.82,32.36,31.70,31.90,"1,158,900",31.71
"Oct 15, 2012",31.89,32.14,31.34,31.52,"1,119,500",31.33
"Oct 12, 2012",32.38,32.62,31.93,32.00,"1,036,600",31.81
"Oct 11, 2012",32.23,32.92,31.90,32.49,"1,224,000",32.29
"Oct 10, 2012",31.69,32.02,31.45,31.82,"972,600",31.63
"Oct 9, 2012",31.61,32.12,31.48,31.76,"1,314,600",31.57
"Oct 8, 2012",31.44,31.60,31.24,31.52,"746,800",31.33
"Oct 5, 2012",32.50,32.50,31.32,31.67,"964,400",31.48
"Oct 4, 2012",31.67,32.44,31.62,32.08,"1,084,300",31.89
"Oct 3, 2012",32.45,32.45,31.18,31.36,"872,400",31.17
"Oct 2, 2012",32.10,32.86,32.02,32.41,"1,383,000",32.21
"Oct 1, 2012",31.80,32.47,31.80,32.08,"1,761,100",31.89
"Sep 28, 2012",31.41,31.84,31.12,31.66,"1,006,600",31.47
"Sep 27, 2012",31.06,31.88,30.99,31.66,"1,036,000",31.47
"Sep 26, 2012",30.92,31.05,30.26,30.77,"1,192,200",30.58
"Sep 25, 2012",31.74,31.77,31.02,31.04,"1,122,400",30.85
"Sep 24, 2012",31.68,32.07,31.39,31.51,"1,464,800",31.32
"Sep 21, 2012",32.25,32.34,31.51,31.96,"2,427,000",31.77
"Sep 20, 2012",31.68,32.31,31.22,32.06,"1,491,500",31.87
"Sep 19, 2012",32.43,32.47,31.91,32.04,"1,845,700",31.85
"Sep 18, 2012",32.74,33.23,31.92,32.29,"1,683,000",32.10
"Sep 17, 2012",33.08,33.50,32.75,32.91,"1,253,300",32.71
"Sep 14, 2012",32.77,33.23,32.57,33.22,"2,326,400",33.02
"Sep 13, 2012",31.74,32.71,31.49,32.58,"1,517,100",32.38
"Sep 12, 2012",30.83,31.93,30.75,31.75,"2,270,700",31.56
"Sep 11, 2012",29.97,30.79,29.87,30.66,"1,866,100",30.48
"Sep 10, 2012",29.42,30.01,29.42,29.64,"1,530,100",29.46
"Sep 7, 2012",28.63,29.70,28.58,29.62,"1,650,200",29.44
"Sep 6, 2012",28.46,28.96,28.35,28.51,"2,136,700",28.34
"Sep 5, 2012",28.70,28.80,28.13,28.14,"1,484,200",27.97
"Sep 4, 2012",28.71,28.87,28.29,28.68,"1,261,300",28.51
"Aug 31, 2012",28.55,28.96,28.27,28.69,"1,497,900",28.52
"Aug 30, 2012",28.85,28.85,28.21,28.24,"1,935,200",28.07
"Aug 29, 2012",29.02,29.16,28.80,29.00,"1,502,500",28.83
"Aug 28, 2012",28.66,29.23,28.52,29.01,"1,454,800",28.84
"Aug 27, 2012",28.81,29.03,28.31,28.67,"1,994,500",28.50
"Aug 24, 2012",27.23,29.55,27.15,28.80,"5,382,800",28.63
"Aug 23, 2012",27.93,28.02,27.06,27.18,"1,647,500",27.02
"Aug 22, 2012",27.61,28.09,27.36,28.01,"2,283,100",27.84
"Aug 21, 2012",27.49,28.23,27.47,27.69,"2,500,000",27.52
"Aug 20, 2012",27.00,27.36,26.77,27.36,"1,734,000",27.19
"Aug 17, 2012",26.64,27.14,26.54,27.09,"2,865,400",26.93
"Aug 16, 2012",26.54,26.70,26.12,26.54,"3,058,000",26.38
"Aug 15, 2012",26.70,26.95,26.37,26.52,"1,917,400",26.36
"Aug 14, 2012",27.01,27.35,26.56,26.71,"1,427,000",26.53
"Aug 13, 2012",27.87,27.99,26.79,26.97,"1,419,100",26.79
"Aug 10, 2012",27.93,28.01,27.39,27.95,"1,363,000",27.76
"Aug 9, 2012",27.88,28.51,27.81,28.18,"1,410,600",27.99
"Aug 8, 2012",27.64,28.55,27.58,27.93,"1,970,000",27.74
"Aug 7, 2012",27.69,28.77,27.69,28.24,"1,508,800",28.05
"Aug 6, 2012",27.45,27.89,27.35,27.47,"1,608,800",27.28
"Aug 3, 2012",27.74,28.00,27.19,27.39,"1,682,200",27.20
"Aug 2, 2012",28.03,28.10,26.56,27.00,"2,939,900",26.82
"Aug 1, 2012",29.00,29.71,26.65,28.67,"4,061,500",28.48
"Jul 31, 2012",30.49,30.49,29.98,30.03,"2,459,600",29.83
"Jul 30, 2012",29.45,30.47,29.35,30.25,"2,077,300",30.05
"Jul 27, 2012",29.12,29.63,28.85,29.36,"1,996,600",29.16
"Jul 26, 2012",28.86,29.10,28.30,28.89,"1,669,100",28.69
"Jul 25, 2012",28.70,28.89,28.03,28.28,"1,446,300",28.09
"Jul 24, 2012",28.97,29.09,28.17,28.51,"1,341,000",28.32
"Jul 23, 2012",28.65,29.16,28.34,29.00,"1,310,400",28.80
"Jul 20, 2012",29.49,29.49,28.92,29.45,"1,405,500",29.25
"Jul 19, 2012",29.97,30.18,29.48,29.76,"1,617,900",29.56
"Jul 18, 2012",29.35,30.07,29.26,29.86,"1,707,700",29.66
"Jul 17, 2012",29.37,29.64,28.53,29.54,"1,281,800",29.34
"Jul 16, 2012",28.72,29.52,28.38,29.19,"1,193,000",28.99
"Jul 13, 2012",28.41,29.03,28.17,28.89,"1,213,900",28.69
"Jul 12, 2012",28.05,28.50,27.52,28.26,"1,067,500",28.07
"Jul 11, 2012",28.22,28.62,27.89,28.40,"1,493,400",28.21
"Jul 10, 2012",29.10,29.31,27.70,28.03,"1,944,500",27.84
"Jul 9, 2012",29.00,29.36,28.68,28.90,"1,207,300",28.70
"Jul 6, 2012",28.91,29.46,28.62,29.06,"1,283,300",28.86
"Jul 5, 2012",29.81,30.00,29.27,29.36,"951,800",29.16
"Jul 3, 2012",29.59,30.07,29.49,30.00,"1,067,400",29.80
"Jul 2, 2012",29.89,29.99,29.00,29.37,"1,765,900",29.17
"Jun 29, 2012",29.11,30.01,28.98,29.97,"2,769,600",29.77
"Jun 28, 2012",27.31,28.60,27.18,28.34,"3,011,700",28.15
"Jun 27, 2012",25.63,27.74,25.62,27.55,"2,589,800",27.36
"Jun 26, 2012",24.49,25.78,24.49,25.50,"1,762,500",25.33
"Jun 25, 2012",24.99,25.06,24.35,24.52,"1,690,000",24.35
"Jun 22, 2012",25.28,25.61,24.60,25.43,"3,782,500",25.26
"Jun 21, 2012",26.70,26.76,25.01,25.06,"2,623,500",24.89
"Jun 20, 2012",27.45,27.69,26.45,26.65,"1,519,800",26.47
"Jun 19, 2012",27.62,27.91,27.22,27.49,"1,478,500",27.30
"Jun 18, 2012",27.20,27.57,26.92,27.48,"2,250,200",27.29
"Jun 15, 2012",26.55,27.55,26.39,27.50,"1,959,600",27.31
"Jun 14, 2012",25.76,26.55,25.54,26.43,"2,012,600",26.25
"Jun 13, 2012",25.99,26.50,25.50,25.65,"1,239,500",25.48
"Jun 12, 2012",25.91,26.29,25.56,26.27,"784,400",26.09
"Jun 11, 2012",26.63,26.72,25.73,25.77,"937,500",25.60
"Jun 8, 2012",26.31,26.40,25.76,26.29,"975,000",26.11
"Jun 7, 2012",27.39,27.64,26.30,26.43,"1,170,300",26.25
"Jun 6, 2012",26.11,26.90,26.04,26.90,"1,197,300",26.72
"Jun 5, 2012",25.22,26.00,25.07,25.76,"1,340,200",25.59
"Jun 4, 2012",25.67,25.71,24.76,25.31,"2,043,500",25.14
"Jun 1, 2012",25.72,25.72,24.95,25.32,"2,149,500",25.15
"May 31, 2012",26.22,26.60,25.35,26.32,"1,685,300",26.14
"May 30, 2012",26.98,26.98,26.03,26.17,"1,085,300",25.99
"May 29, 2012",27.02,27.62,26.88,27.47,"1,056,100",27.28
"May 25, 2012",26.21,26.75,26.21,26.64,"1,108,400",26.46
"May 24, 2012",27.17,27.17,25.89,26.25,"2,194,200",26.07
"May 23, 2012",26.63,27.09,25.86,27.08,"1,918,300",26.88
"May 22, 2012",27.35,27.66,26.63,26.88,"2,389,700",26.68
"May 21, 2012",26.30,27.37,26.16,27.27,"1,494,800",27.07
"May 18, 2012",27.00,27.18,26.17,26.28,"2,185,500",26.08
"May 17, 2012",26.92,27.51,26.58,26.79,"1,971,500",26.59
"May 16, 2012",27.40,27.97,26.88,26.89,"1,210,300",26.69
"May 15, 2012",28.64,28.74,27.15,27.23,"2,092,200",27.03
"May 14, 2012",28.83,28.94,28.55,28.64,"1,345,900",28.42
"May 11, 2012",29.31,30.11,29.02,29.33,"1,027,900",29.11
"May 10, 2012",30.41,30.46,29.42,29.55,"1,352,400",29.33
"May 9, 2012",29.62,30.37,29.36,30.04,"1,404,100",29.81
"May 8, 2012",30.00,30.40,29.19,30.25,"2,344,700",30.02
"May 7, 2012",29.79,30.53,29.51,30.29,"1,748,700",30.06
"May 4, 2012",29.49,30.22,29.43,29.92,"2,347,300",29.70
"May 3, 2012",30.28,30.34,29.73,29.87,"1,788,500",29.65
"May 2, 2012",31.07,31.19,30.21,30.29,"1,958,000",30.06
"May 1, 2012",30.81,31.72,30.61,31.49,"1,710,700",31.25
"Apr 30, 2012",30.58,30.95,30.26,30.81,"2,444,800",30.58
"Apr 27, 2012",30.79,31.05,30.39,30.62,"1,609,700",30.39
"Apr 26, 2012",29.95,30.84,29.79,30.58,"2,427,400",30.35
"Apr 25, 2012",29.50,30.24,28.21,30.14,"4,591,000",29.91
"Apr 24, 2012",29.95,30.36,29.50,30.00,"1,825,600",29.77
"Apr 23, 2012",28.75,30.10,28.52,29.80,"1,847,500",29.58
"Apr 20, 2012",29.58,29.97,29.15,29.32,"1,106,300",29.10
"Apr 19, 2012",29.42,29.77,29.13,29.42,"1,099,700",29.20
"Apr 18, 2012",29.52,29.63,29.02,29.35,"889,700",29.13
"Apr 17, 2012",28.73,29.99,28.68,29.75,"1,794,500",29.53
"Apr 16, 2012",28.65,28.76,27.85,28.40,"1,461,200",28.19
"Apr 13, 2012",28.84,28.91,28.18,28.42,"1,307,100",28.21
"Apr 12, 2012",28.05,29.04,28.01,28.99,"1,368,700",28.77
"Apr 11, 2012",28.63,28.98,27.88,27.98,"1,320,500",27.77
"Apr 10, 2012",29.06,29.30,28.22,28.24,"2,357,800",28.03
"Apr 9, 2012",29.13,29.42,28.65,29.15,"1,817,000",28.93
"Apr 5, 2012",30.13,30.50,29.56,29.70,"1,422,700",29.48
"Apr 4, 2012",30.65,30.79,30.05,30.40,"1,356,700",30.17
"Apr 3, 2012",31.50,31.63,30.70,31.16,"1,866,400",30.93
"Apr 2, 2012",30.46,32.03,30.21,31.55,"2,181,600",31.31
"Mar 30, 2012",29.89,30.72,29.76,30.50,"1,714,200",30.27
"Mar 29, 2012",29.33,29.78,28.93,29.72,"1,748,500",29.50
"Mar 28, 2012",30.10,30.13,29.31,29.61,"1,446,300",29.39
"Mar 27, 2012",30.63,30.63,30.13,30.25,"1,325,900",30.02
"Mar 26, 2012",30.85,30.99,30.39,30.61,"856,300",30.38
"Mar 23, 2012",30.60,30.78,30.10,30.45,"1,361,500",30.22
"Mar 22, 2012",31.22,31.35,30.16,30.45,"1,821,000",30.22
"Mar 21, 2012",32.33,32.33,31.72,31.91,"1,252,500",31.67
"Mar 20, 2012",32.59,32.76,32.12,32.28,"1,380,600",32.04
"Mar 19, 2012",31.91,33.26,31.91,33.06,"1,803,400",32.81
"Mar 16, 2012",31.65,32.04,31.58,31.91,"2,616,500",31.67
"Mar 15, 2012",30.75,31.56,30.43,31.47,"1,688,800",31.23
"Mar 14, 2012",31.05,31.40,30.51,30.64,"1,885,500",30.41
"Mar 13, 2012",30.86,31.15,30.39,31.03,"2,235,400",30.80
"Mar 12, 2012",31.94,31.99,30.42,30.65,"2,257,400",30.42
"Mar 9, 2012",32.44,32.84,31.65,31.99,"1,492,400",31.75
"Mar 8, 2012",32.40,32.62,31.84,32.32,"922,300",32.08
"Mar 7, 2012",32.09,32.55,31.68,32.01,"1,609,600",31.77
"Mar 6, 2012",31.73,32.03,30.88,31.98,"1,775,900",31.74
"Mar 5, 2012",32.85,32.85,31.88,32.22,"1,486,500",31.98
"Mar 2, 2012",33.67,33.93,32.74,32.84,"1,019,600",32.59
"Mar 1, 2012",32.73,34.29,32.73,33.83,"1,532,800",33.58
"Feb 29, 2012",34.81,34.87,33.95,34.14,"1,584,100",33.88
"Feb 28, 2012",34.90,35.61,34.72,34.76,"2,319,900",34.50
"Feb 27, 2012",34.25,35.48,34.08,34.90,"2,204,100",34.64
"Feb 24, 2012",34.13,34.45,33.90,34.32,"1,816,000",34.06
"Feb 23, 2012",32.71,34.92,32.71,34.03,"4,008,700",33.77
"Feb 22, 2012",32.45,32.53,31.33,31.57,"2,602,200",31.33
"Feb 21, 2012",32.80,32.83,32.36,32.49,"1,336,500",32.23
"Feb 17, 2012",32.40,32.75,31.96,32.53,"1,120,200",32.27
"Feb 16, 2012",31.15,32.65,30.95,32.12,"2,557,400",31.86
"Feb 15, 2012",31.30,31.77,31.00,31.27,"1,168,400",31.02
"Feb 14, 2012",30.91,31.25,30.64,31.00,"1,997,500",30.75
"Feb 13, 2012",30.80,31.00,30.44,30.90,"1,331,000",30.65
"Feb 10, 2012",31.00,31.11,30.13,30.39,"2,717,200",30.14
"Feb 9, 2012",30.44,31.66,30.21,31.46,"2,798,200",31.20
"Feb 8, 2012",29.83,30.46,29.55,30.41,"2,414,800",30.16
"Feb 7, 2012",29.75,29.92,29.15,29.84,"1,107,700",29.60
"Feb 6, 2012",29.48,29.91,29.07,29.89,"1,358,800",29.65
"Feb 3, 2012",29.50,29.89,29.33,29.74,"1,177,500",29.50
"Feb 2, 2012",29.02,29.33,28.89,29.18,"1,162,300",28.94
"Feb 1, 2012",29.00,29.15,28.49,28.90,"1,866,900",28.67
"Jan 31, 2012",29.50,29.57,28.55,28.64,"1,322,700",28.41
"Jan 30, 2012",28.80,29.33,28.45,29.23,"1,502,000",28.99
"Jan 27, 2012",28.82,29.46,28.77,29.22,"1,674,800",28.98
"Jan 26, 2012",30.20,30.20,28.72,28.96,"3,210,300",28.72
"Jan 25, 2012",28.75,30.06,28.46,30.00,"2,700,900",29.76
"Jan 24, 2012",28.50,29.11,28.20,28.90,"2,468,000",28.67
"Jan 23, 2012",27.60,29.09,27.60,28.88,"2,778,200",28.65
"Jan 20, 2012",27.34,27.57,26.81,27.45,"3,502,000",27.23
"Jan 19, 2012",27.70,27.89,27.30,27.45,"1,830,600",27.23
"Jan 18, 2012",27.00,27.67,26.90,27.64,"1,932,300",27.42
"Jan 17, 2012",27.30,27.41,26.75,27.00,"1,425,300",26.78
"Jan 13, 2012",27.88,28.21,26.73,26.90,"3,200,200",26.68
"Jan 12, 2012",29.06,29.06,28.26,28.40,"2,592,500",28.17
"Jan 11, 2012",30.68,30.69,28.79,29.11,"3,306,300",28.87
"Jan 10, 2012",31.46,31.56,30.71,30.89,"1,598,200",30.64
"Jan 9, 2012",31.00,31.22,30.64,30.84,"973,200",30.59
"Jan 6, 2012",31.78,31.83,31.06,31.10,"1,556,900",30.85
"Jan 5, 2012",31.61,31.91,31.04,31.66,"2,041,700",31.40
"Jan 4, 2012",30.49,31.56,30.25,31.46,"1,552,800",31.20
"Jan 3, 2012",30.20,30.82,29.88,30.57,"1,407,600",30.32
"Dec 30, 2011",29.29,29.64,29.15,29.30,"529,800",29.06
"Dec 29, 2011",29.07,29.32,28.85,29.23,"897,200",28.99
"Dec 28, 2011",30.01,30.08,29.05,29.09,"701,800",28.85
"Dec 27, 2011",29.80,30.20,29.77,30.05,"583,500",29.81
"Dec 23, 2011",29.90,29.99,29.61,29.86,"660,500",29.62
"Dec 22, 2011",29.43,29.89,29.35,29.77,"859,700",29.53
"Dec 21, 2011",29.21,29.35,28.73,29.24,"733,300",29.00
"Dec 20, 2011",28.50,29.32,28.46,29.18,"1,222,900",28.94
"Dec 19, 2011",29.04,29.04,27.68,27.77,"1,205,100",27.54
"Dec 16, 2011",28.85,29.25,28.54,28.87,"1,733,400",28.64
"Dec 15, 2011",28.63,28.91,28.37,28.51,"1,537,400",28.28
"Dec 14, 2011",29.41,29.56,28.08,28.25,"2,974,400",28.02
"Dec 13, 2011",30.88,31.56,29.39,29.81,"2,573,700",29.57
"Dec 12, 2011",31.47,31.52,30.35,30.73,"1,542,600",30.48
"Dec 9, 2011",31.48,32.16,31.36,32.03,"1,509,300",31.77
"Dec 8, 2011",32.18,32.52,31.15,31.31,"1,674,200",31.06
"Dec 7, 2011",32.19,32.62,31.77,32.48,"1,457,100",32.22
"Dec 6, 2011",32.73,32.75,32.09,32.36,"1,164,200",32.10
"Dec 5, 2011",32.35,32.99,32.17,32.74,"1,657,700",32.47
"Dec 2, 2011",32.38,32.53,31.65,31.73,"1,710,200",31.47
"Dec 1, 2011",32.48,32.96,31.89,32.00,"1,110,600",31.74
"Nov 30, 2011",32.38,32.99,32.02,32.65,"1,864,100",32.38
"Nov 29, 2011",30.84,31.25,30.41,30.73,"1,291,000",30.48
"Nov 28, 2011",30.21,31.23,30.12,30.60,"1,376,300",30.35
"Nov 25, 2011",29.27,29.62,28.78,28.79,"580,800",28.56
"Nov 23, 2011",30.04,30.36,29.38,29.42,"1,753,400",29.18
"Nov 22, 2011",31.30,31.41,30.31,30.63,"1,308,800",30.38
"Nov 21, 2011",31.00,31.65,30.23,31.44,"1,716,300",31.18
"Nov 18, 2011",32.02,32.51,31.37,31.78,"1,845,600",31.52
"Nov 17, 2011",33.84,33.98,31.75,31.98,"1,927,300",31.72
"Nov 16, 2011",34.01,35.25,33.75,33.98,"1,232,900",33.70
"Nov 15, 2011",34.17,34.72,33.90,34.39,"1,452,800",34.09
"Nov 14, 2011",36.58,36.75,33.40,34.21,"4,125,700",33.91
"Nov 11, 2011",36.60,37.26,36.59,37.02,"1,460,200",36.70
"Nov 10, 2011",35.32,36.70,34.92,35.82,"2,080,900",35.51
"Nov 9, 2011",35.85,35.85,34.34,34.61,"2,492,600",34.31
"Nov 8, 2011",37.56,37.75,36.44,37.05,"2,290,500",36.73
"Nov 7, 2011",38.20,38.30,36.71,37.25,"1,913,600",36.93
"Nov 4, 2011",36.99,38.44,36.67,38.34,"1,872,100",38.01
"Nov 3, 2011",36.42,37.32,35.75,37.28,"1,634,800",36.96
"Nov 2, 2011",35.63,36.18,35.21,35.92,"1,669,600",35.61
"Nov 1, 2011",33.83,35.45,33.43,35.00,"2,872,000",34.70
"Oct 31, 2011",36.19,36.71,35.53,35.55,"1,826,700",35.24
"Oct 28, 2011",35.33,37.01,35.06,36.94,"1,819,500",36.62
"Oct 27, 2011",36.02,37.00,35.10,35.38,"3,600,400",35.07
"Oct 26, 2011",33.49,34.54,31.24,34.00,"4,651,500",33.70
"Oct 25, 2011",32.85,33.36,31.31,31.40,"3,356,600",31.13
"Oct 24, 2011",33.03,33.48,32.94,33.31,"1,209,900",33.02
"Oct 21, 2011",32.46,33.41,31.99,32.85,"1,990,100",32.56
"Oct 20, 2011",32.31,32.61,31.20,31.73,"2,187,500",31.45
"Oct 19, 2011",32.94,33.66,32.42,32.51,"1,838,400",32.23
"Oct 18, 2011",30.95,33.62,30.58,33.13,"2,787,100",32.84
"Oct 17, 2011",30.81,31.37,30.70,30.97,"2,754,600",30.70
"Oct 14, 2011",29.95,30.85,29.69,30.81,"1,494,500",30.54
"Oct 13, 2011",28.22,29.47,27.77,29.38,"2,239,800",29.12
"Oct 12, 2011",28.43,29.26,28.30,28.50,"2,055,800",28.25
"Oct 11, 2011",28.19,28.81,27.75,28.15,"1,848,900",27.91
"Oct 10, 2011",28.16,28.77,28.14,28.47,"1,652,600",28.22
"Oct 7, 2011",28.82,29.00,27.30,27.43,"2,067,300",27.19
"Oct 6, 2011",28.02,28.96,27.45,28.49,"2,801,500",28.24
"Oct 5, 2011",26.36,28.47,25.89,28.34,"3,403,900",28.09
"Oct 4, 2011",24.32,26.37,23.56,26.31,"2,999,400",26.08
"Oct 3, 2011",26.69,26.70,24.80,24.82,"2,378,800",24.60
"Sep 30, 2011",27.36,28.22,26.52,27.07,"2,830,200",26.83
"Sep 29, 2011",28.46,28.49,27.20,27.88,"2,147,100",27.64
"Sep 28, 2011",29.65,29.65,27.65,27.71,"1,962,000",27.47
"Sep 27, 2011",28.72,30.36,28.66,29.58,"2,597,900",29.32
"Sep 26, 2011",27.90,28.13,27.16,27.85,"2,533,000",27.61
"Sep 23, 2011",28.10,28.33,27.49,27.50,"1,610,000",27.26
"Sep 22, 2011",29.94,30.49,27.77,28.48,"1,871,700",28.23
"Sep 21, 2011",32.96,33.05,31.33,31.39,"1,438,200",31.12
"Sep 20, 2011",33.12,33.64,32.80,33.12,"1,035,400",32.83
"Sep 19, 2011",33.00,33.11,32.40,32.89,"868,900",32.60
"Sep 16, 2011",34.54,34.68,33.46,33.77,"1,519,500",33.48
"Sep 15, 2011",33.70,34.28,33.32,34.12,"1,189,900",33.82
"Sep 14, 2011",32.86,33.85,32.47,33.31,"1,271,800",33.02
"Sep 13, 2011",32.72,33.02,32.27,32.80,"1,005,400",32.51
"Sep 12, 2011",32.31,32.82,31.86,32.69,"1,164,500",32.41
"Sep 9, 2011",33.65,34.04,32.74,32.95,"1,286,300",32.66
"Sep 8, 2011",34.60,34.69,33.75,34.45,"1,965,800",34.15
"Sep 7, 2011",34.14,35.06,34.01,35.03,"1,276,300",34.73
"Sep 6, 2011",32.76,33.80,32.17,33.73,"1,205,700",33.44
"Sep 2, 2011",34.16,34.42,33.64,34.04,"1,303,300",33.74
"Sep 1, 2011",35.56,36.12,35.04,35.12,"1,197,000",34.81
"Aug 31, 2011",34.95,35.67,34.77,35.21,"1,117,700",34.90
"Aug 30, 2011",34.37,34.91,33.92,34.62,"1,182,700",34.32
"Aug 29, 2011",34.62,34.79,34.14,34.60,"1,286,600",34.30
"Aug 26, 2011",33.15,34.89,32.49,34.08,"1,972,700",33.78
"Aug 25, 2011",35.05,35.43,33.29,33.38,"1,662,100",33.09
"Aug 24, 2011",34.57,34.99,33.75,34.87,"1,580,900",34.57
"Aug 23, 2011",34.00,34.79,33.45,34.75,"1,970,600",34.45
"Aug 22, 2011",34.75,34.89,33.19,33.83,"1,766,400",33.54
"Aug 19, 2011",33.16,34.68,32.96,33.89,"1,825,300",33.60
"Aug 18, 2011",35.07,35.40,33.39,33.82,"2,379,200",33.53
"Aug 17, 2011",36.82,37.56,35.89,36.17,"1,235,900",35.86
"Aug 16, 2011",36.57,37.30,35.89,36.54,"1,926,200",36.20
"Aug 15, 2011",36.25,37.07,36.14,36.98,"1,679,200",36.64
"Aug 12, 2011",36.72,37.26,35.59,35.84,"1,583,100",35.51
"Aug 11, 2011",34.87,36.96,34.34,36.36,"1,809,800",36.02
"Aug 10, 2011",35.05,36.53,34.47,34.59,"1,610,300",34.27
"Aug 9, 2011",35.00,36.18,33.96,36.07,"2,255,900",35.74
"Aug 8, 2011",36.26,36.68,33.47,33.99,"2,630,800",33.68
"Aug 5, 2011",39.25,39.77,35.94,37.36,"2,867,200",37.01
"Aug 4, 2011",41.95,41.95,38.54,38.75,"2,632,900",38.39
"Aug 3, 2011",42.61,42.72,41.21,42.64,"1,484,800",42.25
"Aug 2, 2011",43.81,44.55,42.46,42.51,"1,196,600",42.12
"Aug 1, 2011",44.38,44.49,43.76,44.12,"1,357,500",43.71
"Jul 29, 2011",43.29,44.16,43.17,43.83,"1,426,900",43.43
"Jul 28, 2011",43.12,44.03,43.07,43.80,"1,780,000",43.40
"Jul 27, 2011",44.13,45.03,41.23,43.00,"5,725,200",42.60
"Jul 26, 2011",44.92,45.20,44.40,45.15,"1,670,400",44.73
"Jul 25, 2011",44.23,45.18,44.06,45.00,"1,616,200",44.58
"Jul 22, 2011",43.82,45.19,43.62,44.68,"2,096,300",44.27
"Jul 21, 2011",42.67,44.02,42.66,43.89,"2,321,700",43.48
"Jul 20, 2011",42.00,42.56,41.87,42.53,"1,194,800",42.14
"Jul 19, 2011",41.21,41.94,41.06,41.87,"1,233,800",41.48
"Jul 18, 2011",41.31,41.36,40.32,40.91,"1,278,400",40.53
"Jul 15, 2011",40.51,41.77,40.51,41.53,"2,489,500",41.15
"Jul 14, 2011",40.76,41.11,39.93,39.95,"1,541,200",39.58
"Jul 13, 2011",40.47,41.03,40.17,40.29,"735,300",39.92
"Jul 12, 2011",40.35,40.94,39.97,40.23,"1,144,500",39.86
"Jul 11, 2011",41.29,41.35,40.33,40.48,"614,400",40.11
"Jul 8, 2011",41.90,42.46,41.82,41.94,"1,108,400",41.55
"Jul 7, 2011",42.19,42.70,42.03,42.50,"1,393,100",42.11
"Jul 6, 2011",42.37,42.37,41.55,41.71,"998,900",41.32
"Jul 5, 2011",42.65,42.95,41.94,42.20,"976,900",41.81
"Jul 1, 2011",41.99,42.75,41.78,42.67,"818,600",42.28
"Jun 30, 2011",41.99,42.26,41.70,41.83,"823,800",41.44
"Jun 29, 2011",41.71,42.33,41.35,41.76,"1,120,200",41.37
"Jun 28, 2011",41.06,41.74,40.93,41.65,"1,127,300",41.27
"Jun 27, 2011",40.29,41.07,40.05,40.82,"1,136,500",40.44
"Jun 24, 2011",40.02,40.68,39.85,40.52,"2,583,500",40.15
"Jun 23, 2011",38.56,39.99,38.47,39.93,"1,514,000",39.56
"Jun 22, 2011",39.44,40.28,39.22,39.59,"1,742,700",39.22
"Jun 21, 2011",39.15,39.79,39.00,39.60,"637,300",39.23
"Jun 20, 2011",38.43,38.81,37.91,38.80,"1,386,500",38.44
"Jun 17, 2011",39.35,39.44,38.30,38.60,"1,631,400",38.24
"Jun 16, 2011",39.20,39.68,38.67,38.91,"1,059,900",38.55
"Jun 15, 2011",39.59,39.98,38.90,39.20,"1,164,400",38.84
"Jun 14, 2011",39.79,40.61,39.75,40.06,"868,600",39.69
"Jun 13, 2011",39.93,40.41,39.00,39.36,"1,454,000",39.00
"Jun 10, 2011",40.45,40.83,39.66,39.88,"1,246,100",39.51
"Jun 9, 2011",40.10,40.40,39.89,39.96,"1,088,200",39.59
"Jun 8, 2011",40.03,40.64,39.72,39.95,"1,647,700",39.58
"Jun 7, 2011",40.74,40.84,39.92,39.97,"1,074,500",39.60
"Jun 6, 2011",41.94,42.21,40.30,40.33,"1,186,400",39.96
"Jun 3, 2011",41.49,42.52,41.00,42.06,"999,300",41.67
"Jun 2, 2011",42.06,42.43,41.48,42.02,"989,000",41.63
"Jun 1, 2011",43.49,43.70,41.95,42.10,"1,097,000",41.71
"May 31, 2011",42.90,43.54,42.64,43.50,"1,561,400",43.10
"May 27, 2011",42.83,43.17,41.92,42.52,"937,500",42.13
"May 26, 2011",42.10,42.58,41.70,42.53,"894,600",42.14
"May 25, 2011",41.32,42.50,40.85,42.15,"886,900",41.76
"May 24, 2011",41.67,42.94,41.47,41.50,"818,800",41.10
"May 23, 2011",40.96,41.80,40.74,41.50,"1,102,100",41.10
"May 20, 2011",41.30,42.25,40.61,41.90,"766,600",41.49
"May 19, 2011",41.25,41.41,40.51,41.30,"687,800",40.90
"May 18, 2011",41.05,41.63,40.85,41.04,"789,500",40.64
"May 17, 2011",40.52,41.37,40.48,40.99,"1,138,300",40.59
"May 16, 2011",40.30,41.37,40.22,40.81,"1,541,900",40.41
"May 13, 2011",40.07,40.89,39.86,40.40,"839,300",40.01
"May 12, 2011",40.21,40.26,38.94,39.97,"1,936,400",39.58
"May 11, 2011",41.74,41.74,39.92,40.32,"1,138,500",39.93
"May 10, 2011",41.95,42.34,41.57,41.91,"640,000",41.50
"May 9, 2011",41.28,42.17,41.28,41.92,"765,000",41.51
"May 6, 2011",40.91,42.11,40.74,41.19,"1,552,400",40.79
"May 5, 2011",40.35,41.16,39.92,40.39,"1,479,400",40.00
"May 4, 2011",40.99,41.17,40.14,40.85,"1,356,500",40.45
"May 3, 2011",42.14,42.14,40.56,41.00,"1,534,800",40.60
"May 2, 2011",42.99,43.19,42.03,42.32,"1,667,100",41.91
"Apr 29, 2011",41.46,42.86,40.98,42.73,"1,675,400",42.31
"Apr 28, 2011",40.75,41.54,40.30,41.48,"996,200",41.08
"Apr 27, 2011",39.62,41.38,39.53,40.97,"1,860,200",40.57
"Apr 26, 2011",40.64,40.82,38.99,39.57,"1,900,000",39.19
"Apr 25, 2011",40.53,41.13,40.02,40.17,"1,386,100",39.78
"Apr 21, 2011",39.57,40.54,39.54,40.48,"1,194,400",40.09
"Apr 20, 2011",38.70,39.53,38.38,39.52,"1,352,200",39.14
"Apr 19, 2011",38.01,38.57,37.89,37.93,"1,050,400",37.56
"Apr 18, 2011",37.83,38.20,37.35,38.01,"1,245,300",37.64
"Apr 15, 2011",38.00,38.63,37.71,38.32,"989,900",37.95
"Apr 14, 2011",37.77,38.04,37.11,37.85,"1,330,900",37.48
"Apr 13, 2011",38.32,38.72,37.76,38.05,"1,296,900",37.68
"Apr 12, 2011",39.03,39.63,37.29,38.03,"2,020,900",37.66
"Apr 11, 2011",39.93,40.04,39.12,39.18,"1,032,600",38.80
"Apr 8, 2011",40.34,40.62,39.66,39.93,"1,369,300",39.54
"Apr 7, 2011",39.94,40.27,39.45,40.13,"2,551,400",39.74
"Apr 6, 2011",41.34,41.57,39.98,40.04,"1,195,500",39.65
"Apr 5, 2011",41.89,42.22,41.08,41.13,"932,100",40.73
"Apr 4, 2011",41.22,42.33,41.21,41.85,"1,310,500",41.44
"Apr 1, 2011",41.15,41.64,40.68,41.04,"1,647,400",40.64
"Mar 31, 2011",40.12,40.73,40.00,40.54,"1,948,300",40.15
"Mar 30, 2011",40.45,41.20,40.00,40.11,"1,552,400",39.72
"Mar 29, 2011",40.11,40.26,39.43,40.18,"1,471,400",39.79
"Mar 28, 2011",41.40,41.73,40.00,40.03,"1,188,600",39.64
"Mar 25, 2011",41.41,42.00,41.18,41.26,"1,609,000",40.86
"Mar 24, 2011",40.70,41.58,40.43,41.27,"1,031,800",40.87
"Mar 23, 2011",40.36,40.76,40.01,40.35,"677,500",39.96
"Mar 22, 2011",40.73,41.00,40.28,40.39,"1,067,300",40.00
"Mar 21, 2011",39.65,41.28,39.55,40.68,"1,507,300",40.28
"Mar 18, 2011",39.30,39.39,38.45,39.15,"2,577,600",38.77
"Mar 17, 2011",38.40,39.05,38.05,38.91,"931,000",38.53
"Mar 16, 2011",37.48,37.92,36.79,37.45,"1,688,500",37.09
"Mar 15, 2011",37.37,37.70,36.70,37.40,"1,804,000",37.04
"Mar 14, 2011",37.46,38.73,37.13,38.57,"1,323,600",38.20
"Mar 11, 2011",36.87,38.08,36.61,37.80,"679,800",37.43
"Mar 10, 2011",37.15,37.84,36.11,37.30,"1,192,800",36.94
"Mar 9, 2011",37.70,38.63,37.36,37.78,"1,094,900",37.41
"Mar 8, 2011",38.10,38.65,37.83,38.01,"834,000",37.62
"Mar 7, 2011",38.60,38.93,37.61,38.07,"495,800",37.68
"Mar 4, 2011",38.57,38.65,37.94,38.40,"927,300",38.01
"Mar 3, 2011",38.97,39.05,38.21,38.59,"792,200",38.19
"Mar 2, 2011",38.47,38.95,37.90,38.42,"1,261,100",38.03
"Mar 1, 2011",39.80,39.80,38.37,38.51,"883,000",38.12
"Feb 28, 2011",39.21,39.86,39.16,39.55,"1,639,400",39.15
"Feb 25, 2011",38.07,39.14,37.76,39.07,"1,277,900",38.67
"Feb 24, 2011",37.67,38.89,36.91,37.94,"2,248,600",37.55
"Feb 23, 2011",38.88,39.20,37.66,38.82,"1,580,300",38.42
"Feb 22, 2011",39.15,40.00,38.53,38.89,"2,068,900",38.49
"Feb 18, 2011",39.31,39.31,38.47,39.09,"1,245,500",38.69
"Feb 17, 2011",39.44,40.26,38.95,39.30,"1,178,200",38.90
"Feb 16, 2011",38.97,39.59,38.22,39.35,"1,267,400",38.95
"Feb 15, 2011",39.13,39.30,38.58,38.78,"740,800",38.38
"Feb 14, 2011",38.60,39.65,38.57,39.22,"1,120,300",38.82
"Feb 11, 2011",37.77,38.64,37.38,38.51,"1,443,900",38.12
"Feb 10, 2011",38.52,38.68,37.73,37.85,"2,217,900",37.46
"Feb 9, 2011",39.54,39.60,38.54,38.92,"1,208,500",38.52
"Feb 8, 2011",40.28,40.28,39.42,39.76,"889,800",39.35
"Feb 7, 2011",40.42,40.61,40.06,40.29,"863,900",39.88
"Feb 4, 2011",40.52,40.61,39.89,40.28,"751,900",39.87
"Feb 3, 2011",40.68,41.03,40.27,40.50,"1,523,800",40.09
"Feb 2, 2011",41.40,41.74,40.42,40.82,"1,560,100",40.40
"Feb 1, 2011",40.88,41.97,40.64,41.50,"1,742,900",41.08
"Jan 31, 2011",39.09,41.04,39.08,40.64,"1,714,500",40.22
"Jan 28, 2011",39.58,39.64,38.82,38.96,"936,100",38.56
"Jan 27, 2011",39.36,39.66,38.97,39.58,"1,301,900",39.17
"Jan 26, 2011",38.91,39.49,38.32,39.29,"1,077,600",38.89
"Jan 25, 2011",38.44,38.82,38.02,38.79,"886,000",38.39
"Jan 24, 2011",37.61,38.65,37.58,38.61,"1,016,700",38.21
"Jan 21, 2011",38.09,38.91,37.25,37.51,"1,909,900",37.13
"Jan 20, 2011",37.90,38.10,37.26,37.90,"1,098,400",37.51
"Jan 19, 2011",38.77,38.93,37.60,37.89,"1,082,300",37.50
"Jan 18, 2011",38.29,38.70,37.97,38.65,"641,700",38.25
"Jan 14, 2011",38.54,38.54,37.65,38.24,"1,058,900",37.85
"Jan 13, 2011",39.13,39.18,38.28,38.55,"1,158,500",38.16
"Jan 12, 2011",38.19,39.39,38.19,39.25,"1,899,800",38.85
"Jan 11, 2011",37.31,37.99,37.09,37.83,"1,105,000",37.44
"Jan 10, 2011",36.65,37.46,36.13,37.19,"795,000",36.81
"Jan 7, 2011",36.02,36.94,36.02,36.92,"1,059,200",36.54
"Jan 6, 2011",36.52,36.95,36.05,36.59,"973,700",36.22
"Jan 5, 2011",36.30,36.88,35.86,36.58,"833,100",36.21
"Jan 4, 2011",36.83,36.83,35.78,36.51,"1,180,400",36.14
"Jan 3, 2011",36.58,36.71,36.33,36.52,"1,263,000",36.15
"Dec 31, 2010",35.92,36.96,35.86,36.31,"817,800",35.94
"Dec 30, 2010",36.26,36.50,35.65,36.01,"591,500",35.64
"Dec 29, 2010",36.31,36.66,36.15,36.23,"441,200",35.86
"Dec 28, 2010",36.41,36.46,35.97,36.19,"503,600",35.82
"Dec 27, 2010",36.75,36.77,35.97,36.27,"544,700",35.90
"Dec 23, 2010",36.87,37.09,36.65,36.95,"579,000",36.57
"Dec 22, 2010",37.44,37.70,37.05,37.17,"559,600",36.79
"Dec 21, 2010",36.84,37.52,36.19,37.43,"740,200",37.05
"Dec 20, 2010",36.66,37.00,36.07,36.63,"1,197,500",36.25
"Dec 17, 2010",36.72,36.80,36.03,36.71,"1,628,800",36.33
"Dec 16, 2010",36.49,36.93,36.23,36.77,"727,000",36.39
"Dec 15, 2010",37.31,37.77,36.41,36.51,"1,168,100",36.14
"Dec 14, 2010",37.81,38.11,37.24,37.49,"583,900",37.11
"Dec 13, 2010",37.48,38.06,37.19,37.91,"1,261,400",37.52
"Dec 10, 2010",37.25,37.55,36.85,37.07,"861,900",36.69
"Dec 9, 2010",37.47,37.60,37.01,37.29,"701,600",36.91
"Dec 8, 2010",38.10,38.33,37.06,37.21,"740,100",36.83
"Dec 7, 2010",37.74,38.31,37.73,38.12,"1,523,200",37.73
"Dec 6, 2010",36.92,37.44,36.92,37.36,"1,040,400",36.98
"Dec 3, 2010",36.91,37.12,36.71,37.01,"1,264,400",36.63
"Dec 2, 2010",36.43,37.00,36.35,36.91,"1,181,400",36.53
"Dec 1, 2010",35.68,36.81,35.68,36.45,"1,537,500",36.08
"Nov 30, 2010",34.84,35.57,34.42,35.13,"1,094,300",34.77
"Nov 29, 2010",34.77,35.41,34.12,35.23,"357,900",34.87
"Nov 26, 2010",35.27,35.49,34.62,34.91,"217,200",34.55
"Nov 24, 2010",34.52,35.70,34.08,35.55,"1,082,900",35.19
"Nov 23, 2010",35.21,35.28,33.94,34.32,"799,400",33.97
"Nov 22, 2010",34.69,35.93,34.34,35.54,"1,358,800",35.16
"Nov 19, 2010",34.34,34.81,33.78,34.77,"947,700",34.39
"Nov 18, 2010",34.01,34.70,33.82,34.26,"1,023,800",33.89
"Nov 17, 2010",32.99,34.01,32.91,33.62,"1,073,900",33.26
"Nov 16, 2010",33.12,33.28,32.25,32.88,"584,400",32.53
"Nov 15, 2010",33.20,34.24,33.20,33.26,"1,207,600",32.90
"Nov 12, 2010",33.54,33.76,32.55,32.99,"530,500",32.63
"Nov 11, 2010",33.37,34.00,33.34,33.85,"512,900",33.48
"Nov 10, 2010",33.39,33.82,32.93,33.66,"514,800",33.30
"Nov 9, 2010",33.64,34.80,33.03,33.51,"1,833,100",33.15
"Nov 8, 2010",33.35,33.53,32.56,33.31,"1,025,100",32.95
"Nov 5, 2010",34.18,34.29,33.03,33.46,"1,034,400",33.10
"Nov 4, 2010",34.45,34.73,33.77,34.18,"860,400",33.81
"Nov 3, 2010",33.76,34.01,33.07,34.01,"683,100",33.64
"Nov 2, 2010",33.17,33.61,32.67,33.41,"741,700",33.05
"Nov 1, 2010",33.39,33.82,32.35,32.89,"794,400",32.53
"Oct 29, 2010",32.35,33.49,32.28,33.03,"926,200",32.67
"Oct 28, 2010",31.89,32.50,31.69,32.41,"910,600",32.06
"Oct 27, 2010",30.11,32.20,30.11,31.75,"1,151,300",31.41
"Oct 26, 2010",32.09,32.70,31.73,32.39,"1,620,800",32.04
"Oct 25, 2010",31.98,32.04,31.38,31.45,"439,200",31.11
"Oct 22, 2010",31.92,31.92,31.42,31.80,"469,100",31.46
"Oct 21, 2010",31.62,32.24,31.05,31.78,"584,700",31.44
"Oct 20, 2010",31.60,32.00,31.34,31.62,"798,400",31.28
"Oct 19, 2010",31.25,31.67,30.71,31.48,"1,201,600",31.14
"Oct 18, 2010",31.09,32.00,30.97,31.87,"1,076,500",31.53
"Oct 15, 2010",30.65,31.19,30.45,31.15,"1,338,100",30.81
"Oct 14, 2010",30.38,30.80,30.15,30.53,"1,098,000",30.20
"Oct 13, 2010",29.86,30.60,29.69,30.49,"1,629,100",30.16
"Oct 12, 2010",30.08,30.18,29.54,29.68,"1,136,600",29.36
"Oct 11, 2010",30.28,30.43,30.10,30.20,"508,300",29.87
"Oct 8, 2010",30.46,30.72,30.29,30.35,"967,100",30.02
"Oct 7, 2010",30.82,30.98,30.23,30.45,"778,800",30.12
"Oct 6, 2010",30.39,30.83,30.15,30.79,"1,242,200",30.46
"Oct 5, 2010",30.23,30.57,30.19,30.39,"898,100",30.06
"Oct 4, 2010",30.32,30.48,29.94,30.04,"560,100",29.72
"Oct 1, 2010",30.29,30.89,30.21,30.35,"1,063,200",30.02
"Sep 30, 2010",29.94,30.75,29.81,30.14,"951,300",29.81
"Sep 29, 2010",29.81,30.05,29.61,29.88,"887,100",29.56
"Sep 28, 2010",29.15,29.88,28.74,29.84,"569,900",29.52
"Sep 27, 2010",29.30,29.50,29.13,29.17,"616,800",28.86
"Sep 24, 2010",29.54,29.73,29.24,29.34,"1,139,500",29.02
"Sep 23, 2010",29.17,29.48,29.07,29.30,"1,345,700",28.98
"Sep 22, 2010",29.36,29.58,28.99,29.30,"1,443,500",28.98
"Sep 21, 2010",29.70,29.71,28.65,29.24,"1,687,000",28.92
"Sep 20, 2010",29.31,30.00,28.85,29.77,"834,600",29.45
"Sep 17, 2010",29.86,30.16,29.06,29.19,"2,999,900",28.87
"Sep 16, 2010",29.61,30.07,29.51,29.70,"872,600",29.38
"Sep 15, 2010",29.62,29.89,29.40,29.87,"463,400",29.55
"Sep 14, 2010",29.78,29.85,29.27,29.76,"937,900",29.44
"Sep 13, 2010",30.49,30.49,29.01,29.77,"1,569,700",29.45
"Sep 10, 2010",30.08,30.22,29.83,30.07,"986,800",29.75
"Sep 9, 2010",30.76,31.03,30.00,30.08,"383,800",29.76
"Sep 8, 2010",30.85,31.30,30.26,30.55,"874,400",30.22
"Sep 7, 2010",31.47,31.74,31.25,31.31,"378,800",30.97
"Sep 3, 2010",31.68,31.85,31.11,31.75,"617,200",31.41
"Sep 2, 2010",30.84,31.55,30.33,31.31,"546,200",30.97
"Sep 1, 2010",29.50,30.80,29.30,30.76,"929,200",30.43
"Aug 31, 2010",29.21,29.72,28.57,29.03,"1,402,300",28.72
"Aug 30, 2010",30.34,30.61,29.44,29.45,"736,600",29.13
"Aug 27, 2010",30.62,30.68,29.76,30.38,"730,700",30.05
"Aug 26, 2010",30.71,31.04,30.16,30.41,"1,205,500",30.08
"Aug 25, 2010",30.55,30.90,30.16,30.54,"758,700",30.21
"Aug 24, 2010",30.66,30.93,30.33,30.65,"893,600",30.32
"Aug 23, 2010",31.09,31.48,30.58,31.17,"497,900",30.83
"Aug 20, 2010",30.93,31.37,30.77,31.01,"724,300",30.68
"Aug 19, 2010",31.29,31.46,30.76,31.34,"441,800",31.00
"Aug 18, 2010",31.42,31.90,30.79,31.50,"980,500",31.16
"Aug 17, 2010",30.64,31.93,30.29,31.60,"1,117,400",31.24
"Aug 16, 2010",30.07,30.63,29.63,30.32,"935,700",29.97
"Aug 13, 2010",30.75,31.25,29.92,30.14,"1,841,400",29.80
"Aug 12, 2010",31.50,31.50,30.06,30.89,"1,094,900",30.54
"Aug 11, 2010",32.92,32.92,31.57,31.78,"860,300",31.42
"Aug 10, 2010",34.21,34.28,33.39,33.61,"853,000",33.23
"Aug 9, 2010",34.08,34.46,33.14,34.30,"554,300",33.91
"Aug 6, 2010",34.41,34.71,33.01,33.97,"300,200",33.58
"Aug 5, 2010",34.60,35.06,34.32,34.89,"204,000",34.49
"Aug 4, 2010",34.61,34.99,34.26,34.90,"272,600",34.50
"Aug 3, 2010",34.21,34.79,33.40,34.56,"230,200",34.17
"Aug 2, 2010",33.79,34.32,33.62,33.90,"516,400",33.51
"Jul 30, 2010",32.41,35.15,31.68,34.42,"2,745,800",34.03
"Jul 29, 2010",31.49,33.16,31.34,32.50,"3,203,200",32.13
"Jul 28, 2010",30.42,31.01,30.35,30.91,"1,706,600",30.56
"Jul 27, 2010",30.20,31.00,29.51,30.16,"1,705,700",29.82
"Jul 26, 2010",29.18,29.60,28.95,29.58,"888,800",29.24
"Jul 23, 2010",29.99,29.99,29.05,29.27,"662,500",28.94
"Jul 22, 2010",30.01,30.37,29.81,30.02,"852,800",29.68
"Jul 21, 2010",30.56,30.56,29.39,29.72,"861,500",29.38
"Jul 20, 2010",29.51,30.51,29.11,30.43,"1,201,600",30.08
"Jul 19, 2010",29.86,30.32,29.55,29.80,"1,046,400",29.46
"Jul 16, 2010",30.22,30.54,29.25,29.72,"1,342,500",29.38
"Jul 15, 2010",30.42,30.61,29.69,30.53,"1,660,000",30.18
"Jul 14, 2010",30.25,30.57,30.02,30.47,"896,500",30.12
"Jul 13, 2010",30.39,30.67,30.33,30.47,"1,379,900",30.12
"Jul 12, 2010",30.44,30.44,30.00,30.19,"1,356,300",29.85
"Jul 9, 2010",30.32,31.21,30.09,30.44,"1,732,700",30.09
"Jul 8, 2010",29.95,31.09,29.91,30.30,"2,271,400",29.95
"Jul 7, 2010",28.51,29.63,27.90,29.54,"2,222,400",29.20
"Jul 6, 2010",29.61,29.61,28.01,28.18,"2,271,400",27.86
"Jul 2, 2010",29.50,29.96,28.88,29.02,"3,081,100",28.69
"Jul 1, 2010",30.40,31.03,29.22,29.31,"2,811,500",28.98
"Jun 30, 2010",30.25,31.15,30.15,30.83,"7,171,100",30.48
"Jun 29, 2010",32.00,32.00,30.07,30.31,"818,800",29.96
"Jun 28, 2010",32.71,32.71,32.10,32.25,"361,700",31.88
"Jun 25, 2010",32.25,32.95,32.08,32.51,"562,300",32.14
"Jun 24, 2010",32.47,34.24,31.98,32.00,"420,200",31.63
"Jun 23, 2010",32.17,32.27,31.74,32.27,"7,300",31.90
"Jun 22, 2010",33.85,33.85,32.30,32.30,"81,900",31.93
"Jun 21, 2010",34.31,34.75,33.50,33.75,"12,000",33.36
"Jun 18, 2010",34.25,34.50,34.25,34.50,300,34.11
"Jun 17, 2010",34.25,34.55,33.80,34.00,"21,700",33.61
"Jun 16, 2010",37.00,37.00,34.60,34.61,"62,900",34.21
"Jul 26, 2010",29.18,29.60,28.95,29.58,"888,800",29.24
"Jul 23, 2010",29.99,29.99,29.05,29.27,"662,500",28.94
"Jul 22, 2010",30.01,30.37,29.81,30.02,"852,800",29.68
"Jul 21, 2010",30.56,30.56,29.39,29.72,"861,500",29.38
"Jul 20, 2010",29.51,30.51,29.11,30.43,"1,201,600",30.08
"Jul 19, 2010",29.86,30.32,29.55,29.80,"1,046,400",29.46
"Jul 16, 2010",30.22,30.54,29.25,29.72,"1,342,500",29.38
"Jul 15, 2010",30.42,30.61,29.69,30.53,"1,660,000",30.18
"Jul 14, 2010",30.25,30.57,30.02,30.47,"896,500",30.12
"Jul 13, 2010",30.39,30.67,30.33,30.47,"1,379,900",30.12
"Jul 12, 2010",30.44,30.44,30.00,30.19,"1,356,300",29.85
"Jul 9, 2010",30.32,31.21,30.09,30.44,"1,732,700",30.09
"Jul 8, 2010",29.95,31.09,29.91,30.30,"2,271,400",29.95
"Jul 7, 2010",28.51,29.63,27.90,29.54,"2,222,400",29.20
"Jul 6, 2010",29.61,29.61,28.01,28.18,"2,271,400",27.86
"Jul 2, 2010",29.50,29.96,28.88,29.02,"3,081,100",28.69
"Jul 1, 2010",30.40,31.03,29.22,29.31,"2,811,500",28.98
"Jun 30, 2010",30.25,31.15,30.15,30.83,"7,171,100",30.48
"Jun 29, 2010",32.00,32.00,30.07,30.31,"818,800",29.96
"Jun 28, 2010",32.71,32.71,32.10,32.25,"361,700",31.88
"Jun 25, 2010",32.25,32.95,32.08,32.51,"562,300",32.14
"Jun 24, 2010",32.47,34.24,31.98,32.00,"420,200",31.63
"Jun 23, 2010",32.17,32.27,31.74,32.27,"7,300",31.90
"Jun 22, 2010",33.85,33.85,32.30,32.30,"81,900",31.93
"Jun 21, 2010",34.31,34.75,33.50,33.75,"12,000",33.36
"Jun 18, 2010",34.25,34.50,34.25,34.50,300,34.11
"Jun 17, 2010",34.25,34.55,33.80,34.00,"21,700",33.61
"Jun 16, 2010",37.00,37.00,34.60,34.61,"62,900",34.21
