"Jul 1, 2014",81.34,81.84,80.76,81.51,"439,900",81.31
"Jun 30, 2014",80.41,81.21,80.24,81.14,"527,400",80.94
"Jun 27, 2014",80.53,80.81,79.94,80.37,"586,300",80.17
"Jun 26, 2014",80.78,81.10,79.85,80.84,"443,900",80.64
"Jun 25, 2014",80.22,81.32,79.92,80.73,"563,400",80.53
"Jun 24, 2014",81.34,81.81,80.36,80.38,"1,034,400",80.18
"Jun 23, 2014",81.88,82.22,81.28,81.66,"969,500",81.46
"Jun 20, 2014",82.04,82.37,81.02,82.04,"1,695,600",81.84
"Jun 19, 2014",80.68,82.17,80.46,82.06,"1,374,700",81.86
"Jun 18, 2014",79.72,80.75,79.32,80.70,"870,600",80.50
"Jun 17, 2014",77.91,79.87,77.58,79.72,"965,000",79.52
"Jun 16, 2014",77.21,78.25,76.83,78.20,"523,000",78.01
"Jun 13, 2014",77.17,77.41,76.95,77.39,"361,300",77.20
"Jun 12, 2014",77.18,77.35,77.02,77.06,"703,000",76.87
"Jun 11, 2014",77.74,77.83,77.20,77.32,"362,000",77.13
"Jun 10, 2014",78.26,78.26,77.34,77.87,"568,100",77.68
"Jun 9, 2014",77.85,78.45,77.60,78.37,"445,500",78.18
"Jun 6, 2014",77.32,78.07,77.24,77.99,"447,800",77.80
"Jun 5, 2014",76.31,77.40,76.04,77.26,"362,200",77.07
"Jun 4, 2014",76.73,76.76,76.00,76.20,"342,400",76.01
"Jun 3, 2014",76.51,77.08,76.26,76.89,"533,800",76.70
"Jun 2, 2014",76.60,76.85,76.28,76.78,"414,100",76.59
"May 30, 2014",76.47,76.57,75.64,76.46,"436,900",76.27
"May 29, 2014",76.70,76.82,76.36,76.49,"308,100",76.30
"May 28, 2014",76.80,77.00,76.29,76.59,"416,600",76.40
"May 27, 2014",77.07,77.35,76.43,76.81,"597,400",76.42
"May 23, 2014",75.91,76.72,75.87,76.62,"323,500",76.23
"May 22, 2014",74.99,75.80,74.86,75.71,"421,400",75.33
"May 21, 2014",74.14,75.08,74.00,74.95,"509,600",74.57
"May 20, 2014",75.49,75.52,73.92,74.02,"692,300",73.64
"May 19, 2014",74.99,75.85,74.68,75.69,"347,100",75.31
"May 16, 2014",74.36,75.19,73.69,75.16,"392,300",74.78
"May 15, 2014",73.89,74.41,73.01,74.28,"472,400",73.90
"May 14, 2014",75.00,75.20,73.94,73.97,"468,700",73.59
"May 13, 2014",75.70,75.95,75.14,75.16,"453,200",74.78
"May 12, 2014",75.54,75.88,74.98,75.55,"726,500",75.17
"May 9, 2014",76.57,76.65,75.00,75.41,"722,200",75.03
"May 8, 2014",75.50,78.38,74.02,76.72,"1,427,200",76.33
"May 7, 2014",74.65,75.12,74.16,74.47,"617,800",74.09
"May 6, 2014",75.82,75.96,74.51,74.60,"736,000",74.22
"May 5, 2014",75.07,76.11,74.35,75.97,"540,500",75.58
"May 2, 2014",75.18,75.94,75.04,75.46,"368,800",75.08
"May 1, 2014",74.90,75.72,74.80,75.18,"443,200",74.80
"Apr 30, 2014",74.28,75.16,74.27,75.07,"568,600",74.69
"Apr 29, 2014",74.57,74.90,74.17,74.36,"373,400",73.98
"Apr 28, 2014",74.50,74.88,73.23,74.27,"530,900",73.89
"Apr 25, 2014",74.81,74.81,73.94,74.09,"418,000",73.71
"Apr 24, 2014",74.76,75.16,74.17,75.05,"420,600",74.67
"Apr 23, 2014",74.97,75.83,74.57,74.59,"453,300",74.21
"Apr 22, 2014",74.70,75.29,74.42,74.86,"568,900",74.48
"Apr 21, 2014",74.50,75.02,74.01,74.75,"426,300",74.37
"Apr 17, 2014",74.48,75.11,74.15,74.39,"687,200",74.01
"Apr 16, 2014",73.51,74.63,73.42,74.59,"487,700",74.21
"Apr 15, 2014",74.00,74.27,72.13,73.10,"750,200",72.73
"Apr 14, 2014",73.87,74.81,73.39,73.89,"776,600",73.51
"Apr 11, 2014",73.98,74.16,73.35,73.46,"749,700",73.09
"Apr 10, 2014",75.78,75.88,74.04,74.14,"647,500",73.76
"Apr 9, 2014",75.54,76.37,75.43,75.80,"892,000",75.42
"Apr 8, 2014",74.70,75.59,74.40,75.28,"615,200",74.90
"Apr 7, 2014",76.22,76.46,74.37,74.73,"660,500",74.35
"Apr 4, 2014",76.24,78.15,76.11,76.32,"1,030,000",75.93
"Apr 3, 2014",76.49,76.70,75.77,75.94,"632,500",75.55
"Apr 2, 2014",77.77,77.78,76.16,76.34,"973,600",75.95
"Apr 1, 2014",76.06,77.72,76.06,77.66,"667,700",77.27
"Mar 31, 2014",76.22,76.61,75.75,75.91,"581,100",75.52
"Mar 28, 2014",74.97,76.30,74.80,75.73,"753,200",75.35
"Mar 27, 2014",73.84,75.01,73.22,74.59,"779,000",74.21
"Mar 26, 2014",75.07,75.11,73.90,73.91,"749,400",73.53
"Mar 25, 2014",75.25,75.39,74.10,74.71,"1,253,400",74.33
"Mar 24, 2014",76.00,77.24,74.71,75.09,"1,819,100",74.71
"Mar 21, 2014",77.28,77.89,74.50,74.50,"1,951,300",74.12
"Mar 20, 2014",78.09,78.27,76.93,77.22,"1,273,000",76.83
"Mar 19, 2014",79.54,79.71,78.13,78.43,"656,100",78.03
"Mar 18, 2014",79.20,80.02,79.08,79.70,"642,200",79.30
"Mar 17, 2014",79.27,79.61,78.91,79.20,"620,000",78.80
"Mar 14, 2014",78.19,79.18,78.04,78.74,"805,400",78.34
"Mar 13, 2014",80.00,80.24,78.24,78.36,"899,800",77.96
"Mar 12, 2014",79.85,80.19,79.57,79.71,"1,124,600",79.31
"Mar 11, 2014",81.20,81.23,79.90,80.11,"1,009,400",79.70
"Mar 10, 2014",81.59,81.76,80.96,80.98,"688,900",80.57
"Mar 7, 2014",82.07,82.49,81.69,81.89,"1,195,700",81.47
"Mar 6, 2014",81.64,81.97,81.51,81.81,"942,700",81.39
"Mar 5, 2014",81.63,81.77,81.32,81.58,"1,183,000",81.17
"Mar 4, 2014",81.55,82.04,81.09,81.31,"1,671,900",80.90
"Mar 3, 2014",80.67,81.03,80.24,80.90,"963,700",80.49
"Feb 28, 2014",81.11,81.51,80.79,81.24,"1,141,900",80.83
"Feb 27, 2014",80.57,81.25,80.54,80.96,"1,023,500",80.55
"Feb 26, 2014",80.93,81.86,80.59,80.79,"1,107,400",80.38
"Feb 25, 2014",81.01,81.73,80.79,80.90,"1,253,400",80.29
"Feb 24, 2014",80.64,81.91,80.59,81.07,"690,100",80.46
"Feb 21, 2014",80.00,81.21,79.78,80.70,"1,043,600",80.09
"Feb 20, 2014",79.43,80.59,79.13,80.02,"921,400",79.42
"Feb 19, 2014",78.91,80.15,78.60,79.26,"1,129,300",78.66
"Feb 18, 2014",78.95,79.80,78.15,78.77,"1,008,700",78.18
"Feb 14, 2014",76.23,80.19,75.20,78.95,"1,432,100",78.36
"Feb 13, 2014",77.23,78.18,76.95,77.44,"1,077,400",76.86
"Feb 12, 2014",76.90,77.83,76.56,77.83,"656,600",77.24
"Feb 11, 2014",75.77,77.27,75.77,76.78,"693,700",76.20
"Feb 10, 2014",76.18,76.48,75.48,75.80,"948,300",75.23
"Feb 7, 2014",74.54,76.51,74.54,76.30,"912,400",75.73
"Feb 6, 2014",73.28,74.52,73.20,74.44,"509,800",73.88
"Feb 5, 2014",72.06,73.42,71.63,72.99,"735,100",72.44
"Feb 4, 2014",72.08,72.84,71.51,72.47,"841,700",71.92
"Feb 3, 2014",72.80,72.91,71.33,71.89,"985,300",71.35
"Jan 31, 2014",72.46,73.16,72.12,72.52,"847,200",71.97
"Jan 30, 2014",73.32,74.23,72.65,73.46,"418,900",72.91
"Jan 29, 2014",72.75,73.08,71.97,72.37,"789,600",71.82
"Jan 28, 2014",73.48,73.88,73.00,73.57,"519,600",73.02
"Jan 27, 2014",73.74,74.29,72.47,72.94,"642,300",72.39
"Jan 24, 2014",74.57,74.67,73.51,73.61,"746,400",73.06
"Jan 23, 2014",75.05,75.40,74.27,75.26,"622,600",74.69
"Jan 22, 2014",75.79,76.64,75.22,75.68,"711,700",75.11
"Jan 21, 2014",74.40,76.04,73.19,75.28,"1,227,400",74.71
"Jan 17, 2014",74.75,75.26,74.11,74.17,"1,166,800",73.61
"Jan 16, 2014",76.00,76.33,75.09,75.15,"924,600",74.58
"Jan 15, 2014",76.14,76.85,75.98,76.07,"656,800",75.50
"Jan 14, 2014",76.53,76.71,75.20,76.19,"1,383,300",75.62
"Jan 13, 2014",78.75,80.25,76.15,76.31,"1,826,700",75.73
"Jan 10, 2014",82.19,82.88,81.36,82.01,"865,300",81.39
"Jan 9, 2014",83.02,83.13,81.62,82.43,"1,152,700",81.81
"Jan 8, 2014",84.55,84.73,82.42,82.43,"895,900",81.81
"Jan 7, 2014",84.75,85.22,84.45,84.56,"459,700",83.92
"Jan 6, 2014",85.42,85.58,84.43,84.53,"418,100",83.89
"Jan 3, 2014",85.66,86.07,84.93,84.98,"510,400",84.34
"Jan 2, 2014",85.68,86.62,85.04,85.48,"582,000",84.84
"Dec 31, 2013",86.06,86.41,85.61,86.41,"377,800",85.76
"Dec 30, 2013",84.88,86.22,84.78,86.19,"420,200",85.54
"Dec 27, 2013",85.00,85.02,84.43,84.66,"245,500",84.02
"Dec 26, 2013",84.61,85.03,84.16,84.92,"464,300",84.28
"Dec 24, 2013",84.34,84.65,83.96,84.24,"400,800",83.61
"Dec 23, 2013",83.92,84.38,83.62,84.03,"579,400",83.40
"Dec 20, 2013",83.67,84.75,83.39,83.69,"1,188,500",83.06
"Dec 19, 2013",82.86,84.27,82.74,83.36,"1,140,200",82.73
"Dec 18, 2013",81.51,82.97,81.08,82.91,"660,100",82.29
"Dec 17, 2013",81.35,81.56,80.61,81.37,"746,800",80.76
"Dec 16, 2013",81.10,81.56,80.33,81.47,"1,676,600",80.86
"Dec 13, 2013",80.42,81.03,79.79,80.73,"1,023,900",80.12
"Dec 12, 2013",80.22,81.01,79.15,80.33,"1,583,000",79.72
"Dec 11, 2013",79.50,85.73,79.10,81.00,"7,623,800",80.39
"Dec 10, 2013",74.53,75.38,74.37,75.25,"986,400",74.68
"Dec 9, 2013",74.24,74.83,73.40,74.74,"741,200",74.18
"Dec 6, 2013",73.63,74.12,73.14,73.99,"627,400",73.43
"Dec 5, 2013",72.72,73.36,72.30,72.85,"797,600",72.30
"Dec 4, 2013",72.83,73.79,72.46,72.66,"1,049,700",72.11
"Dec 3, 2013",73.59,73.78,72.61,73.25,"1,071,300",72.70
"Dec 2, 2013",74.47,74.94,73.81,73.97,"666,100",73.41
"Nov 29, 2013",74.73,75.27,74.24,74.59,"249,100",74.03
"Nov 27, 2013",74.97,75.08,74.18,74.77,"385,400",74.21
"Nov 26, 2013",74.20,74.89,73.58,74.80,"938,400",74.24
"Nov 25, 2013",74.80,74.86,73.68,74.26,"684,800",73.55
"Nov 22, 2013",75.08,75.36,74.34,74.65,"738,000",73.94
"Nov 21, 2013",74.90,75.12,74.57,75.04,"346,200",74.32
"Nov 20, 2013",75.12,75.42,74.17,74.47,"822,500",73.76
"Nov 19, 2013",74.58,75.39,74.51,74.80,"768,700",74.09
"Nov 18, 2013",75.69,75.95,74.61,74.70,"730,100",73.99
"Nov 15, 2013",76.78,76.86,74.68,75.46,"1,105,200",74.74
"Nov 14, 2013",76.75,77.11,76.07,76.40,"703,000",75.67
"Nov 13, 2013",75.87,76.60,75.36,76.60,"611,200",75.87
"Nov 12, 2013",75.19,75.97,74.96,75.89,"798,000",75.17
"Nov 11, 2013",76.37,76.76,75.50,75.71,"816,400",74.99
"Nov 8, 2013",75.83,76.58,74.47,76.51,"1,007,700",75.78
"Nov 7, 2013",78.69,79.79,74.78,76.16,"2,271,200",75.43
"Nov 6, 2013",80.37,81.21,79.87,80.29,"523,400",79.52
"Nov 5, 2013",80.11,80.35,79.23,80.12,"453,700",79.36
"Nov 4, 2013",79.98,80.38,79.49,80.24,"986,100",79.47
"Nov 1, 2013",80.66,80.88,79.14,79.72,"766,300",78.96
"Oct 31, 2013",80.17,81.00,79.45,80.50,"722,200",79.73
"Oct 30, 2013",80.70,80.99,79.33,80.10,"375,600",79.34
"Oct 29, 2013",80.70,80.97,80.33,80.78,"584,300",80.01
"Oct 28, 2013",80.27,80.91,79.98,80.63,"657,300",79.86
"Oct 25, 2013",80.33,80.58,80.08,80.23,"286,600",79.46
"Oct 24, 2013",79.58,80.17,79.38,79.97,"546,900",79.21
"Oct 23, 2013",80.18,80.50,79.27,79.68,"608,500",78.92
"Oct 22, 2013",79.42,80.73,79.25,80.54,"599,200",79.77
"Oct 21, 2013",79.24,79.38,78.70,79.14,"466,500",78.39
"Oct 18, 2013",79.11,79.38,78.82,79.15,"448,100",78.39
"Oct 17, 2013",78.07,78.89,78.06,78.84,"471,700",78.09
"Oct 16, 2013",78.38,78.99,78.05,78.29,"507,600",77.54
"Oct 15, 2013",78.20,78.64,77.58,77.89,"722,200",77.15
"Oct 14, 2013",77.29,78.76,77.15,78.32,"806,800",77.57
"Oct 11, 2013",77.02,77.73,76.53,77.72,"467,600",76.98
"Oct 10, 2013",76.65,76.96,75.68,76.95,"524,300",76.22
"Oct 9, 2013",75.22,75.37,74.05,74.73,"586,000",74.02
"Oct 8, 2013",76.49,76.99,74.95,75.07,"703,000",74.35
"Oct 7, 2013",77.01,77.18,76.31,76.33,"603,900",75.60
"Oct 4, 2013",76.92,77.97,76.74,77.67,"429,600",76.93
"Oct 3, 2013",77.88,78.05,76.77,76.90,"693,800",76.17
"Oct 2, 2013",78.07,78.15,77.40,78.03,"558,900",77.29
"Oct 1, 2013",78.34,78.86,78.06,78.55,"604,600",77.80
"Sep 30, 2013",77.64,78.45,77.40,78.11,"728,200",77.36
"Sep 27, 2013",77.82,78.50,77.60,78.11,"523,800",77.36
"Sep 26, 2013",77.63,78.30,77.32,78.27,"522,200",77.52
"Sep 25, 2013",76.94,77.70,76.50,77.58,"584,500",76.84
"Sep 24, 2013",77.71,77.83,76.86,76.98,"641,700",76.25
"Sep 23, 2013",77.69,78.05,77.06,77.63,"627,300",76.89
"Sep 20, 2013",78.87,79.13,77.64,77.75,"3,886,400",77.01
"Sep 19, 2013",78.41,78.72,77.92,78.56,"1,298,700",77.81
"Sep 18, 2013",76.62,78.24,76.32,78.18,"1,004,200",77.43
"Sep 17, 2013",75.49,76.75,75.24,76.73,"1,063,000",76.00
"Sep 16, 2013",75.52,76.80,75.24,75.55,"1,258,000",74.83
"Sep 13, 2013",74.22,74.51,73.28,74.23,"1,133,700",73.52
"Sep 12, 2013",74.51,74.74,74.01,74.07,"1,022,700",73.36
"Sep 11, 2013",74.87,75.22,74.19,74.42,"1,014,500",73.71
"Sep 10, 2013",75.45,75.50,74.34,74.94,"998,200",74.23
"Sep 9, 2013",75.46,75.97,74.85,75.05,"1,068,900",74.33
"Sep 6, 2013",74.93,75.75,74.05,75.38,"516,900",74.66
"Sep 5, 2013",74.32,75.08,74.31,74.54,"358,800",73.83
"Sep 4, 2013",74.24,75.15,73.74,74.50,"1,008,900",73.79
"Sep 3, 2013",74.82,75.31,74.03,74.37,"762,600",73.66
"Aug 30, 2013",73.85,73.89,72.92,73.53,"688,400",72.83
"Aug 29, 2013",73.01,74.28,72.87,73.85,"367,700",73.15
"Aug 28, 2013",73.15,73.90,73.00,73.17,"444,400",72.47
"Aug 27, 2013",73.80,74.45,73.13,73.18,"372,900",72.33
"Aug 26, 2013",74.72,75.93,74.55,74.59,"434,800",73.73
"Aug 23, 2013",75.36,75.36,74.30,74.60,"469,600",73.74
"Aug 22, 2013",74.82,75.66,74.44,75.01,"403,300",74.14
"Aug 21, 2013",74.81,75.00,73.93,74.22,"409,100",73.36
"Aug 20, 2013",74.43,75.37,74.13,75.00,"544,500",74.13
"Aug 19, 2013",74.71,75.17,74.26,74.40,"596,800",73.54
"Aug 16, 2013",73.58,74.82,73.45,74.77,"708,600",73.90
"Aug 15, 2013",74.81,74.88,73.59,73.80,"667,400",72.95
"Aug 14, 2013",76.43,76.43,75.24,75.36,"737,200",74.49
"Aug 13, 2013",75.65,76.21,75.23,76.19,"847,100",75.31
"Aug 12, 2013",75.08,76.12,74.97,75.76,"697,700",74.88
"Aug 9, 2013",74.10,76.06,74.10,75.35,"646,100",74.48
"Aug 8, 2013",73.82,75.24,73.44,74.29,"896,000",73.43
"Aug 7, 2013",73.00,74.16,71.82,74.05,"924,300",73.19
"Aug 6, 2013",72.73,73.41,72.61,73.22,"507,100",72.37
"Aug 5, 2013",72.75,73.43,72.55,72.88,"455,300",72.04
"Aug 2, 2013",72.11,73.08,72.03,72.98,"471,300",72.14
"Aug 1, 2013",71.44,72.47,71.44,72.31,"617,100",71.47
"Jul 31, 2013",71.03,71.46,70.58,70.77,"427,900",69.95
"Jul 30, 2013",71.78,72.35,70.66,70.92,"571,300",70.10
"Jul 29, 2013",71.47,72.06,71.09,71.33,"368,700",70.50
"Jul 26, 2013",71.84,72.03,71.20,71.52,"481,900",70.69
"Jul 25, 2013",71.61,72.35,71.54,72.00,"601,200",71.17
"Jul 24, 2013",72.08,72.47,71.29,71.70,"339,800",70.87
"Jul 23, 2013",71.93,72.20,71.62,71.99,"352,600",71.16
"Jul 22, 2013",72.52,72.61,71.65,71.81,"434,000",70.98
"Jul 19, 2013",72.75,72.96,72.02,72.29,"641,900",71.45
"Jul 18, 2013",71.79,72.97,71.57,72.92,"722,300",72.08
"Jul 17, 2013",72.18,72.42,71.28,71.51,"712,300",70.68
"Jul 16, 2013",73.03,73.45,72.24,72.52,"630,300",71.68
"Jul 15, 2013",72.61,73.13,72.42,73.06,"471,200",72.21
"Jul 12, 2013",72.35,72.75,71.96,72.69,"371,300",71.85
"Jul 11, 2013",71.79,72.22,71.46,72.02,"345,700",71.19
"Jul 10, 2013",70.87,71.08,70.20,71.00,"526,000",70.18
"Jul 9, 2013",70.87,71.58,70.32,70.82,"708,000",70.00
"Jul 8, 2013",70.25,70.69,70.09,70.52,"509,200",69.70
"Jul 5, 2013",69.12,69.89,68.97,69.85,"496,500",69.04
"Jul 3, 2013",67.79,68.90,67.79,68.76,"363,500",67.96
"Jul 2, 2013",67.50,68.25,67.30,68.23,"830,700",67.44
"Jul 1, 2013",67.20,67.73,66.83,67.61,"635,800",66.83
"Jun 28, 2013",66.53,67.27,66.31,66.76,"1,352,300",65.99
"Jun 27, 2013",65.76,66.66,65.64,66.61,"743,900",65.84
"Jun 26, 2013",65.72,65.94,64.88,65.41,"648,900",64.65
"Jun 25, 2013",65.54,65.77,64.83,65.08,"821,000",64.33
"Jun 24, 2013",65.56,65.56,64.66,65.07,"551,200",64.32
"Jun 21, 2013",66.52,66.94,65.38,66.04,"1,067,600",65.28
"Jun 20, 2013",67.24,67.61,66.22,66.25,"1,107,300",65.48
"Jun 19, 2013",68.01,69.23,67.75,67.76,"876,700",66.98
"Jun 18, 2013",67.56,68.22,67.33,67.93,"712,300",67.14
"Jun 17, 2013",66.88,67.91,66.83,67.44,"1,096,700",66.66
"Jun 14, 2013",66.09,66.69,65.63,66.55,"697,300",65.78
"Jun 13, 2013",64.40,66.98,64.02,66.75,"1,218,500",65.98
"Jun 12, 2013",66.09,66.30,64.22,64.40,"715,700",63.65
"Jun 11, 2013",65.62,66.27,65.05,65.83,"826,300",65.07
"Jun 10, 2013",67.00,67.19,65.94,66.13,"1,335,500",65.36
"Jun 7, 2013",65.85,66.85,65.43,66.80,"430,300",66.03
"Jun 6, 2013",65.63,65.75,64.85,65.60,"596,400",64.84
"Jun 5, 2013",66.89,66.92,65.01,65.64,"707,000",64.88
"Jun 4, 2013",66.64,67.68,66.58,67.10,"949,600",66.32
"Jun 3, 2013",67.38,68.21,65.70,66.76,"772,700",65.99
"May 31, 2013",67.87,68.87,67.34,67.36,"635,500",66.58
"May 30, 2013",68.71,69.07,68.21,68.24,"627,600",67.45
"May 29, 2013",69.54,69.64,68.22,68.73,"904,800",67.93
"May 28, 2013",69.69,70.59,69.18,70.01,"1,260,300",69.05
"May 24, 2013",68.03,69.03,67.72,68.80,"591,100",67.86
"May 23, 2013",67.43,68.76,67.16,68.43,"666,300",67.49
"May 22, 2013",68.80,69.38,67.57,67.88,"488,800",66.95
"May 21, 2013",68.19,69.15,68.09,68.86,"665,400",67.92
"May 20, 2013",68.85,69.12,68.22,68.29,"646,700",67.36
"May 17, 2013",68.52,69.10,68.03,69.05,"838,800",68.10
"May 16, 2013",68.45,69.03,68.16,68.32,"570,000",67.38
"May 15, 2013",68.14,68.74,68.07,68.64,"707,100",67.70
"May 14, 2013",68.62,68.76,68.09,68.14,"708,000",67.21
"May 13, 2013",68.90,68.92,68.15,68.49,"619,100",67.55
"May 10, 2013",68.94,69.24,68.57,68.99,"472,600",68.05
"May 9, 2013",69.01,69.24,68.65,68.91,"485,800",67.97
"May 8, 2013",68.83,69.15,68.67,69.10,"652,400",68.15
"May 7, 2013",68.77,69.15,68.61,68.91,"1,082,700",67.97
"May 6, 2013",69.25,69.50,68.50,68.78,"1,229,100",67.84
"May 3, 2013",69.29,70.00,68.98,69.31,"1,197,500",68.36
"May 2, 2013",67.25,71.05,67.01,68.73,"1,890,300",67.79
"May 1, 2013",66.37,68.01,66.08,66.80,"931,400",65.89
"Apr 30, 2013",66.39,66.88,66.20,66.58,"585,500",65.67
"Apr 29, 2013",66.86,67.34,66.33,66.39,"487,200",65.48
"Apr 26, 2013",66.45,67.29,66.02,66.66,"647,900",65.75
"Apr 25, 2013",66.85,67.11,66.09,66.33,"1,094,700",65.42
"Apr 24, 2013",67.50,67.98,66.50,66.59,"707,800",65.68
"Apr 23, 2013",67.78,67.78,66.70,67.43,"812,000",66.51
"Apr 22, 2013",67.15,67.83,66.68,67.49,"453,700",66.57
"Apr 19, 2013",66.65,67.43,66.65,67.04,"569,000",66.12
"Apr 18, 2013",67.41,67.46,66.22,66.54,"465,500",65.63
"Apr 17, 2013",66.83,67.68,66.52,67.39,"722,900",66.47
"Apr 16, 2013",66.78,67.81,66.78,67.56,"491,200",66.64
"Apr 15, 2013",68.00,68.11,66.30,66.30,"545,200",65.39
"Apr 12, 2013",68.25,68.99,67.88,68.10,"949,200",67.17
"Apr 11, 2013",67.38,68.53,67.29,68.28,"817,900",67.35
"Apr 10, 2013",66.30,67.38,66.21,67.26,"602,500",66.34
"Apr 9, 2013",67.00,67.05,66.15,66.29,"626,300",65.38
"Apr 8, 2013",66.28,67.26,66.06,66.89,"896,000",65.97
"Apr 5, 2013",64.81,66.41,64.18,65.95,"850,700",65.05
"Apr 4, 2013",64.26,65.31,64.16,65.27,"639,200",64.38
"Apr 3, 2013",64.16,64.88,63.80,64.17,"565,700",63.29
"Apr 2, 2013",64.10,64.43,63.83,63.97,"531,800",63.09
"Apr 1, 2013",64.42,64.77,63.53,63.80,"496,700",62.93
"Mar 28, 2013",64.00,64.40,63.83,64.34,"586,300",63.46
"Mar 27, 2013",63.91,64.19,63.50,63.97,"675,100",63.09
"Mar 26, 2013",64.27,64.68,63.93,64.13,"506,900",63.25
"Mar 25, 2013",65.09,65.10,63.73,63.99,"593,700",63.11
"Mar 22, 2013",64.68,65.01,64.52,64.81,"396,000",63.92
"Mar 21, 2013",64.99,65.57,64.29,64.52,"498,800",63.64
"Mar 20, 2013",65.19,65.81,64.96,65.38,"594,600",64.49
"Mar 19, 2013",65.03,65.32,64.61,64.99,"867,300",64.10
"Mar 18, 2013",63.46,65.00,63.46,64.99,"697,600",64.10
"Mar 15, 2013",64.24,64.83,63.96,64.30,"680,800",63.42
"Mar 14, 2013",64.55,64.88,64.39,64.52,"540,000",63.64
"Mar 13, 2013",64.25,64.74,64.18,64.34,"735,700",63.46
"Mar 12, 2013",64.27,64.62,63.99,64.21,"447,300",63.33
"Mar 11, 2013",64.26,64.64,64.23,64.32,"414,400",63.44
"Mar 8, 2013",64.26,64.50,63.57,64.34,"942,300",63.46
"Mar 7, 2013",64.07,64.38,63.64,63.88,"914,400",63.01
"Mar 6, 2013",64.63,65.35,63.85,63.90,"903,900",63.03
"Mar 5, 2013",65.00,65.71,64.36,64.54,"1,168,700",63.66
"Mar 4, 2013",64.15,64.84,64.12,64.76,"616,600",63.87
"Mar 1, 2013",62.90,64.33,62.72,64.30,"671,500",63.42
"Feb 28, 2013",62.71,63.41,62.71,63.05,"670,900",62.19
"Feb 27, 2013",61.23,62.71,60.92,62.55,"875,900",61.69
"Feb 26, 2013",61.64,61.91,60.89,61.15,"896,600",60.31
"Feb 25, 2013",62.87,62.95,61.59,61.63,"648,400",60.64
"Feb 22, 2013",61.36,62.56,61.28,62.56,"636,100",61.55
"Feb 21, 2013",61.58,61.76,60.88,61.08,"669,500",60.10
"Feb 20, 2013",62.38,62.91,61.87,61.93,"686,800",60.93
"Feb 19, 2013",62.31,62.58,62.11,62.42,"710,500",61.42
"Feb 15, 2013",62.48,63.30,61.89,62.16,"1,260,500",61.16
"Feb 14, 2013",61.80,62.47,61.29,62.37,"677,200",61.37
"Feb 13, 2013",61.19,62.13,61.19,62.04,"1,084,400",61.04
"Feb 12, 2013",61.00,61.38,60.63,61.04,"872,000",60.06
"Feb 11, 2013",60.25,61.13,60.00,61.01,"748,000",60.03
"Feb 8, 2013",59.88,60.78,59.53,60.14,"1,047,700",59.17
"Feb 7, 2013",59.98,60.31,57.32,59.97,"3,814,900",59.01
"Feb 6, 2013",61.70,62.50,61.49,62.26,"1,125,300",61.26
"Feb 5, 2013",61.59,62.12,61.11,61.70,"748,300",60.71
"Feb 4, 2013",61.79,62.34,61.21,61.27,"828,600",60.28
"Feb 1, 2013",62.17,62.75,61.63,62.15,"836,100",61.15
"Jan 31, 2013",59.92,62.21,59.89,61.77,"1,163,700",60.78
"Jan 30, 2013",59.22,60.32,59.12,59.78,"827,700",58.82
"Jan 29, 2013",59.97,59.98,59.09,59.13,"792,300",58.18
"Jan 28, 2013",59.85,60.19,59.49,60.09,"442,000",59.12
"Jan 25, 2013",59.88,60.06,59.25,59.93,"510,600",58.97
"Jan 24, 2013",60.13,61.17,59.99,60.44,"553,900",59.47
"Jan 23, 2013",59.38,60.43,59.27,60.32,"726,600",59.35
"Jan 22, 2013",59.02,59.72,59.00,59.57,"487,900",58.61
"Jan 18, 2013",58.88,59.23,58.67,59.02,"515,300",58.07
"Jan 17, 2013",58.47,59.13,58.04,58.90,"988,900",57.95
"Jan 16, 2013",58.89,59.10,58.27,58.33,"798,400",57.39
"Jan 15, 2013",58.87,59.17,58.33,59.03,"685,100",58.08
"Jan 14, 2013",59.23,59.33,58.07,59.15,"1,019,700",58.20
"Jan 11, 2013",59.86,59.96,59.35,59.83,"586,000",58.87
"Jan 10, 2013",59.07,59.66,58.56,59.65,"845,000",58.69
"Jan 9, 2013",59.31,59.93,58.69,58.75,"1,059,100",57.80
"Jan 8, 2013",57.56,60.09,57.42,59.12,"1,848,300",58.17
"Jan 7, 2013",58.10,58.46,57.52,57.78,"576,100",56.85
"Jan 4, 2013",59.67,59.89,58.28,58.31,"1,378,500",57.37
"Jan 3, 2013",59.36,60.29,59.05,59.87,"865,000",58.91
"Jan 2, 2013",58.83,59.41,58.82,59.41,"781,300",58.45
"Dec 31, 2012",56.42,57.93,56.41,57.92,"454,800",56.99
"Dec 28, 2012",56.74,57.08,56.58,56.62,"314,400",55.71
"Dec 27, 2012",56.67,57.28,55.88,57.01,"617,800",56.09
"Dec 26, 2012",57.60,57.90,56.18,56.59,"504,800",55.68
"Dec 24, 2012",57.79,58.39,56.92,57.52,"315,600",56.59
"Dec 21, 2012",58.07,58.53,57.54,57.74,"1,203,900",56.81
"Dec 20, 2012",58.87,59.36,58.65,58.86,"1,026,000",57.91
"Dec 19, 2012",59.33,59.39,58.92,58.97,"1,285,700",58.02
"Dec 18, 2012",58.53,59.57,58.53,59.20,"693,700",58.25
"Dec 17, 2012",58.07,58.74,58.04,58.55,"907,800",57.61
"Dec 14, 2012",57.77,58.38,57.62,58.04,"653,100",57.11
"Dec 13, 2012",58.31,58.86,57.71,57.84,"680,500",56.91
"Dec 12, 2012",59.10,59.35,58.19,58.31,"951,400",57.37
"Dec 11, 2012",57.98,59.19,57.98,58.99,"1,204,700",58.04
"Dec 10, 2012",56.71,57.95,56.50,57.78,"1,260,900",56.85
"Dec 7, 2012",56.39,57.20,55.95,56.83,"1,069,700",55.92
"Dec 6, 2012",57.00,57.00,55.88,56.50,"2,716,600",55.59
"Dec 5, 2012",59.35,59.35,57.59,57.70,"971,500",56.77
"Dec 4, 2012",59.02,59.33,58.62,59.22,"1,136,700",58.27
"Dec 3, 2012",59.46,59.48,58.55,59.04,"703,000",58.09
"Nov 30, 2012",59.35,59.76,58.76,59.04,"1,006,200",58.09
"Nov 29, 2012",59.73,59.89,59.01,59.22,"811,400",58.27
"Nov 28, 2012",59.47,59.79,58.76,59.72,"523,600",58.76
"Nov 27, 2012",59.75,60.36,59.23,59.66,"677,500",58.58
"Nov 26, 2012",60.27,60.61,59.47,59.77,"425,200",58.69
"Nov 23, 2012",59.90,60.40,59.86,60.40,"254,700",59.31
"Nov 21, 2012",60.04,60.19,59.22,59.59,"419,600",58.51
"Nov 20, 2012",60.15,60.49,59.78,59.93,"584,100",58.85
"Nov 19, 2012",59.58,60.33,59.37,60.15,"706,500",59.06
"Nov 16, 2012",58.96,59.60,58.70,59.05,"879,000",57.98
"Nov 15, 2012",59.39,59.62,58.88,58.95,"1,040,900",57.88
"Nov 14, 2012",60.05,60.31,59.02,59.30,"1,067,300",58.23
"Nov 13, 2012",59.62,61.03,59.58,59.96,"955,700",58.88
"Nov 12, 2012",60.10,60.39,59.64,59.96,"450,000",58.88
"Nov 9, 2012",59.59,60.42,59.38,60.10,"738,800",59.01
"Nov 8, 2012",59.61,60.46,59.55,59.84,"984,300",58.76
"Nov 7, 2012",59.73,60.39,59.24,59.71,"705,900",58.63
"Nov 6, 2012",60.45,60.57,59.31,60.07,"776,000",58.98
"Nov 5, 2012",60.48,61.13,59.60,60.45,"1,293,500",59.36
"Nov 2, 2012",63.24,63.62,60.38,60.48,"982,700",59.39
"Nov 1, 2012",61.24,64.25,61.24,62.52,"2,008,700",61.39
"Oct 31, 2012",61.58,61.72,60.12,60.72,"1,346,300",59.62
"Oct 26, 2012",62.32,62.34,60.94,61.15,"741,200",60.05
"Oct 25, 2012",62.78,62.93,61.98,62.20,"657,300",61.08
"Oct 24, 2012",62.68,63.02,62.12,62.63,"1,153,800",61.50
"Oct 23, 2012",62.73,62.89,61.99,62.35,"918,600",61.22
"Oct 22, 2012",62.99,63.84,62.46,63.72,"809,000",62.57
"Oct 19, 2012",63.77,66.33,62.68,63.19,"2,418,000",62.05
"Oct 18, 2012",62.74,63.48,62.08,62.76,"1,135,600",61.63
"Oct 17, 2012",63.18,63.91,62.43,62.56,"652,500",61.43
"Oct 16, 2012",63.46,63.83,62.98,63.00,"556,300",61.86
"Oct 15, 2012",62.76,63.16,62.21,63.07,"396,100",61.93
"Oct 12, 2012",63.26,64.09,62.21,62.52,"705,600",61.39
"Oct 11, 2012",63.56,64.16,62.82,63.10,"530,600",61.96
"Oct 10, 2012",63.11,63.31,62.98,63.11,"503,400",61.97
"Oct 9, 2012",63.24,63.37,62.22,63.27,"589,300",62.13
"Oct 8, 2012",63.32,63.65,63.08,63.30,"339,300",62.16
"Oct 5, 2012",63.68,64.38,63.39,63.51,"426,700",62.36
"Oct 4, 2012",63.04,64.01,63.04,63.36,"426,700",62.22
"Oct 3, 2012",62.51,62.86,62.15,62.81,"433,500",61.68
"Oct 2, 2012",62.94,63.18,62.14,62.32,"589,500",61.19
"Oct 1, 2012",62.57,63.18,61.50,62.54,"990,400",61.41
"Sep 28, 2012",61.20,61.47,60.74,61.23,"529,300",60.12
"Sep 27, 2012",60.39,61.59,60.36,61.25,"592,000",60.14
"Sep 26, 2012",61.09,61.23,60.12,60.19,"529,300",59.10
"Sep 25, 2012",61.80,62.00,61.07,61.23,"646,100",60.12
"Sep 24, 2012",61.60,61.94,61.14,61.49,"702,400",60.38
"Sep 21, 2012",61.99,61.99,61.43,61.62,"1,110,000",60.51
"Sep 20, 2012",61.49,61.91,61.25,61.84,"528,700",60.72
"Sep 19, 2012",61.26,62.13,60.89,61.66,"753,700",60.55
"Sep 18, 2012",61.78,61.93,60.78,61.16,"535,800",60.06
"Sep 17, 2012",62.25,62.54,61.39,62.04,"609,600",60.92
"Sep 14, 2012",60.85,62.45,60.85,62.33,"1,555,400",61.20
"Sep 13, 2012",61.96,62.00,61.33,61.56,"1,229,300",60.45
"Sep 12, 2012",61.68,61.83,61.03,61.52,"705,600",60.41
"Sep 11, 2012",60.08,61.43,59.98,61.38,"1,138,300",60.27
"Sep 10, 2012",60.13,60.44,59.93,60.01,"964,000",58.93
"Sep 7, 2012",60.67,61.04,59.98,60.09,"963,400",59.00
"Sep 6, 2012",60.50,61.13,60.50,60.66,"757,600",59.56
"Sep 5, 2012",60.34,60.43,59.73,60.12,"1,068,500",59.03
"Sep 4, 2012",59.30,60.68,59.29,60.34,"961,300",59.25
"Aug 31, 2012",58.84,60.00,58.80,59.10,"1,154,400",58.03
"Aug 30, 2012",59.02,59.30,58.53,58.56,"706,800",57.50
"Aug 29, 2012",59.49,59.82,59.24,59.24,"540,400",58.17
"Aug 28, 2012",58.89,59.69,58.85,59.48,"736,800",58.29
"Aug 27, 2012",59.44,59.55,58.63,58.92,"673,400",57.74
"Aug 24, 2012",58.80,59.77,58.62,59.62,"937,900",58.42
"Aug 23, 2012",58.41,58.92,58.31,58.80,"936,800",57.62
"Aug 22, 2012",58.33,58.87,58.26,58.63,"781,000",57.45
"Aug 21, 2012",58.43,58.84,57.99,58.40,"648,000",57.23
"Aug 20, 2012",58.63,58.82,58.08,58.37,"433,000",57.20
"Aug 17, 2012",58.59,58.70,58.31,58.65,"600,500",57.47
"Aug 16, 2012",58.91,59.24,58.26,58.60,"575,900",57.43
"Aug 15, 2012",59.31,59.46,58.93,59.13,"608,500",57.94
"Aug 14, 2012",60.89,61.00,59.09,59.31,"1,953,800",58.12
"Aug 13, 2012",59.93,61.17,59.82,60.87,"1,830,900",59.65
"Aug 10, 2012",59.25,60.23,58.99,59.94,"1,624,100",58.74
"Aug 9, 2012",58.69,59.43,58.60,59.43,"803,100",58.24
"Aug 8, 2012",58.28,58.90,58.17,58.78,"947,800",57.60
"Aug 7, 2012",58.48,58.84,58.22,58.59,"1,013,800",57.42
"Aug 6, 2012",57.55,58.64,57.22,58.10,"1,224,500",56.94
"Aug 3, 2012",56.46,57.56,56.34,57.46,"1,242,000",56.31
"Aug 2, 2012",54.15,56.99,54.15,56.17,"2,832,600",55.04
"Aug 1, 2012",54.67,54.67,52.86,53.73,"1,351,200",52.65
"Jul 31, 2012",54.74,54.96,53.68,53.85,"947,900",52.77
"Jul 30, 2012",54.80,55.40,54.59,54.98,"424,000",53.88
"Jul 27, 2012",54.03,55.17,53.73,54.79,"460,800",53.69
"Jul 26, 2012",53.82,54.33,53.12,53.59,"623,200",52.52
"Jul 25, 2012",52.95,53.37,52.57,53.02,"573,300",51.96
"Jul 24, 2012",53.30,53.58,52.51,52.91,"533,000",51.85
"Jul 23, 2012",52.88,53.60,52.74,53.39,"597,100",52.32
"Jul 20, 2012",53.36,54.28,53.00,53.84,"490,900",52.76
"Jul 19, 2012",54.32,54.96,54.30,54.30,"676,000",53.21
"Jul 18, 2012",54.32,54.63,53.98,54.30,"407,400",53.21
"Jul 17, 2012",53.83,54.75,53.54,54.51,"515,100",53.42
"Jul 16, 2012",54.77,54.91,53.40,53.56,"969,600",52.49
"Jul 13, 2012",53.57,55.25,53.33,54.96,"1,401,700",53.86
"Jul 12, 2012",53.08,53.15,51.63,52.88,"1,055,300",51.82
"Jul 11, 2012",54.20,54.38,53.12,53.35,"901,400",52.28
"Jul 10, 2012",55.74,55.99,53.95,54.14,"713,600",53.05
"Jul 9, 2012",55.72,56.05,54.88,55.07,"826,000",53.97
"Jul 6, 2012",56.13,56.62,55.58,55.98,"736,100",54.86
"Jul 5, 2012",56.75,57.01,56.34,56.65,"808,100",55.51
"Jul 3, 2012",57.41,57.70,56.93,57.16,"503,000",56.01
"Jul 2, 2012",57.10,57.67,56.54,57.53,"1,078,000",56.38
"Jun 29, 2012",57.18,57.25,56.70,56.86,"959,300",55.72
"Jun 28, 2012",55.70,56.18,54.85,56.09,"613,700",54.97
"Jun 27, 2012",55.91,56.39,55.78,56.00,"559,700",54.88
"Jun 26, 2012",55.53,56.17,55.40,55.65,"548,200",54.53
"Jun 25, 2012",55.58,55.64,55.11,55.31,"431,600",54.20
"Jun 22, 2012",55.86,56.38,55.69,56.16,"904,500",55.03
"Jun 21, 2012",57.03,57.08,55.37,55.52,"606,700",54.41
"Jun 20, 2012",56.80,57.37,56.65,56.82,"847,900",55.68
"Jun 19, 2012",57.31,57.39,56.44,56.72,"1,060,200",55.58
"Jun 18, 2012",56.45,57.52,56.33,57.04,"978,600",55.90
"Jun 15, 2012",56.31,56.67,56.00,56.62,"1,373,800",55.48
"Jun 14, 2012",56.12,56.52,55.85,56.16,"1,227,500",55.03
"Jun 13, 2012",56.66,57.08,55.67,55.90,"1,003,500",54.78
"Jun 12, 2012",56.54,56.86,55.88,56.81,"1,361,400",55.67
"Jun 11, 2012",57.03,57.75,56.31,56.35,"1,071,600",55.22
"Jun 8, 2012",55.04,56.62,55.04,56.42,"1,250,300",55.29
"Jun 7, 2012",55.15,55.91,55.06,55.17,"1,187,500",54.06
"Jun 6, 2012",54.23,54.95,54.00,54.83,"1,361,300",53.73
"Jun 5, 2012",53.62,54.35,53.35,53.78,"1,541,200",52.70
"Jun 4, 2012",53.53,53.96,52.97,53.91,"1,054,500",52.83
"Jun 1, 2012",53.79,54.12,53.40,53.41,"1,134,100",52.34
"May 31, 2012",54.47,55.20,53.83,54.77,"1,105,300",53.67
"May 30, 2012",54.28,54.71,53.68,54.57,"1,276,500",53.48
"May 29, 2012",54.69,55.32,54.54,54.89,"1,174,200",53.79
"May 25, 2012",53.68,54.60,53.60,54.42,"1,762,900",53.21
"May 24, 2012",53.04,54.28,53.04,53.65,"1,593,800",52.46
"May 23, 2012",52.02,52.66,51.44,52.60,"1,525,600",51.43
"May 22, 2012",52.67,53.94,52.50,52.75,"1,173,700",51.58
"May 21, 2012",51.03,52.54,50.94,52.45,"885,200",51.29
"May 18, 2012",51.42,52.24,50.52,50.80,"1,021,600",49.67
"May 17, 2012",53.15,53.36,50.98,51.12,"1,540,100",49.98
"May 16, 2012",53.76,54.06,52.95,52.99,"879,400",51.81
"May 15, 2012",53.50,53.99,53.26,53.38,"1,211,500",52.19
"May 14, 2012",53.84,54.13,53.38,53.46,"872,200",52.27
"May 11, 2012",54.00,54.80,53.92,54.17,"889,700",52.97
"May 10, 2012",55.08,55.35,53.91,54.25,"1,245,000",53.05
"May 9, 2012",54.00,55.06,53.46,54.77,"1,229,700",53.55
"May 8, 2012",53.60,54.75,53.40,54.67,"1,904,800",53.46
"May 7, 2012",53.16,54.56,52.53,53.93,"1,200,000",52.73
"May 4, 2012",54.17,55.24,54.17,54.21,"2,586,100",53.01
"May 3, 2012",51.05,55.00,50.88,54.53,"4,333,700",53.32
"May 2, 2012",50.77,51.27,50.72,50.74,"1,085,800",49.61
"May 1, 2012",50.35,51.75,50.35,51.04,"1,237,000",49.91
"Apr 30, 2012",50.51,50.73,49.97,50.22,"796,500",49.10
"Apr 27, 2012",51.36,51.49,50.61,50.76,"935,600",49.63
"Apr 26, 2012",49.39,51.73,49.28,51.26,"1,839,800",50.12
"Apr 25, 2012",48.72,49.58,48.68,49.42,"595,300",48.32
"Apr 24, 2012",48.34,48.79,48.00,48.14,"702,300",47.07
"Apr 23, 2012",48.40,48.93,48.18,48.43,"984,600",47.35
"Apr 20, 2012",48.83,49.21,48.62,48.96,"800,200",47.87
"Apr 19, 2012",48.47,48.94,48.43,48.68,"931,200",47.60
"Apr 18, 2012",48.53,48.87,48.34,48.60,"640,600",47.52
"Apr 17, 2012",48.15,49.49,47.89,48.84,"1,879,000",47.76
"Apr 16, 2012",47.99,48.00,47.44,47.93,"1,041,500",46.87
"Apr 13, 2012",47.35,47.76,47.35,47.57,"731,500",46.51
"Apr 12, 2012",46.98,47.57,46.93,47.50,"882,800",46.45
"Apr 11, 2012",46.72,46.95,46.50,46.83,"629,000",45.79
"Apr 10, 2012",47.55,47.62,45.67,46.08,"2,100,500",45.06
"Apr 9, 2012",47.99,47.99,47.51,47.68,"846,400",46.62
"Apr 5, 2012",48.29,49.16,48.20,48.91,"775,900",47.82
"Apr 4, 2012",48.61,48.77,47.99,48.40,"768,400",47.33
"Apr 3, 2012",49.32,49.59,48.85,49.00,"676,200",47.91
"Apr 2, 2012",48.50,49.75,48.44,49.42,"805,200",48.32
"Mar 30, 2012",48.84,49.35,48.63,48.69,"847,200",47.61
"Mar 29, 2012",48.51,48.75,47.92,48.63,"559,300",47.55
"Mar 28, 2012",49.16,49.22,48.67,48.84,"592,400",47.76
"Mar 27, 2012",49.26,49.55,49.09,49.23,"663,400",48.14
"Mar 26, 2012",49.15,49.43,48.93,49.20,"583,400",48.11
"Mar 23, 2012",48.44,48.99,48.34,48.81,"680,000",47.73
"Mar 22, 2012",47.91,48.73,47.88,48.40,"904,400",47.33
"Mar 21, 2012",47.61,48.49,47.61,48.28,"963,400",47.21
"Mar 20, 2012",47.64,47.91,47.46,47.63,"938,800",46.57
"Mar 19, 2012",47.46,48.06,47.43,47.94,"816,100",46.88
"Mar 16, 2012",47.10,47.63,46.94,47.55,"923,700",46.49
"Mar 15, 2012",47.05,47.33,46.77,47.17,"633,300",46.12
"Mar 14, 2012",47.69,48.09,46.75,47.04,"1,228,600",46.00
"Mar 13, 2012",45.50,47.81,45.50,47.68,"2,413,900",46.62
"Mar 12, 2012",45.01,45.51,44.89,44.98,"585,000",43.98
"Mar 9, 2012",44.82,45.32,44.82,45.24,"644,200",44.24
"Mar 8, 2012",44.22,44.87,44.20,44.74,"600,000",43.75
"Mar 7, 2012",44.15,44.28,43.82,43.90,"844,800",42.93
"Mar 6, 2012",45.00,45.00,43.87,43.99,"1,406,900",43.01
"Mar 5, 2012",45.71,45.75,45.11,45.54,"677,700",44.53
"Mar 2, 2012",45.69,46.20,45.69,45.91,"755,200",44.89
"Mar 1, 2012",45.29,45.91,45.11,45.85,"1,208,600",44.83
"Feb 29, 2012",44.83,45.68,44.79,45.20,"914,300",44.20
"Feb 28, 2012",44.78,44.78,44.47,44.72,"726,600",43.73
"Feb 27, 2012",44.35,45.01,44.28,44.70,"646,700",43.71
"Feb 24, 2012",44.34,45.25,44.29,44.99,"886,100",43.87
"Feb 23, 2012",44.03,44.43,43.79,44.36,"509,600",43.26
"Feb 22, 2012",44.08,44.46,43.95,44.03,"781,900",42.94
"Feb 21, 2012",44.01,44.82,43.88,44.27,"801,200",43.17
"Feb 17, 2012",43.91,44.22,43.58,43.99,"1,180,800",42.90
"Feb 16, 2012",43.25,43.72,42.98,43.59,"1,037,200",42.51
"Feb 15, 2012",43.36,43.44,42.87,43.18,"1,040,600",42.11
"Feb 14, 2012",43.34,43.42,42.87,43.24,"848,500",42.17
"Feb 13, 2012",43.31,43.48,42.78,43.26,"913,900",42.19
"Feb 10, 2012",43.28,43.74,42.79,42.99,"1,404,300",41.92
"Feb 9, 2012",42.90,44.67,41.91,43.82,"5,107,900",42.73
"Feb 8, 2012",44.16,44.77,44.09,44.41,"661,500",43.31
"Feb 7, 2012",43.63,44.48,43.55,44.15,"800,000",43.05
"Feb 6, 2012",43.16,44.20,42.99,43.73,"1,003,100",42.64
"Feb 3, 2012",42.83,43.45,42.60,43.38,"1,490,800",42.30
"Feb 2, 2012",43.32,43.32,42.37,42.53,"1,968,900",41.47
"Feb 1, 2012",43.83,44.05,43.28,43.31,"1,379,100",42.24
"Jan 31, 2012",44.28,44.32,43.29,43.36,"901,500",42.28
"Jan 30, 2012",44.22,44.22,43.62,43.97,"972,500",42.88
"Jan 27, 2012",45.12,45.27,44.38,44.58,"957,300",43.47
"Jan 26, 2012",45.90,46.21,45.20,45.27,"335,400",44.15
"Jan 25, 2012",45.14,46.07,45.12,45.69,"433,700",44.56
"Jan 24, 2012",44.64,45.43,44.64,45.24,"609,400",44.12
"Jan 23, 2012",44.98,45.66,44.92,45.05,"510,200",43.93
"Jan 20, 2012",45.24,45.63,44.84,45.04,"795,700",43.92
"Jan 19, 2012",45.19,45.88,45.09,45.21,"1,177,600",44.09
"Jan 18, 2012",43.76,45.25,43.39,45.14,"1,196,000",44.02
"Jan 17, 2012",43.94,44.18,43.70,43.81,"654,200",42.72
"Jan 13, 2012",44.11,44.30,43.36,43.48,"645,500",42.40
"Jan 12, 2012",44.41,44.64,43.96,44.56,"295,700",43.45
"Jan 11, 2012",44.63,44.83,44.28,44.34,"475,300",43.24
"Jan 10, 2012",44.23,45.03,44.11,44.88,"693,600",43.77
"Jan 9, 2012",43.66,43.94,43.53,43.74,"346,100",42.65
"Jan 6, 2012",43.35,43.93,43.26,43.62,"544,800",42.54
"Jan 5, 2012",42.79,43.53,42.48,43.34,"945,200",42.26
"Jan 4, 2012",43.05,43.16,42.70,43.03,"927,200",41.96
"Jan 3, 2012",43.20,43.72,43.15,43.18,"846,200",42.11
"Dec 30, 2011",42.92,42.92,42.40,42.42,"567,100",41.37
"Dec 29, 2011",42.69,42.92,42.52,42.84,"360,500",41.78
"Dec 28, 2011",42.99,42.99,42.43,42.48,"699,100",41.43
"Dec 27, 2011",43.35,43.39,42.81,42.91,"486,600",41.85
"Dec 23, 2011",43.25,43.61,43.08,43.39,"298,600",42.31
"Dec 22, 2011",43.03,43.54,42.78,43.06,"708,200",41.99
"Dec 21, 2011",42.65,42.99,42.45,42.92,"486,500",41.85
"Dec 20, 2011",41.97,42.94,41.91,42.60,"946,800",41.54
"Dec 19, 2011",41.84,42.25,41.06,41.19,"825,500",40.17
"Dec 16, 2011",41.82,42.29,41.32,41.79,"1,034,400",40.75
"Dec 15, 2011",41.60,42.16,41.35,41.43,"685,200",40.40
"Dec 14, 2011",41.90,42.09,41.17,41.30,"1,390,500",40.28
"Dec 13, 2011",42.72,43.32,41.91,42.16,"1,690,800",41.11
"Dec 12, 2011",41.72,42.55,41.33,42.39,"1,385,500",41.34
"Dec 9, 2011",41.53,42.38,41.53,42.21,"847,100",41.16
"Dec 8, 2011",41.59,41.81,41.17,41.37,"1,161,400",40.34
"Dec 7, 2011",41.12,42.16,40.42,41.93,"1,352,000",40.89
"Dec 6, 2011",41.01,41.50,40.94,41.37,"760,700",40.34
"Dec 5, 2011",40.92,41.56,40.71,40.88,"772,100",39.87
"Dec 2, 2011",40.23,40.77,40.10,40.30,"891,100",39.30
"Dec 1, 2011",39.80,40.01,39.36,39.81,"842,200",38.82
"Nov 30, 2011",39.93,40.14,39.45,39.82,"1,611,300",38.83
"Nov 29, 2011",39.06,39.68,38.70,38.77,"1,010,200",37.81
"Nov 28, 2011",38.95,39.28,38.65,38.89,"1,090,500",37.92
"Nov 25, 2011",37.14,38.13,37.02,37.88,"477,100",36.84
"Nov 23, 2011",38.09,38.11,37.29,37.34,"869,200",36.32
"Nov 22, 2011",38.77,38.82,37.80,38.64,"1,000,600",37.58
"Nov 21, 2011",39.01,39.16,38.49,38.95,"1,453,400",37.88
"Nov 18, 2011",39.86,40.16,39.50,39.82,"965,100",38.73
"Nov 17, 2011",39.85,40.37,39.39,39.58,"1,834,200",38.50
"Nov 16, 2011",39.92,40.57,39.71,39.78,"814,400",38.69
"Nov 15, 2011",40.28,40.65,39.81,40.36,"1,121,000",39.25
"Nov 14, 2011",40.79,40.91,40.21,40.29,"749,900",39.19
"Nov 11, 2011",40.04,41.18,39.96,41.05,"1,187,600",39.93
"Nov 10, 2011",40.93,40.97,39.43,39.49,"2,025,100",38.41
"Nov 9, 2011",41.84,41.88,40.26,40.36,"1,246,400",39.25
"Nov 8, 2011",42.41,42.95,41.85,42.90,"838,100",41.72
"Nov 7, 2011",41.86,42.25,41.56,42.12,"908,600",40.97
"Nov 4, 2011",41.21,41.86,41.06,41.82,"856,700",40.67
"Nov 3, 2011",42.49,42.59,38.15,41.66,"3,174,100",40.52
"Nov 2, 2011",41.76,42.70,41.36,41.84,"1,359,600",40.69
"Nov 1, 2011",41.40,41.86,40.58,41.00,"1,452,000",39.88
"Oct 31, 2011",43.14,43.26,42.45,42.48,"991,600",41.32
"Oct 28, 2011",43.94,44.19,43.42,43.64,"850,400",42.44
"Oct 27, 2011",43.71,44.85,43.63,44.13,"1,126,900",42.92
"Oct 26, 2011",42.44,42.99,41.73,42.20,"811,100",41.04
"Oct 25, 2011",42.99,43.04,42.04,42.14,"457,900",40.99
"Oct 24, 2011",42.98,43.38,42.69,43.29,"878,500",42.10
"Oct 21, 2011",41.45,42.89,41.37,42.89,"1,167,700",41.72
"Oct 20, 2011",40.70,41.04,40.14,40.78,"680,600",39.66
"Oct 19, 2011",41.42,41.48,40.36,40.54,"925,300",39.43
"Oct 18, 2011",40.68,41.84,40.30,41.54,"525,600",40.40
"Oct 17, 2011",41.71,41.77,40.63,40.71,"598,700",39.59
"Oct 14, 2011",41.10,41.88,40.89,41.82,"1,089,500",40.67
"Oct 13, 2011",38.70,40.81,38.56,40.51,"1,355,100",39.40
"Oct 12, 2011",39.37,39.60,38.81,38.85,"1,963,100",37.79
"Oct 11, 2011",38.70,39.83,38.21,39.04,"2,567,900",37.97
"Oct 10, 2011",38.47,39.02,38.00,38.54,"1,366,000",37.48
"Oct 7, 2011",38.64,38.88,37.63,37.92,"2,157,400",36.88
"Oct 6, 2011",37.56,38.89,37.05,38.88,"1,003,900",37.82
"Oct 5, 2011",36.63,37.74,36.57,37.66,"1,072,900",36.63
"Oct 4, 2011",35.66,36.88,35.44,36.36,"2,700,000",35.36
"Oct 3, 2011",37.10,37.46,36.13,36.15,"2,001,900",35.16
"Sep 30, 2011",38.03,38.08,37.10,37.17,"1,557,000",36.15
"Sep 29, 2011",39.75,40.15,37.90,38.45,"1,439,700",37.40
"Sep 28, 2011",40.33,40.71,38.86,39.01,"1,266,500",37.94
"Sep 27, 2011",42.12,42.26,40.10,40.37,"1,752,400",39.26
"Sep 26, 2011",41.28,41.47,40.27,41.29,"937,500",40.16
"Sep 23, 2011",40.06,40.85,39.76,40.73,"1,279,300",39.61
"Sep 22, 2011",40.38,40.48,39.31,40.26,"1,855,400",39.16
"Sep 21, 2011",43.39,44.05,41.80,41.98,"1,588,500",40.83
"Sep 20, 2011",42.51,44.12,42.47,43.39,"1,253,200",42.20
"Sep 19, 2011",41.92,42.64,41.28,42.45,"808,900",41.29
"Sep 16, 2011",43.14,43.68,42.40,42.73,"2,522,200",41.56
"Sep 15, 2011",41.99,43.21,41.85,42.91,"1,316,700",41.73
"Sep 14, 2011",40.43,42.11,40.28,41.56,"1,112,200",40.42
"Sep 13, 2011",39.71,40.40,39.20,40.28,"1,057,100",39.18
"Sep 12, 2011",40.01,40.19,38.71,39.58,"2,091,500",38.50
"Sep 9, 2011",40.47,40.94,40.22,40.53,"2,538,400",39.42
"Sep 8, 2011",40.70,41.51,40.48,41.04,"1,334,300",39.92
"Sep 7, 2011",40.22,41.10,40.00,41.05,"1,280,000",39.93
"Sep 6, 2011",39.35,40.19,39.23,39.93,"1,304,000",38.84
"Sep 2, 2011",41.47,41.80,40.54,40.70,"819,600",39.59
"Sep 1, 2011",42.69,43.29,42.29,42.33,"803,400",41.17
"Aug 31, 2011",42.43,43.13,42.25,42.85,"1,123,000",41.68
"Aug 30, 2011",41.32,42.44,41.08,42.09,"1,019,700",40.94
"Aug 29, 2011",40.17,41.62,39.85,41.57,"1,139,200",40.43
"Aug 26, 2011",38.85,40.11,38.29,39.60,"1,403,700",38.42
"Aug 25, 2011",40.44,40.62,39.04,39.18,"1,870,100",38.01
"Aug 24, 2011",39.84,40.49,39.67,40.31,"1,652,600",39.11
"Aug 23, 2011",39.01,40.03,39.01,40.00,"1,378,600",38.81
"Aug 22, 2011",39.76,39.90,38.73,38.86,"726,400",37.70
"Aug 19, 2011",39.17,40.36,38.77,38.84,"1,365,800",37.68
"Aug 18, 2011",41.11,41.12,39.27,39.84,"3,351,000",38.65
"Aug 17, 2011",43.01,43.36,42.11,42.35,"1,114,400",41.09
"Aug 16, 2011",42.51,42.80,41.93,42.67,"1,466,900",41.40
"Aug 15, 2011",43.06,43.43,42.40,43.00,"1,357,100",41.72
"Aug 12, 2011",42.63,43.07,42.35,42.68,"879,400",41.41
"Aug 11, 2011",40.22,43.19,40.16,42.15,"2,584,700",40.89
"Aug 10, 2011",40.33,41.09,39.90,40.01,"2,289,600",38.82
"Aug 9, 2011",37.44,42.22,33.82,42.07,"4,098,400",40.81
"Aug 8, 2011",39.43,39.75,37.24,37.62,"1,975,300",36.50
"Aug 5, 2011",40.65,41.09,39.38,40.52,"1,919,300",39.31
"Aug 4, 2011",42.32,42.32,40.33,40.40,"2,225,100",39.19
"Aug 3, 2011",43.76,43.76,42.38,42.81,"3,000,400",41.53
"Aug 2, 2011",45.87,46.02,43.60,43.62,"1,332,800",42.32
"Aug 1, 2011",46.75,46.77,45.39,46.27,"1,126,200",44.89
"Jul 29, 2011",46.43,47.06,46.02,46.34,"951,400",44.96
"Jul 28, 2011",47.37,47.67,46.92,47.03,"821,200",45.63
"Jul 27, 2011",47.88,47.90,47.02,47.35,"953,900",45.94
"Jul 26, 2011",47.86,48.24,47.56,48.07,"612,000",46.64
"Jul 25, 2011",47.74,48.21,47.63,47.98,"738,100",46.55
"Jul 22, 2011",47.94,48.32,47.47,48.29,"585,900",46.85
"Jul 21, 2011",46.64,47.94,46.64,47.89,"751,000",46.46
"Jul 20, 2011",46.49,46.81,46.13,46.40,"648,700",45.02
"Jul 19, 2011",45.77,46.62,45.77,46.46,"756,500",45.07
"Jul 18, 2011",47.15,47.15,45.55,45.67,"1,895,700",44.31
"Jul 15, 2011",47.84,48.03,47.46,47.76,"1,109,100",46.33
"Jul 14, 2011",47.19,47.86,46.98,47.70,"1,444,200",46.28
"Jul 13, 2011",47.23,47.48,46.88,47.03,"988,600",45.63
"Jul 12, 2011",47.05,47.66,46.76,46.83,"764,600",45.43
"Jul 11, 2011",46.83,47.77,46.81,47.22,"1,325,900",45.81
"Jul 8, 2011",48.52,48.53,47.37,47.39,"2,164,000",45.98
"Jul 7, 2011",49.60,49.70,49.01,49.09,"962,300",47.62
"Jul 6, 2011",49.58,49.63,49.07,49.14,"879,800",47.67
"Jul 5, 2011",49.37,49.89,49.23,49.64,"1,081,300",48.16
"Jul 1, 2011",48.92,49.58,48.81,49.35,"1,285,200",47.88
"Jun 30, 2011",49.58,50.98,47.54,48.88,"4,395,600",47.42
"Jun 29, 2011",48.60,49.47,48.54,49.07,"834,600",47.61
"Jun 28, 2011",47.76,48.56,47.65,48.54,"755,100",47.09
"Jun 27, 2011",47.46,47.83,47.13,47.64,"485,800",46.22
"Jun 24, 2011",47.51,47.65,47.22,47.36,"748,000",45.95
"Jun 23, 2011",47.27,47.63,46.88,47.53,"1,341,100",46.11
"Jun 22, 2011",47.52,48.23,47.33,48.14,"959,200",46.70
"Jun 21, 2011",46.87,47.79,46.74,47.69,"729,400",46.27
"Jun 20, 2011",46.91,46.98,46.17,46.57,"1,003,500",45.18
"Jun 17, 2011",44.92,48.09,44.81,47.14,"3,918,000",45.73
"Jun 16, 2011",45.78,45.92,43.79,44.52,"1,642,900",43.19
"Jun 15, 2011",46.00,46.28,45.66,45.85,"682,900",44.48
"Jun 14, 2011",46.16,46.43,46.05,46.33,"493,000",44.95
"Jun 13, 2011",46.04,46.33,45.71,45.79,"594,600",44.42
"Jun 10, 2011",46.19,46.36,45.89,45.98,"974,900",44.61
"Jun 9, 2011",45.91,46.56,45.43,46.45,"812,700",45.06
"Jun 8, 2011",46.00,46.22,45.52,45.71,"664,800",44.35
"Jun 7, 2011",46.50,46.59,45.95,46.06,"984,000",44.69
"Jun 6, 2011",47.10,47.15,46.31,46.31,"1,034,200",44.93
"Jun 3, 2011",47.31,47.54,46.93,47.02,"907,100",45.62
"Jun 2, 2011",48.63,48.75,47.90,48.01,"1,067,400",46.58
"Jun 1, 2011",50.27,50.27,48.42,48.42,"838,600",46.97
"May 31, 2011",50.66,50.67,49.78,50.43,"869,700",48.92
"May 27, 2011",50.22,50.38,49.81,50.18,"514,800",48.68
"May 26, 2011",49.40,50.31,49.24,50.10,"751,600",48.60
"May 25, 2011",49.66,49.80,49.35,49.59,"662,700",48.01
"May 24, 2011",49.51,49.94,49.21,49.79,"956,000",48.21
"May 23, 2011",49.19,49.49,48.57,48.75,"1,064,700",47.20
"May 20, 2011",51.95,52.37,49.97,49.98,"1,260,700",48.39
"May 19, 2011",52.05,52.25,51.65,51.99,"481,900",50.34
"May 18, 2011",50.27,51.77,50.27,51.76,"483,100",50.11
"May 17, 2011",50.21,50.35,49.80,50.31,"447,800",48.71
"May 16, 2011",50.66,50.84,50.20,50.32,"521,400",48.72
"May 13, 2011",51.39,51.49,50.44,50.77,"674,000",49.16
"May 12, 2011",51.06,51.63,50.68,51.43,"655,000",49.79
"May 11, 2011",51.73,51.76,50.91,51.17,"402,800",49.54
"May 10, 2011",51.01,51.93,51.01,51.76,"594,500",50.11
"May 9, 2011",50.64,51.19,50.31,51.04,"587,300",49.42
"May 6, 2011",50.43,51.04,50.27,50.68,"1,050,400",49.07
"May 5, 2011",50.01,50.50,47.00,50.04,"2,722,100",48.45
"May 4, 2011",51.34,51.72,50.40,51.02,"904,700",49.40
"May 3, 2011",51.93,52.06,51.13,51.36,"564,800",49.73
"May 2, 2011",51.54,52.37,51.52,51.96,"808,600",50.31
"Apr 29, 2011",50.08,51.75,49.75,51.42,"1,336,600",49.78
"Apr 28, 2011",49.68,50.57,49.68,50.02,"1,420,500",48.43
"Apr 27, 2011",49.78,49.97,49.53,49.80,"577,800",48.22
"Apr 26, 2011",49.47,49.80,49.30,49.63,"625,400",48.05
"Apr 25, 2011",49.38,49.49,49.14,49.26,"535,600",47.69
"Apr 21, 2011",49.76,49.81,49.46,49.49,"653,100",47.92
"Apr 20, 2011",49.71,49.98,49.47,49.54,"602,000",47.96
"Apr 19, 2011",49.37,49.49,48.96,49.11,"560,100",47.55
"Apr 18, 2011",49.31,49.52,48.98,49.44,"372,900",47.87
"Apr 15, 2011",49.81,50.19,49.53,49.94,"799,800",48.35
"Apr 14, 2011",49.57,49.79,49.16,49.67,"411,700",48.09
"Apr 13, 2011",49.85,50.15,49.51,49.79,"542,400",48.21
"Apr 12, 2011",49.93,50.06,49.27,49.39,"607,800",47.82
"Apr 11, 2011",50.52,50.52,50.05,50.15,"668,400",48.56
"Apr 8, 2011",50.82,50.82,49.96,50.55,"821,000",48.94
"Apr 7, 2011",50.79,50.91,50.22,50.49,"821,800",48.88
"Apr 6, 2011",51.19,51.25,50.43,51.02,"980,700",49.40
"Apr 5, 2011",50.71,51.36,50.35,50.92,"1,252,000",49.30
"Apr 4, 2011",50.54,51.09,50.39,50.87,"652,300",49.25
"Apr 1, 2011",50.42,51.01,50.18,50.50,"1,135,100",48.89
"Mar 31, 2011",49.75,50.12,49.35,50.09,"691,100",48.50
"Mar 30, 2011",49.06,49.91,48.99,49.89,"807,000",48.30
"Mar 29, 2011",48.88,48.96,48.24,48.89,"1,139,600",47.34
"Mar 28, 2011",50.45,50.57,48.65,48.98,"1,402,000",47.42
"Mar 25, 2011",50.69,50.76,50.24,50.45,"542,100",48.85
"Mar 24, 2011",50.72,51.01,50.49,50.66,"753,600",49.05
"Mar 23, 2011",50.50,50.83,49.68,50.52,"731,400",48.91
"Mar 22, 2011",50.19,50.96,50.09,50.68,"996,200",49.07
"Mar 21, 2011",49.33,50.33,48.86,50.30,"1,007,000",48.70
"Mar 18, 2011",49.57,49.87,48.63,48.77,"1,740,100",47.22
"Mar 17, 2011",49.30,49.92,49.19,49.35,"815,600",47.78
"Mar 16, 2011",48.62,49.39,48.36,48.75,"1,339,700",47.20
"Mar 15, 2011",47.64,48.87,46.82,48.78,"1,554,300",47.23
"Mar 14, 2011",49.77,49.77,48.46,48.84,"1,000,000",47.29
"Mar 11, 2011",49.89,50.47,49.20,49.95,"655,500",48.36
"Mar 10, 2011",50.36,50.56,49.82,50.01,"623,600",48.42
"Mar 9, 2011",51.06,51.16,50.55,50.78,"562,100",49.16
"Mar 8, 2011",50.89,51.22,50.33,51.13,"461,900",49.50
"Mar 7, 2011",51.76,52.07,50.36,50.76,"802,100",49.15
"Mar 4, 2011",52.77,52.95,51.22,51.64,"735,100",50.00
"Mar 3, 2011",52.06,53.35,52.06,52.91,"998,900",51.23
"Mar 2, 2011",50.89,51.72,50.77,51.69,"1,005,800",50.05
"Mar 1, 2011",52.05,52.05,50.61,50.86,"871,100",49.24
"Feb 28, 2011",52.00,52.22,51.77,51.94,"493,500",50.29
"Feb 25, 2011",51.67,52.00,51.44,51.95,"557,900",50.30
"Feb 24, 2011",51.67,51.84,51.16,51.44,"842,800",49.80
"Feb 23, 2011",52.92,53.19,50.84,51.57,"987,800",49.86
"Feb 22, 2011",52.85,53.23,52.37,52.89,"1,049,200",51.13
"Feb 18, 2011",53.11,53.40,52.72,53.36,"667,500",51.59
"Feb 17, 2011",53.03,53.66,52.85,53.17,"766,700",51.40
"Feb 16, 2011",52.74,53.57,52.38,53.36,"724,400",51.59
"Feb 15, 2011",52.20,52.92,51.99,52.60,"705,900",50.85
"Feb 14, 2011",51.85,52.54,51.77,52.45,"987,200",50.71
"Feb 11, 2011",49.80,51.96,49.65,51.78,"1,666,600",50.06
"Feb 10, 2011",49.79,50.35,46.63,49.87,"6,124,300",48.21
"Feb 9, 2011",49.43,50.74,49.32,50.37,"1,528,200",48.70
"Feb 8, 2011",49.15,49.61,48.92,49.47,"1,043,200",47.83
"Feb 7, 2011",49.28,49.57,48.85,48.98,"1,139,700",47.35
"Feb 4, 2011",48.59,48.70,47.86,48.55,"696,400",46.94
"Feb 3, 2011",46.91,48.57,46.90,48.49,"1,500,900",46.88
"Feb 2, 2011",46.58,47.09,46.41,47.08,"1,926,600",45.52
"Feb 1, 2011",44.50,47.16,44.41,46.85,"2,208,200",45.29
"Jan 31, 2011",46.15,46.53,45.98,46.50,"1,455,200",44.96
"Jan 28, 2011",46.30,46.65,45.86,45.99,"865,100",44.46
"Jan 27, 2011",46.44,46.56,45.84,46.36,"1,053,400",44.82
"Jan 26, 2011",46.47,46.59,46.04,46.43,"641,900",44.89
"Jan 25, 2011",47.06,47.06,46.06,46.39,"935,500",44.85
"Jan 24, 2011",46.95,47.37,46.64,47.10,"878,900",45.54
"Jan 21, 2011",48.00,48.02,47.05,47.09,"827,200",45.53
"Jan 20, 2011",47.58,48.13,47.33,47.81,"886,400",46.22
"Jan 19, 2011",48.01,48.37,47.46,47.58,"967,400",46.00
"Jan 18, 2011",47.79,48.29,47.66,48.10,"759,200",46.50
"Jan 14, 2011",47.68,48.08,47.54,47.75,"1,186,700",46.16
"Jan 13, 2011",47.85,48.45,47.42,47.68,"1,197,800",46.10
"Jan 12, 2011",48.07,48.27,47.60,47.83,"796,500",46.24
"Jan 11, 2011",47.82,47.92,47.14,47.72,"812,500",46.14
"Jan 10, 2011",48.23,48.75,47.26,47.56,"1,615,600",45.98
"Jan 7, 2011",48.64,48.80,48.12,48.41,"620,600",46.80
"Jan 6, 2011",50.20,50.41,47.69,48.52,"2,106,600",46.91
"Jan 5, 2011",51.63,51.84,49.93,50.21,"2,828,700",48.54
"Jan 4, 2011",52.04,52.18,51.39,51.74,"1,485,100",50.02
"Jan 3, 2011",52.00,52.16,51.55,51.83,"1,251,600",50.11
"Dec 31, 2010",51.86,52.08,51.56,51.75,"341,000",50.03
"Dec 30, 2010",52.12,52.25,51.76,51.97,"359,100",50.24
"Dec 29, 2010",52.13,52.38,52.04,52.17,"306,200",50.44
"Dec 28, 2010",52.62,52.74,51.67,52.00,"349,900",50.27
"Dec 27, 2010",52.87,52.87,52.32,52.50,"401,500",50.76
"Dec 23, 2010",52.70,52.98,52.54,52.67,"451,700",50.92
"Dec 22, 2010",52.48,53.01,52.48,52.80,"317,000",51.05
"Dec 21, 2010",52.31,52.59,52.00,52.56,"255,900",50.81
"Dec 20, 2010",52.26,52.29,51.79,52.06,"470,000",50.33
"Dec 17, 2010",51.25,52.08,51.23,52.08,"718,200",50.35
"Dec 16, 2010",51.48,51.63,50.78,51.25,"879,600",49.55
"Dec 15, 2010",51.91,52.17,51.33,51.39,"265,800",49.68
"Dec 14, 2010",51.73,52.22,51.68,51.96,"235,100",50.23
"Dec 13, 2010",52.53,52.59,51.50,51.71,"473,000",49.99
"Dec 10, 2010",52.56,52.59,51.66,52.23,"282,000",50.50
"Dec 9, 2010",52.87,52.93,52.21,52.36,"356,600",50.62
"Dec 8, 2010",52.64,52.84,52.32,52.53,"486,600",50.79
"Dec 7, 2010",52.36,53.06,52.36,52.64,"619,800",50.89
"Dec 6, 2010",52.02,52.23,51.68,52.06,"500,100",50.33
"Dec 3, 2010",51.54,52.16,51.39,52.14,"1,283,000",50.41
"Dec 2, 2010",51.28,51.86,51.24,51.72,"914,600",50.00
"Dec 1, 2010",51.70,51.80,51.06,51.34,"1,405,500",49.63
"Nov 30, 2010",51.13,51.45,50.77,50.95,"765,800",49.26
"Nov 29, 2010",52.12,52.25,51.01,51.54,"482,800",49.83
"Nov 26, 2010",52.22,52.55,51.90,52.49,"192,500",50.75
"Nov 24, 2010",52.21,52.82,52.13,52.77,"303,400",50.94
"Nov 23, 2010",52.34,52.53,51.26,51.82,"721,400",50.03
"Nov 22, 2010",53.07,53.31,52.22,52.92,"729,000",51.09
"Nov 19, 2010",52.53,53.33,52.34,53.33,"479,000",51.49
"Nov 18, 2010",52.39,52.96,52.30,52.54,"504,200",50.72
"Nov 17, 2010",51.05,51.78,50.93,51.70,"410,300",49.91
"Nov 16, 2010",51.30,51.74,50.66,50.99,"510,900",49.23
"Nov 15, 2010",51.95,52.13,51.54,51.54,"594,700",49.76
"Nov 12, 2010",52.09,52.48,51.31,51.78,"507,700",49.99
"Nov 11, 2010",51.93,52.57,51.85,52.39,"532,500",50.58
"Nov 10, 2010",51.79,52.28,51.55,52.28,"412,600",50.47
"Nov 9, 2010",52.46,52.56,51.71,51.93,"468,600",50.13
"Nov 8, 2010",52.58,52.65,52.07,52.37,"471,500",50.56
"Nov 5, 2010",52.05,52.80,51.98,52.67,"683,300",50.85
"Nov 4, 2010",52.00,53.34,52.00,52.47,"1,390,300",50.66
"Nov 3, 2010",50.76,51.22,50.06,50.50,"712,600",48.75
"Nov 2, 2010",51.23,51.59,50.58,50.64,"478,800",48.89
"Nov 1, 2010",51.00,51.17,50.37,50.97,"1,124,500",49.21
"Oct 29, 2010",50.07,50.92,50.00,50.89,"591,500",49.13
"Oct 28, 2010",49.90,50.44,49.70,50.05,"1,720,500",48.32
"Oct 27, 2010",48.90,49.70,48.27,49.56,"709,400",47.85
"Oct 26, 2010",48.43,49.47,48.37,49.29,"562,200",47.59
"Oct 25, 2010",48.61,48.84,48.16,48.63,"682,000",46.95
"Oct 22, 2010",48.35,48.43,48.12,48.28,"267,700",46.61
"Oct 21, 2010",48.59,48.90,47.92,48.27,"546,000",46.60
"Oct 20, 2010",47.60,48.67,47.60,48.32,"383,300",46.65
"Oct 19, 2010",47.75,47.84,47.14,47.49,"579,300",45.85
"Oct 18, 2010",48.18,48.49,47.93,48.35,"436,300",46.68
"Oct 15, 2010",48.71,48.75,47.91,48.25,"574,300",46.58
"Oct 14, 2010",48.56,48.56,47.96,48.28,"381,200",46.61
"Oct 13, 2010",47.98,49.00,47.84,48.56,"703,300",46.88
"Oct 12, 2010",47.48,47.90,47.05,47.64,"606,600",45.99
"Oct 11, 2010",47.28,47.64,47.15,47.50,"393,700",45.86
"Oct 8, 2010",47.04,47.42,46.62,47.28,"690,300",45.64
"Oct 7, 2010",47.32,47.49,46.83,46.91,"679,300",45.29
"Oct 6, 2010",47.57,47.79,46.60,47.02,"705,600",45.39
"Oct 5, 2010",47.15,47.75,46.89,47.56,"702,400",45.92
"Oct 4, 2010",46.91,47.31,46.16,46.57,"445,200",44.96
"Oct 1, 2010",47.70,47.79,46.73,47.14,"565,900",45.51
"Sep 30, 2010",47.79,48.10,46.92,47.58,"1,058,000",45.93
"Sep 29, 2010",46.92,47.71,46.85,47.60,"729,200",45.95
"Sep 28, 2010",46.87,47.11,46.29,47.04,"477,400",45.41
"Sep 27, 2010",46.70,47.19,46.27,46.90,"755,200",45.28
"Sep 24, 2010",46.42,46.77,46.01,46.64,"731,800",45.03
"Sep 23, 2010",45.34,46.00,45.22,45.35,"529,600",43.78
"Sep 22, 2010",45.59,45.87,45.22,45.73,"705,000",44.15
"Sep 21, 2010",46.55,46.78,45.60,45.75,"708,300",44.17
"Sep 20, 2010",45.75,46.81,45.51,46.50,"507,200",44.89
"Sep 17, 2010",45.75,46.07,45.48,45.65,"610,800",44.07
"Sep 16, 2010",45.35,45.58,44.97,45.36,"441,000",43.79
"Sep 15, 2010",44.92,45.74,44.83,45.55,"806,000",43.97
"Sep 14, 2010",44.22,45.48,44.20,45.00,"892,500",43.44
"Sep 13, 2010",44.08,44.61,44.00,44.20,"610,900",42.67
"Sep 10, 2010",43.09,43.83,42.92,43.72,"423,500",42.21
"Sep 9, 2010",43.06,43.16,42.72,43.05,"441,800",41.56
"Sep 8, 2010",42.61,42.82,42.45,42.56,"654,400",41.09
"Sep 7, 2010",43.00,43.00,42.27,42.40,"347,500",40.93
"Sep 3, 2010",42.60,43.23,42.43,43.18,"427,000",41.69
"Sep 2, 2010",41.97,42.33,41.81,42.33,"377,400",40.87
"Sep 1, 2010",40.62,41.91,40.62,41.81,"674,900",40.36
"Aug 31, 2010",40.24,40.55,39.95,40.18,"917,900",38.79
"Aug 30, 2010",40.57,41.20,40.38,40.38,"918,400",38.98
"Aug 27, 2010",40.11,40.82,39.66,40.76,"323,400",39.35
"Aug 26, 2010",40.19,40.66,40.01,40.05,"1,157,500",38.59
"Aug 25, 2010",39.85,40.13,39.38,40.09,"1,370,000",38.63
"Aug 24, 2010",40.17,40.32,39.36,40.07,"853,600",38.61
"Aug 23, 2010",41.55,41.69,40.60,40.74,"344,200",39.26
"Aug 20, 2010",41.27,41.61,40.42,41.33,"905,600",39.83
"Aug 19, 2010",42.25,42.32,41.32,41.61,"732,500",40.10
"Aug 18, 2010",42.57,43.15,42.19,42.54,"468,300",40.99
"Aug 17, 2010",42.32,43.03,42.24,42.52,"532,200",40.97
"Aug 16, 2010",41.68,42.32,41.36,42.00,"606,600",40.47
"Aug 13, 2010",42.26,42.26,41.45,41.94,"971,800",40.41
"Aug 12, 2010",42.58,42.84,42.09,42.37,"672,300",40.83
"Aug 11, 2010",43.59,43.62,43.09,43.26,"811,100",41.69
"Aug 10, 2010",43.99,44.34,43.75,44.09,"831,000",42.49
"Aug 9, 2010",43.56,45.58,42.71,44.44,"1,166,900",42.82
"Aug 6, 2010",44.34,44.85,44.03,44.82,"948,800",43.19
"Aug 5, 2010",44.21,44.87,44.10,44.81,"660,000",43.18
"Aug 4, 2010",44.18,44.51,44.03,44.44,"558,900",42.82
"Aug 3, 2010",43.71,44.50,43.62,43.91,"981,900",42.31
"Aug 2, 2010",43.20,43.87,43.20,43.76,"404,100",42.17
"Jul 30, 2010",42.13,42.82,41.87,42.63,"425,100",41.08
"Jul 29, 2010",42.37,42.77,42.02,42.52,"711,300",40.97
"Jul 28, 2010",42.06,42.25,41.62,42.06,"457,400",40.53
"Jul 27, 2010",43.07,43.07,41.90,42.24,"680,700",40.70
"Jul 26, 2010",41.90,43.43,41.79,42.96,"1,009,400",41.40
"Jul 23, 2010",40.93,41.27,40.56,41.00,"1,530,500",39.51
"Jul 22, 2010",40.71,41.40,40.70,41.09,"798,900",39.59
"Jul 21, 2010",41.38,41.43,40.21,40.41,"431,900",38.94
"Jul 20, 2010",40.42,41.35,40.00,41.33,"363,800",39.83
"Jul 19, 2010",40.51,40.95,40.28,40.76,"408,800",39.28
"Jul 16, 2010",41.23,41.29,40.17,40.41,"560,000",38.94
"Jul 15, 2010",41.82,41.82,41.00,41.50,"387,800",39.99
"Jul 14, 2010",41.94,42.24,41.59,41.90,"349,000",40.38
"Jul 13, 2010",41.76,42.30,41.44,42.13,"425,900",40.60
"Jul 12, 2010",41.50,41.84,41.22,41.43,"351,200",39.92
"Jul 9, 2010",42.05,42.10,41.33,41.61,"564,600",40.10
"Jul 8, 2010",42.24,42.56,41.59,42.05,"386,500",40.52
"Jul 7, 2010",41.03,41.92,40.71,41.88,"472,900",40.36
"Jul 6, 2010",41.44,41.63,40.40,40.84,"678,700",39.35
"Jul 2, 2010",40.71,41.29,40.35,40.96,"770,900",39.47
"Jul 1, 2010",40.23,40.53,39.37,40.43,"653,000",38.96
"Jun 30, 2010",41.06,41.29,40.24,40.34,"751,800",38.87
"Jun 29, 2010",42.61,42.73,41.04,41.27,"614,500",39.77
"Jun 28, 2010",43.48,43.65,43.07,43.09,"546,800",41.52
"Jun 25, 2010",42.44,43.35,41.92,43.30,"1,413,000",41.72
"Jun 24, 2010",43.67,43.71,42.18,42.37,"695,300",40.83
"Jun 23, 2010",44.00,44.13,43.36,43.77,"491,800",42.18
"Jun 22, 2010",44.97,45.29,43.86,43.90,"678,900",42.30
"Jun 21, 2010",45.83,46.20,44.68,44.92,"586,000",43.29
"Jun 18, 2010",45.72,45.72,45.19,45.32,"583,200",43.67
"Jun 17, 2010",45.37,45.60,44.87,45.53,"441,600",43.87
"Jun 16, 2010",45.51,45.71,45.10,45.18,"805,000",43.54
"Jun 15, 2010",45.25,46.11,45.15,45.77,"777,000",44.10
"Jun 14, 2010",45.38,45.69,44.96,45.01,"694,900",43.37
"Jun 11, 2010",44.54,45.27,44.23,45.21,"870,800",43.56
"Jun 10, 2010",44.27,45.06,44.27,44.98,"707,900",43.34
"Jun 9, 2010",43.06,44.32,43.06,43.63,"1,193,300",42.04
"Jun 8, 2010",43.34,43.37,42.18,42.84,"1,282,800",41.28
"Jun 7, 2010",44.89,45.05,43.11,43.14,"1,006,600",41.57
"Jun 4, 2010",45.96,46.00,44.55,44.73,"847,500",43.10
"Jun 3, 2010",46.64,47.17,46.34,46.56,"714,600",44.87
"Jun 2, 2010",44.65,46.31,44.56,46.25,"1,137,600",44.57
"Jun 1, 2010",44.94,45.36,44.26,44.32,"732,300",42.71
"May 28, 2010",45.97,46.02,44.90,45.18,"533,200",43.54
"May 27, 2010",45.80,46.06,45.16,45.93,"843,100",44.26
"May 26, 2010",44.50,46.02,44.25,45.08,"1,373,600",43.44
"May 25, 2010",42.74,44.15,42.26,44.07,"924,500",42.39
"May 24, 2010",43.51,44.36,43.20,43.72,"890,000",42.06
"May 21, 2010",42.41,43.93,42.35,43.52,"1,037,900",41.86
"May 20, 2010",44.48,44.70,43.08,43.20,"947,200",41.56
"May 19, 2010",46.30,46.31,45.05,45.35,"1,061,500",43.63
"May 18, 2010",46.69,47.14,46.06,46.23,"805,800",44.47
"May 17, 2010",46.52,46.81,45.41,46.33,"632,600",44.57
"May 14, 2010",46.62,46.94,45.70,46.33,"601,800",44.57
"May 13, 2010",47.97,48.08,46.75,46.88,"731,000",45.10
"May 12, 2010",47.15,48.07,46.66,47.97,"702,200",46.15
"May 11, 2010",45.65,47.29,45.61,46.95,"1,286,400",45.16
"May 10, 2010",46.06,46.70,45.02,46.20,"1,196,300",44.44
"May 7, 2010",44.91,45.49,43.67,44.09,"1,783,700",42.41
"May 6, 2010",45.35,47.00,42.83,44.80,"1,709,700",43.10
"May 5, 2010",45.74,46.09,44.77,45.55,"1,370,800",43.82
"May 4, 2010",46.03,46.45,45.56,46.05,"1,075,800",44.30
"May 3, 2010",45.54,46.50,45.34,46.49,"486,800",44.72
"Apr 30, 2010",44.86,46.50,44.65,45.34,"1,180,000",43.62
"Apr 29, 2010",44.41,44.69,44.13,44.68,"566,900",42.98
"Apr 28, 2010",44.35,44.35,43.40,44.10,"651,400",42.42
"Apr 27, 2010",44.91,45.09,43.72,44.19,"576,500",42.51
"Apr 26, 2010",45.40,45.42,44.63,45.00,"463,100",43.29
"Apr 23, 2010",44.91,45.28,44.39,45.27,"520,700",43.55
"Apr 22, 2010",44.12,45.08,43.47,44.92,"653,100",43.21
"Apr 21, 2010",44.17,44.52,44.09,44.32,"410,600",42.63
"Apr 20, 2010",43.90,44.28,43.74,44.17,"437,500",42.49
"Apr 19, 2010",43.27,43.80,42.96,43.55,"567,000",41.89
"Apr 16, 2010",43.67,43.96,43.05,43.38,"614,900",41.73
"Apr 15, 2010",43.98,44.12,43.44,43.89,"503,000",42.22
"Apr 14, 2010",43.62,44.12,42.92,44.12,"987,800",42.44
"Apr 13, 2010",43.74,43.74,43.01,43.60,"506,200",41.94
"Apr 12, 2010",44.12,44.12,43.53,43.77,"428,500",42.11
"Apr 9, 2010",43.55,44.09,43.16,43.98,"463,500",42.31
"Apr 8, 2010",43.23,43.58,43.01,43.39,"462,400",41.74
"Apr 7, 2010",44.50,44.54,43.27,43.43,"806,700",41.78
"Apr 6, 2010",44.50,44.69,44.19,44.57,"535,600",42.87
"Apr 5, 2010",44.37,44.77,44.01,44.57,"414,800",42.87
"Apr 1, 2010",44.55,44.57,43.83,44.26,"424,800",42.58
"Mar 31, 2010",44.54,44.60,43.97,44.35,"573,300",42.66
"Mar 30, 2010",44.27,44.81,43.98,44.58,"859,700",42.88
"Mar 29, 2010",44.17,44.43,43.64,44.07,"693,700",42.39
"Mar 26, 2010",43.62,44.09,43.23,43.85,"1,202,600",42.18
"Mar 25, 2010",43.37,43.70,43.19,43.49,"884,400",41.84
"Mar 24, 2010",42.35,43.33,42.25,43.26,"931,100",41.61
"Mar 23, 2010",41.88,42.52,41.51,42.46,"589,500",40.85
"Mar 22, 2010",41.29,41.96,41.07,41.72,"565,600",40.13
"Mar 19, 2010",41.25,41.79,40.88,41.25,"777,100",39.68
"Mar 18, 2010",41.41,41.56,41.08,41.28,"495,400",39.71
"Mar 17, 2010",41.80,41.80,41.31,41.47,"479,000",39.89
"Mar 16, 2010",41.68,41.84,41.44,41.75,"637,700",40.16
"Mar 15, 2010",41.99,42.08,41.20,41.57,"689,800",39.99
"Mar 12, 2010",41.63,42.07,41.50,41.99,"1,171,700",40.39
"Mar 11, 2010",41.00,41.41,40.60,41.36,"660,500",39.79
"Mar 10, 2010",40.40,41.22,40.03,41.10,"847,000",39.54
"Mar 9, 2010",40.81,40.81,40.41,40.53,"637,100",38.99
"Mar 8, 2010",40.94,41.55,40.55,40.94,"1,061,300",39.38
"Mar 5, 2010",39.70,40.90,39.55,40.82,"776,300",39.27
"Mar 4, 2010",39.41,39.61,39.24,39.43,"567,600",37.93
"Mar 3, 2010",39.86,40.08,39.16,39.37,"585,200",37.87
"Mar 2, 2010",40.49,40.74,39.52,39.70,"942,800",38.19
"Mar 1, 2010",39.89,40.53,39.77,40.21,"608,200",38.68
"Feb 26, 2010",39.67,39.93,39.04,39.58,"658,900",38.07
"Feb 25, 2010",38.97,39.61,38.52,39.53,"1,123,700",38.03
"Feb 24, 2010",40.15,40.58,39.43,39.64,"969,500",38.13
"Feb 23, 2010",40.54,40.54,39.76,40.16,"1,659,600",38.56
"Feb 22, 2010",39.70,39.72,39.24,39.50,"586,000",37.93
"Feb 19, 2010",39.43,39.96,39.10,39.70,"524,800",38.12
"Feb 18, 2010",39.44,39.71,39.16,39.44,"623,400",37.87
"Feb 17, 2010",38.57,39.64,38.30,39.43,"1,091,700",37.86
"Feb 16, 2010",39.11,39.60,38.71,39.25,"611,500",37.69
"Feb 12, 2010",38.43,38.95,37.94,38.62,"1,216,300",37.08
"Feb 11, 2010",39.35,39.79,38.06,38.86,"2,029,700",37.31
"Feb 10, 2010",43.61,43.61,40.41,40.58,"3,500,200",38.96
"Feb 9, 2010",42.52,44.28,42.42,43.76,"773,400",42.02
"Feb 8, 2010",41.96,42.95,41.90,42.08,"509,900",40.40
"Feb 5, 2010",42.55,42.78,41.23,42.14,"592,900",40.46
"Feb 4, 2010",44.27,44.30,42.60,42.64,"651,800",40.94
"Feb 3, 2010",43.90,44.72,43.90,44.49,"593,600",42.72
"Feb 2, 2010",43.85,44.25,43.37,44.24,"440,200",42.48
"Feb 1, 2010",42.76,43.63,42.67,43.63,"523,700",41.89
"Jan 29, 2010",43.26,43.54,42.69,42.70,"594,000",41.00
"Jan 28, 2010",43.43,43.75,42.74,43.07,"332,700",41.35
"Jan 27, 2010",43.90,44.00,42.56,43.32,"731,900",41.59
"Jan 26, 2010",44.09,44.37,43.61,44.01,"734,500",42.26
"Jan 25, 2010",44.44,44.54,43.79,44.15,"404,600",42.39
"Jan 22, 2010",44.16,44.31,43.75,44.00,"1,147,500",42.25
"Jan 21, 2010",45.92,45.95,44.31,44.43,"660,000",42.66
"Jan 20, 2010",46.00,46.00,45.21,45.72,"734,500",43.90
"Jan 19, 2010",45.23,46.30,45.05,46.21,"400,300",44.37
"Jan 15, 2010",46.20,46.94,44.86,45.18,"687,900",43.38
"Jan 14, 2010",45.83,45.98,45.16,45.64,"468,500",43.82
"Jan 13, 2010",45.75,46.17,45.23,46.04,"427,700",44.21
"Jan 12, 2010",45.20,45.87,45.09,45.59,"787,400",43.77
"Jan 11, 2010",45.46,46.01,44.53,45.64,"1,365,800",43.82
"Jan 8, 2010",43.96,43.96,43.21,43.74,"564,700",42.00
"Jan 7, 2010",44.16,44.23,43.64,43.91,"642,000",42.16
"Jan 6, 2010",43.75,44.61,43.75,44.26,"1,363,500",42.50
"Jan 5, 2010",41.77,43.96,41.77,43.65,"1,455,600",41.91
"Jan 4, 2010",41.70,41.91,40.61,41.91,"1,323,500",40.24
"Dec 31, 2009",42.10,42.36,41.50,41.50,"245,100",39.85
"Dec 30, 2009",42.20,42.26,41.89,42.01,"252,900",40.34
"Dec 29, 2009",41.76,42.28,41.73,42.21,"268,600",40.53
"Dec 28, 2009",41.76,42.08,41.36,41.56,"164,900",39.90
"Dec 24, 2009",41.53,41.87,40.18,41.77,"144,100",40.11
"Dec 23, 2009",42.08,42.16,41.59,41.93,"417,500",40.26
"Dec 22, 2009",41.89,42.06,41.56,41.95,"488,000",40.28
"Dec 21, 2009",41.59,42.08,41.59,41.82,"477,400",40.15
"Dec 18, 2009",40.78,41.57,40.30,41.53,"1,138,800",39.88
"Dec 17, 2009",40.86,41.00,40.10,40.77,"783,900",39.15
"Dec 16, 2009",40.47,41.00,40.47,40.95,"707,800",39.32
"Dec 15, 2009",40.33,40.55,40.11,40.47,"780,300",38.86
"Dec 14, 2009",41.36,41.36,40.35,40.41,"496,700",38.80
"Dec 11, 2009",41.27,41.40,41.02,41.27,"447,400",39.63
"Dec 10, 2009",40.34,41.22,40.26,41.08,"641,300",39.44
"Dec 9, 2009",39.99,40.49,39.40,40.35,"1,103,700",38.74
"Dec 8, 2009",39.33,39.95,38.90,39.93,"654,300",38.34
"Dec 7, 2009",39.69,39.98,39.31,39.66,"697,100",38.08
"Dec 4, 2009",39.34,39.80,39.25,39.68,"708,900",38.10
"Dec 3, 2009",39.56,39.74,38.91,39.04,"729,800",37.49
"Dec 2, 2009",39.32,39.70,39.30,39.50,"881,200",37.93
"Dec 1, 2009",39.59,40.09,39.25,39.44,"660,800",37.87
"Nov 30, 2009",39.85,39.86,39.30,39.55,"464,300",37.97
"Nov 27, 2009",39.88,40.15,39.69,39.94,"253,900",38.35
"Nov 25, 2009",40.07,40.63,39.74,40.58,"680,900",38.96
"Nov 24, 2009",40.44,40.44,39.93,40.14,"305,600",38.47
"Nov 23, 2009",40.65,41.41,40.34,40.44,"520,400",38.76
"Nov 20, 2009",40.04,40.40,39.89,40.24,"571,400",38.57
"Nov 19, 2009",40.40,40.40,39.55,40.09,"454,300",38.42
"Nov 18, 2009",40.87,40.87,40.22,40.51,"274,900",38.82
"Nov 17, 2009",40.95,40.95,40.30,40.78,"348,200",39.08
"Nov 16, 2009",40.92,41.05,40.57,41.01,"451,200",39.30
"Nov 13, 2009",40.28,40.71,39.97,40.65,"423,200",38.96
"Nov 12, 2009",40.20,40.48,40.00,40.13,"307,000",38.46
"Nov 11, 2009",40.26,40.63,40.04,40.17,"565,900",38.50
"Nov 10, 2009",39.52,40.24,39.39,40.13,"795,600",38.46
"Nov 9, 2009",39.36,39.75,39.09,39.59,"1,241,200",37.94
"Nov 6, 2009",39.12,39.84,38.18,39.61,"1,441,800",37.96
"Nov 5, 2009",39.07,39.52,36.87,39.23,"2,016,500",37.60
"Nov 4, 2009",38.40,38.92,38.08,38.61,"1,562,700",37.00
"Nov 3, 2009",37.76,38.17,37.55,38.17,"1,128,800",36.58
"Nov 2, 2009",38.00,38.31,37.65,38.03,"2,027,000",36.45
"Oct 30, 2009",38.23,38.50,37.56,37.76,"1,060,400",36.19
"Oct 29, 2009",38.74,38.79,37.95,38.06,"1,103,100",36.48
"Oct 28, 2009",38.95,39.06,38.15,38.41,"1,167,100",36.81
"Oct 27, 2009",39.01,39.49,38.69,38.92,"555,900",37.30
"Oct 26, 2009",39.35,40.25,38.79,38.88,"650,700",37.26
"Oct 23, 2009",39.55,39.98,38.92,39.26,"679,500",37.63
"Oct 22, 2009",38.98,39.70,38.53,39.59,"827,500",37.94
"Oct 21, 2009",39.53,40.08,38.78,38.91,"936,400",37.29
"Oct 20, 2009",39.91,40.14,39.55,39.60,"830,400",37.95
"Oct 19, 2009",39.87,40.29,39.74,40.00,"841,100",38.34
"Oct 16, 2009",38.30,39.69,38.17,39.65,"1,111,600",38.00
"Oct 15, 2009",38.36,38.62,37.95,38.39,"808,800",36.79
"Oct 14, 2009",38.00,38.52,37.68,38.46,"1,084,900",36.86
"Oct 13, 2009",37.59,38.00,37.22,37.76,"879,000",36.19
"Oct 12, 2009",37.55,37.99,37.32,37.53,"549,000",35.97
"Oct 9, 2009",37.82,38.17,37.22,37.35,"860,500",35.80
"Oct 8, 2009",37.97,38.24,37.65,37.76,"688,100",36.19
"Oct 7, 2009",37.25,38.06,37.18,37.71,"687,400",36.14
"Oct 6, 2009",36.83,37.62,36.73,37.46,"577,100",35.90
"Oct 5, 2009",36.38,36.86,36.00,36.77,"743,000",35.24
"Oct 2, 2009",36.76,37.15,36.18,36.36,"848,700",34.85
"Oct 1, 2009",36.87,37.65,36.87,37.00,"1,324,700",35.46
"Sep 30, 2009",37.20,37.35,36.59,36.95,"770,300",35.41
"Sep 29, 2009",36.87,37.24,36.67,37.20,"454,300",35.65
"Sep 28, 2009",36.44,36.86,36.28,36.71,"430,500",35.18
"Sep 25, 2009",36.73,36.81,36.18,36.27,"587,900",34.76
"Sep 24, 2009",37.30,37.38,36.48,36.67,"777,900",35.14
"Sep 23, 2009",37.20,37.76,37.11,37.11,"968,700",35.57
"Sep 22, 2009",37.00,37.54,37.00,37.41,"706,200",35.85
"Sep 21, 2009",37.05,37.19,36.41,37.01,"843,800",35.47
"Sep 18, 2009",36.70,37.44,36.59,37.28,"1,022,100",35.73
"Sep 17, 2009",36.54,37.38,36.41,36.48,"704,300",34.96
"Sep 16, 2009",35.46,36.70,35.39,36.40,"804,800",34.88
"Sep 15, 2009",36.00,36.16,35.31,35.53,"1,658,500",34.05
"Sep 14, 2009",35.36,35.87,35.25,35.85,"800,200",34.36
"Sep 11, 2009",34.58,35.57,34.55,35.52,"1,839,300",34.04
"Sep 10, 2009",34.72,34.80,34.24,34.73,"723,000",33.28
"Sep 9, 2009",34.19,34.77,33.70,34.45,"1,066,400",33.02
"Sep 8, 2009",33.57,34.11,33.21,33.96,"1,357,000",32.55
"Sep 4, 2009",32.55,33.52,32.53,33.38,"1,400,700",31.99
"Sep 3, 2009",32.80,33.12,32.24,32.76,"786,200",31.40
"Sep 2, 2009",32.24,33.05,32.03,32.74,"1,165,300",31.38
"Sep 1, 2009",32.12,32.90,31.89,32.46,"1,314,500",31.11
"Aug 31, 2009",32.58,32.80,32.22,32.47,"1,239,200",31.12
"Aug 28, 2009",33.15,33.28,32.60,32.70,"527,800",31.34
"Aug 27, 2009",33.38,33.40,32.44,33.04,"553,600",31.66
"Aug 26, 2009",33.23,33.88,33.06,33.51,"533,700",32.04
"Aug 25, 2009",33.77,34.02,33.23,33.44,"587,600",31.98
"Aug 24, 2009",33.73,34.07,33.41,33.55,"371,500",32.08
"Aug 21, 2009",33.19,33.75,32.61,33.66,"565,700",32.19
"Aug 20, 2009",33.04,33.23,32.65,33.05,"389,800",31.60
"Aug 19, 2009",32.56,33.20,32.49,33.01,"507,700",31.57
"Aug 18, 2009",32.55,32.84,32.38,32.79,"392,600",31.35
"Aug 17, 2009",33.15,33.15,32.39,32.51,"430,500",31.09
"Aug 14, 2009",34.12,34.19,33.08,33.43,"363,000",31.97
"Aug 13, 2009",34.03,34.22,33.57,34.07,"375,500",32.58
"Aug 12, 2009",34.11,34.32,33.85,34.06,"988,800",32.57
"Aug 11, 2009",34.16,34.48,33.87,34.19,"557,000",32.69
"Aug 10, 2009",33.88,34.32,33.80,34.10,"702,000",32.61
"Aug 7, 2009",33.49,34.16,33.31,34.00,"686,000",32.51
"Aug 6, 2009",32.70,33.23,32.29,33.06,"745,600",31.61
"Aug 5, 2009",32.99,33.28,32.04,32.74,"703,100",31.31
"Aug 4, 2009",32.70,33.06,32.44,33.06,"697,600",31.61
"Aug 3, 2009",32.40,32.89,32.32,32.62,"585,200",31.19
"Jul 31, 2009",32.70,32.83,32.13,32.28,"685,900",30.87
"Jul 30, 2009",31.95,32.86,31.94,32.60,"546,800",31.17
"Jul 29, 2009",31.65,32.00,31.51,31.87,"354,000",30.48
"Jul 28, 2009",31.45,32.00,31.41,31.73,"553,400",30.34
"Jul 27, 2009",31.50,31.58,30.85,31.47,"374,200",30.09
"Jul 24, 2009",31.43,31.70,30.96,31.52,"407,900",30.14
"Jul 23, 2009",31.29,31.69,30.88,31.49,"375,200",30.11
"Jul 22, 2009",30.90,31.32,30.81,31.12,"466,900",29.76
"Jul 21, 2009",31.04,31.26,30.51,31.01,"467,000",29.65
"Jul 20, 2009",31.06,31.07,29.99,30.94,"876,500",29.59
"Jul 17, 2009",29.80,29.97,29.57,29.83,"476,300",28.52
"Jul 16, 2009",29.17,29.92,29.10,29.84,"510,800",28.53
"Jul 15, 2009",28.32,29.24,28.12,29.21,"726,700",27.93
"Jul 14, 2009",27.12,28.13,27.11,28.02,"670,200",26.79
"Jul 13, 2009",27.02,27.17,26.64,27.04,"966,500",25.86
"Jul 10, 2009",27.00,27.25,26.79,27.04,"779,700",25.86
"Jul 9, 2009",27.44,27.61,27.11,27.24,"594,500",26.05
"Jul 8, 2009",27.11,27.48,26.91,27.22,"616,200",26.03
"Jul 7, 2009",27.47,27.72,27.00,27.07,"796,500",25.89
"Jul 6, 2009",26.48,27.64,26.48,27.47,"769,900",26.27
"Jul 2, 2009",27.45,27.50,26.58,26.58,"744,500",25.42
"Jul 1, 2009",27.87,28.33,27.82,27.89,"646,500",26.67
"Jun 30, 2009",27.71,28.14,27.54,27.83,"675,900",26.61
"Jun 29, 2009",27.83,28.13,27.64,27.87,"607,300",26.65
"Jun 26, 2009",27.79,27.95,27.29,27.84,"1,347,700",26.62
"Jun 25, 2009",27.44,28.08,27.32,27.73,"958,200",26.52
"Jun 24, 2009",27.60,27.95,27.33,27.53,"600,300",26.33
"Jun 23, 2009",27.59,27.79,27.27,27.49,"862,400",26.29
"Jun 22, 2009",27.79,28.14,27.40,27.61,"944,300",26.40
"Jun 19, 2009",28.35,28.55,27.84,27.86,"939,100",26.64
"Jun 18, 2009",27.75,28.22,27.51,28.00,"450,200",26.77
"Jun 17, 2009",27.91,28.27,27.40,27.84,"1,123,000",26.62
"Jun 16, 2009",29.03,29.22,27.95,28.00,"837,900",26.77
"Jun 15, 2009",29.06,29.26,28.77,28.97,"672,500",27.70
"Jun 12, 2009",29.33,29.62,28.95,29.44,"481,000",28.15
"Jun 11, 2009",29.14,29.63,29.03,29.38,"1,749,200",28.09
"Jun 10, 2009",29.13,29.61,28.80,29.04,"1,129,200",27.77
"Jun 9, 2009",28.75,29.03,28.46,28.71,"750,200",27.45
"Jun 8, 2009",28.45,28.87,27.83,28.65,"694,000",27.40
"Jun 5, 2009",28.99,29.02,28.02,28.50,"629,700",27.25
"Jun 4, 2009",29.01,29.04,28.54,28.73,"553,900",27.47
"Jun 3, 2009",29.09,29.42,28.62,28.99,"492,000",27.72
"Jun 2, 2009",28.83,29.65,28.54,29.50,"997,200",28.21
"Jun 1, 2009",28.11,29.19,28.11,29.04,"1,276,800",27.77
"May 29, 2009",27.68,28.06,27.24,27.74,"1,259,300",26.53
"May 28, 2009",27.41,27.69,26.97,27.36,"841,100",26.16
"May 27, 2009",28.18,28.18,27.28,27.33,"553,900",26.13
"May 26, 2009",27.27,28.19,26.95,28.08,"777,800",26.78
"May 22, 2009",27.81,28.21,27.39,27.45,"500,100",26.18
"May 21, 2009",28.32,28.32,27.35,27.78,"930,700",26.49
"May 20, 2009",29.08,29.40,28.45,28.79,"1,128,600",27.46
"May 19, 2009",28.61,29.09,28.37,28.75,"646,100",27.42
"May 18, 2009",27.91,28.46,27.12,28.43,"1,019,300",27.11
"May 15, 2009",28.25,28.68,27.24,27.47,"1,206,100",26.20
"May 14, 2009",28.27,28.70,27.53,28.26,"981,600",26.95
"May 13, 2009",28.24,28.57,27.32,28.00,"959,000",26.70
"May 12, 2009",30.30,30.37,28.26,28.96,"1,080,500",27.62
"May 11, 2009",28.69,30.35,28.69,29.83,"622,200",28.45
"May 8, 2009",31.00,33.50,28.89,30.43,"1,130,400",29.02
"May 7, 2009",30.68,31.37,29.21,29.76,"748,300",28.38
"May 6, 2009",29.73,30.46,29.23,30.29,"1,143,600",28.89
"May 5, 2009",29.44,30.06,28.98,29.90,"1,273,900",28.51
"May 4, 2009",27.74,29.61,27.24,29.55,"1,609,300",28.18
"May 1, 2009",27.51,27.86,26.85,27.45,"549,300",26.18
"Apr 30, 2009",27.26,28.24,27.24,27.44,"877,600",26.17
"Apr 29, 2009",26.30,27.11,26.30,27.01,"950,900",25.76
"Apr 28, 2009",25.69,26.54,25.64,26.02,"913,800",24.81
"Apr 27, 2009",25.90,26.42,25.64,25.90,"573,900",24.70
"Apr 24, 2009",26.31,26.50,25.90,26.33,"602,000",25.11
"Apr 23, 2009",26.32,26.45,25.49,26.00,"630,900",24.80
"Apr 22, 2009",26.15,26.50,25.88,26.28,"784,000",25.06
"Apr 21, 2009",25.85,26.54,25.81,26.49,"713,900",25.26
"Apr 20, 2009",26.80,27.43,25.67,26.05,"376,700",24.84
"Apr 17, 2009",27.02,27.56,26.41,27.26,"725,400",26.00
"Apr 16, 2009",25.80,27.44,25.57,27.27,"878,400",26.01
"Apr 15, 2009",26.17,26.35,25.48,25.70,"1,220,400",24.51
"Apr 14, 2009",26.49,26.88,25.95,26.22,"683,200",25.01
"Apr 13, 2009",25.55,27.00,25.21,26.66,"623,500",25.43
"Apr 9, 2009",25.84,26.38,25.47,25.92,"965,300",24.72
"Apr 8, 2009",24.28,25.00,24.28,24.93,"698,100",23.78
"Apr 7, 2009",24.53,24.70,23.66,24.06,"771,500",22.95
"Apr 6, 2009",25.19,25.44,24.45,24.96,"1,254,300",23.80
"Apr 3, 2009",25.98,26.10,24.90,25.35,"871,400",24.18
"Apr 2, 2009",24.19,26.32,23.84,26.10,"1,345,100",24.89
"Apr 1, 2009",22.17,23.85,22.00,23.60,"724,100",22.51
"Mar 31, 2009",22.20,22.84,21.76,22.51,"608,800",21.47
"Mar 30, 2009",22.85,22.85,21.69,21.84,"677,500",20.83
"Mar 27, 2009",22.92,23.51,22.21,23.15,"681,000",22.08
"Mar 26, 2009",22.30,23.73,22.20,23.20,"947,000",22.13
"Mar 25, 2009",22.13,22.67,21.41,22.18,"611,500",21.15
"Mar 24, 2009",21.91,22.44,21.62,21.88,"679,800",20.87
"Mar 23, 2009",21.43,22.37,21.26,22.32,"541,800",21.29
"Mar 20, 2009",21.54,21.81,20.76,20.99,"630,100",20.02
"Mar 19, 2009",21.93,21.98,20.90,21.37,"520,400",20.38
"Mar 18, 2009",21.32,21.98,20.75,21.62,"653,600",20.62
"Mar 17, 2009",20.53,21.48,20.50,21.44,"734,200",20.45
"Mar 16, 2009",21.04,21.49,20.62,20.66,"512,900",19.70
"Mar 13, 2009",20.64,21.21,20.45,20.79,"1,078,100",19.83
"Mar 12, 2009",19.82,20.55,19.32,20.49,"838,800",19.54
"Mar 11, 2009",20.08,20.21,19.63,19.90,"809,100",18.98
"Mar 10, 2009",18.82,19.90,18.69,19.86,"1,217,000",18.94
"Mar 9, 2009",18.67,19.46,18.49,18.62,"1,107,300",17.76
"Mar 6, 2009",18.65,19.16,18.10,19.01,"1,278,600",18.13
"Mar 5, 2009",19.04,19.38,18.18,18.51,"1,112,300",17.65
"Mar 4, 2009",19.21,19.83,18.95,19.45,"780,900",18.55
"Mar 3, 2009",19.42,19.65,18.85,18.93,"1,255,500",18.05
"Mar 2, 2009",19.52,19.79,19.02,19.15,"872,100",18.26
"Feb 27, 2009",19.97,20.57,19.62,19.91,"1,071,400",18.99
"Feb 26, 2009",20.90,21.39,20.33,20.55,"907,100",19.60
"Feb 25, 2009",20.79,21.39,20.05,20.82,"928,900",19.86
"Feb 24, 2009",20.09,21.25,19.93,21.10,"966,600",20.05
"Feb 23, 2009",20.65,20.90,19.98,20.03,"647,600",19.03
"Feb 20, 2009",20.05,20.94,19.71,20.47,"1,027,500",19.45
"Feb 19, 2009",21.15,21.48,20.24,20.48,"983,500",19.46
"Feb 18, 2009",20.80,21.22,20.21,21.08,"1,185,500",20.03
"Feb 17, 2009",20.57,21.01,20.28,20.66,"1,107,300",19.63
"Feb 13, 2009",21.79,21.99,21.21,21.48,"724,400",20.41
"Feb 12, 2009",21.03,21.79,20.85,21.79,"801,400",20.71
"Feb 11, 2009",21.71,21.86,21.10,21.50,"544,800",20.43
"Feb 10, 2009",21.74,22.50,21.36,21.60,"1,176,500",20.53
"Feb 9, 2009",22.06,22.26,21.64,22.01,"784,700",20.92
"Feb 6, 2009",21.40,22.73,20.90,22.26,"1,184,400",21.15
"Feb 5, 2009",20.45,22.35,19.81,21.43,"1,828,000",20.36
"Feb 4, 2009",21.94,22.00,20.61,20.75,"1,156,700",19.72
"Feb 3, 2009",21.68,22.18,20.86,22.04,"693,200",20.94
"Feb 2, 2009",20.83,21.98,20.69,21.38,"1,100,300",20.32
"Jan 30, 2009",23.33,23.33,21.11,21.47,"1,078,900",20.40
"Jan 29, 2009",23.50,23.65,22.82,23.32,"570,100",22.16
"Jan 28, 2009",23.36,24.13,23.12,23.80,"801,200",22.62
"Jan 27, 2009",22.98,23.21,22.40,22.85,"1,025,500",21.71
"Jan 26, 2009",22.34,23.12,22.24,22.45,"1,496,800",21.33
"Jan 23, 2009",21.27,22.47,21.00,22.36,"1,161,500",21.25
"Jan 22, 2009",22.31,22.75,21.36,21.53,"1,129,700",20.46
"Jan 21, 2009",21.89,22.59,21.39,22.50,"876,700",21.38
"Jan 20, 2009",22.71,23.58,21.31,21.45,"1,118,600",20.38
"Jan 16, 2009",22.61,22.98,21.42,22.54,"748,400",21.42
"Jan 15, 2009",22.36,22.71,21.12,22.30,"924,700",21.19
"Jan 14, 2009",22.93,23.38,21.79,22.38,"943,300",21.27
"Jan 13, 2009",23.89,24.45,23.39,23.44,"1,467,400",22.27
"Jan 12, 2009",23.30,23.73,22.49,23.66,"1,027,900",22.48
"Jan 9, 2009",23.51,23.75,22.30,23.25,"677,200",22.09
"Jan 8, 2009",23.51,24.50,20.82,23.43,"2,928,400",22.27
"Jan 7, 2009",23.89,24.30,23.24,23.67,"908,300",22.49
"Jan 6, 2009",24.63,24.70,23.48,24.37,"1,117,900",23.16
"Jan 5, 2009",23.50,24.03,22.93,24.03,"823,700",22.84
"Jan 2, 2009",22.00,24.06,21.69,23.75,"556,000",22.57
"Dec 31, 2008",21.94,22.61,21.71,22.00,"831,900",20.91
"Dec 30, 2008",20.80,22.09,20.80,22.06,"519,000",20.96
"Dec 29, 2008",21.18,21.24,20.28,20.92,"493,400",19.88
"Dec 26, 2008",21.09,21.40,20.47,21.31,"370,700",20.25
"Dec 24, 2008",21.22,21.22,20.38,20.90,"255,400",19.86
"Dec 23, 2008",20.30,20.87,20.00,20.75,"1,151,000",19.72
"Dec 22, 2008",21.49,21.69,20.12,20.60,"686,000",19.58
"Dec 19, 2008",21.15,21.55,20.69,21.07,"1,129,500",20.02
"Dec 18, 2008",20.83,21.16,20.28,20.55,"2,066,300",19.53
"Dec 17, 2008",21.06,21.38,20.51,20.64,"743,300",19.61
"Dec 16, 2008",21.50,21.92,20.75,21.13,"1,627,200",20.08
"Dec 15, 2008",21.50,21.99,20.35,20.72,"894,100",19.69
"Dec 12, 2008",22.07,22.98,20.87,21.44,"1,383,000",20.37
"Dec 11, 2008",23.48,23.48,22.00,22.25,"1,034,700",21.14
"Dec 10, 2008",24.53,25.08,23.55,23.76,"700,800",22.58
"Dec 9, 2008",23.90,24.92,23.50,24.16,"865,800",22.96
"Dec 8, 2008",24.64,25.38,23.63,24.96,"1,194,200",23.72
"Dec 5, 2008",23.74,23.89,22.47,23.88,"654,100",22.69
"Dec 4, 2008",24.14,24.99,23.31,24.03,"655,700",22.84
"Dec 3, 2008",24.10,24.77,22.98,24.23,"928,300",23.03
"Dec 2, 2008",24.76,25.60,24.22,24.80,"570,000",23.57
"Dec 1, 2008",27.05,27.05,24.50,24.76,"733,200",23.53
"Nov 28, 2008",26.32,27.79,26.25,27.79,"448,800",26.41
"Nov 26, 2008",24.92,26.50,24.91,25.97,"472,700",24.68
"Nov 25, 2008",26.06,26.77,24.51,25.74,"855,800",24.46
"Nov 24, 2008",25.00,25.79,24.29,25.46,"975,900",24.12
"Nov 21, 2008",22.18,24.69,22.18,24.67,"1,146,900",23.37
"Nov 20, 2008",24.13,24.57,21.90,22.40,"1,160,600",21.22
"Nov 19, 2008",24.10,25.45,24.10,24.40,"1,120,300",23.12
"Nov 18, 2008",23.73,25.47,22.96,23.88,"680,500",22.63
"Nov 17, 2008",25.56,25.78,23.53,23.84,"705,600",22.59
"Nov 14, 2008",25.00,27.00,25.00,26.00,"767,500",24.63
"Nov 13, 2008",23.16,25.47,22.29,25.47,"794,300",24.13
"Nov 12, 2008",23.88,25.00,23.40,23.40,"1,042,900",22.17
"Nov 11, 2008",24.44,24.80,23.79,24.40,"551,800",23.12
"Nov 10, 2008",25.55,25.65,23.92,24.79,"724,800",23.49
"Nov 7, 2008",24.98,25.37,24.12,25.06,"678,400",23.74
"Nov 6, 2008",26.76,27.27,24.42,24.75,"786,100",23.45
"Nov 5, 2008",27.95,28.50,26.87,27.01,"488,800",25.59
"Nov 4, 2008",29.17,29.17,28.02,28.62,"782,400",27.12
"Nov 3, 2008",28.40,28.86,28.05,28.51,"730,800",27.01
"Oct 31, 2008",26.76,29.00,26.73,28.40,"1,141,400",26.91
"Oct 30, 2008",27.50,28.33,26.23,26.75,"828,200",25.35
"Oct 29, 2008",25.90,28.88,25.15,27.50,"1,711,600",26.06
"Oct 28, 2008",22.52,26.24,20.90,26.16,"1,329,200",24.79
"Oct 27, 2008",22.91,22.99,21.25,21.41,"1,226,600",20.29
"Oct 24, 2008",23.00,23.78,22.06,23.40,"1,458,700",22.17
"Oct 23, 2008",26.76,27.06,23.56,24.45,"1,034,500",23.17
"Oct 22, 2008",27.58,28.05,25.50,26.66,"1,290,900",25.26
"Oct 21, 2008",29.12,30.22,28.76,29.28,"635,700",27.74
"Oct 20, 2008",28.34,29.77,28.34,29.54,"585,800",27.99
"Oct 17, 2008",26.96,28.87,26.96,28.65,"990,100",27.15
"Oct 16, 2008",28.71,28.84,26.88,28.36,"861,900",26.87
"Oct 15, 2008",29.61,31.26,28.35,28.59,"853,100",27.09
"Oct 14, 2008",30.04,32.71,29.46,30.37,"1,114,500",28.78
"Oct 13, 2008",27.78,30.45,27.78,30.07,"259,400",28.49
"Oct 10, 2008",27.75,30.01,24.40,27.06,"1,857,100",25.64
"Oct 9, 2008",33.07,34.31,28.40,28.70,"1,129,200",27.19
"Oct 8, 2008",32.63,37.14,31.81,32.22,"1,001,400",30.53
"Oct 7, 2008",34.35,35.58,32.86,33.25,"679,800",31.50
"Oct 6, 2008",35.60,35.89,32.52,34.54,"1,087,000",32.73
"Oct 3, 2008",35.60,37.09,35.19,35.83,"959,100",33.95
"Oct 2, 2008",35.03,37.04,35.03,36.11,"558,100",34.21
"Oct 1, 2008",36.57,37.10,35.60,36.77,"668,300",34.84
"Sep 30, 2008",35.41,37.05,35.05,36.31,"726,200",34.40
"Sep 29, 2008",39.18,39.22,34.88,36.27,"1,063,200",34.37
"Sep 26, 2008",40.29,40.29,38.82,39.11,"766,100",37.06
"Sep 25, 2008",39.50,41.40,38.28,40.29,"1,068,500",38.17
"Sep 24, 2008",39.98,40.11,38.84,39.50,"830,300",37.43
"Sep 23, 2008",40.05,40.85,39.43,39.90,"677,500",37.80
"Sep 22, 2008",42.00,42.71,39.28,39.92,"589,200",37.82
"Sep 19, 2008",44.98,44.98,40.90,41.60,"839,100",39.42
"Sep 18, 2008",39.50,43.03,38.19,42.02,"1,558,000",39.81
"Sep 17, 2008",40.45,41.04,39.16,39.16,"693,800",37.10
"Sep 16, 2008",38.70,41.69,38.31,41.41,"735,200",39.24
"Sep 15, 2008",40.20,40.45,39.31,39.78,"820,900",37.69
"Sep 12, 2008",39.90,41.33,39.65,40.85,"665,000",38.70
"Sep 11, 2008",40.80,41.50,39.49,40.99,"1,212,700",38.84
"Sep 10, 2008",39.54,40.36,38.00,39.70,"1,103,000",37.62
"Sep 9, 2008",44.24,44.24,39.48,39.48,"990,200",37.41
"Sep 8, 2008",39.57,40.77,39.57,40.38,"550,400",38.26
"Sep 5, 2008",40.26,40.99,39.44,40.24,"561,500",38.13
"Sep 4, 2008",40.72,41.41,40.26,40.26,"547,600",38.15
"Sep 3, 2008",41.20,41.97,40.57,41.49,"363,200",39.31
"Sep 2, 2008",43.00,43.00,41.19,41.51,"417,300",39.33
"Aug 29, 2008",41.50,41.54,40.99,41.54,"312,000",39.36
"Aug 28, 2008",41.20,42.11,41.00,41.68,"386,000",39.49
"Aug 27, 2008",41.57,41.75,41.03,41.41,"214,200",39.24
"Aug 26, 2008",41.07,41.87,40.71,41.76,"315,700",39.50
"Aug 25, 2008",41.16,41.49,40.88,41.01,"349,800",38.79
"Aug 22, 2008",42.10,42.99,41.16,42.02,"524,700",39.74
"Aug 21, 2008",41.05,42.36,40.83,41.86,"389,700",39.59
"Aug 20, 2008",40.87,42.40,40.80,41.79,"320,300",39.52
"Aug 19, 2008",41.75,42.25,40.84,41.47,"489,600",39.22
"Aug 18, 2008",42.95,42.99,40.96,41.72,"521,700",39.46
"Aug 15, 2008",42.89,43.19,42.52,42.75,"342,700",40.43
"Aug 14, 2008",41.45,43.29,41.45,42.90,"427,300",40.57
"Aug 13, 2008",42.45,42.54,42.02,42.30,"576,800",40.01
"Aug 12, 2008",41.50,42.36,41.50,42.16,"322,500",39.87
"Aug 11, 2008",41.26,42.36,41.18,41.57,"328,400",39.32
"Aug 8, 2008",40.67,41.28,39.75,41.28,"602,000",39.04
"Aug 7, 2008",42.95,42.95,40.84,40.89,"490,400",38.67
"Aug 6, 2008",43.15,43.15,41.94,42.43,"260,800",40.13
"Aug 5, 2008",41.30,42.90,40.90,42.65,"600,300",40.34
"Aug 4, 2008",39.97,41.11,39.75,40.82,"528,800",38.61
"Aug 1, 2008",40.27,40.45,39.99,40.10,"423,000",37.93
"Jul 31, 2008",39.99,41.48,39.99,40.54,"586,100",38.34
"Jul 30, 2008",41.10,41.80,40.04,40.72,"712,000",38.51
"Jul 29, 2008",40.27,41.04,40.04,40.70,"258,100",38.49
"Jul 28, 2008",42.34,42.34,39.54,40.04,"687,200",37.87
"Jul 25, 2008",40.40,41.30,40.40,40.64,"792,200",38.44
"Jul 24, 2008",40.20,41.07,38.99,40.75,"1,100,300",38.54
"Jul 23, 2008",39.90,40.50,38.50,39.94,"577,600",37.77
"Jul 22, 2008",39.00,39.68,38.77,39.09,"694,200",36.97
"Jul 21, 2008",39.63,40.12,38.10,38.31,"825,400",36.23
"Jul 18, 2008",41.92,41.92,39.97,40.14,"857,100",37.96
"Jul 17, 2008",40.25,41.93,40.13,41.72,"1,036,800",39.46
"Jul 16, 2008",41.61,41.83,39.59,40.21,"745,300",38.03
"Jul 15, 2008",40.60,40.95,40.00,40.40,"795,100",38.21
"Jul 14, 2008",40.13,41.54,40.03,41.01,"851,800",38.79
"Jul 11, 2008",39.90,40.71,39.36,40.18,"745,200",38.00
"Jul 10, 2008",39.99,41.00,39.90,40.60,"1,092,900",38.40
"Jul 9, 2008",39.90,41.07,39.90,40.00,"562,400",37.83
"Jul 8, 2008",39.39,41.23,39.39,40.80,"710,100",38.59
"Jul 7, 2008",41.13,42.19,40.15,40.20,"1,439,500",38.02
"Jul 3, 2008",42.10,42.15,41.01,41.34,"735,300",39.10
"Jul 2, 2008",39.85,42.77,39.01,41.75,"1,047,000",39.49
"Jul 1, 2008",38.30,41.23,38.09,39.75,"1,190,700",37.59
"Jun 30, 2008",38.90,39.02,38.00,38.35,"1,598,400",36.27
"Jun 27, 2008",39.85,39.98,38.74,38.74,"40,200",36.64
"Jun 26, 2008",40.52,40.52,39.80,39.80,"49,500",37.64
"Jun 25, 2008",40.75,41.24,40.57,40.71,"206,900",38.50
"Jun 24, 2008",41.10,41.12,40.66,40.66,"107,600",38.46
"Jun 23, 2008",41.27,41.49,41.10,41.49,"50,700",39.24
"Jun 20, 2008",41.39,41.48,40.93,41.17,"369,000",38.94
"Jun 19, 2008",42.49,42.49,41.35,41.43,"58,200",39.18
"Jun 18, 2008",43.00,43.19,41.80,42.70,"276,800",40.39
"Jun 17, 2008",43.00,43.49,42.74,43.00,"214,100",40.67
"Jun 16, 2008",43.00,43.01,42.26,42.26,"56,400",39.97
"Jun 13, 2008",42.50,43.34,42.50,42.61,"51,200",40.30
"Jun 12, 2008",40.99,42.78,40.99,42.50,"447,800",40.20
"Jun 19, 2008",42.49,42.49,41.35,41.43,"58,200",39.18
"Jun 18, 2008",43.00,43.19,41.80,42.70,"276,800",40.39
"Jun 17, 2008",43.00,43.49,42.74,43.00,"214,100",40.67
"Jun 16, 2008",43.00,43.01,42.26,42.26,"56,400",39.97
"Jun 13, 2008",42.50,43.34,42.50,42.61,"51,200",40.30
"Jun 12, 2008",40.99,42.78,40.99,42.50,"447,800",40.20
