"Jul 1, 2014",211.95,215.35,211.83,214.25,"2,748,400",213.43
"Jun 30, 2014",208.66,211.74,208.50,210.71,"2,490,400",209.90
"Jun 27, 2014",208.10,209.90,207.86,209.28,"3,240,300",208.48
"Jun 26, 2014",209.83,209.86,207.56,208.96,"2,145,100",208.16
"Jun 25, 2014",207.31,210.49,207.31,209.06,"2,061,200",208.26
"Jun 24, 2014",209.27,210.59,207.38,207.79,"3,272,400",207.00
"Jun 23, 2014",209.00,209.81,208.18,209.47,"3,691,300",208.67
"Jun 20, 2014",211.52,212.12,209.10,209.49,"4,589,700",208.69
"Jun 19, 2014",211.47,212.16,208.02,210.32,"3,832,800",209.52
"Jun 18, 2014",210.45,211.25,209.03,211.25,"2,581,500",210.44
"Jun 17, 2014",210.14,211.92,209.90,210.81,"1,430,600",210.00
"Jun 16, 2014",210.88,210.99,209.97,210.24,"1,974,800",209.44
"Jun 13, 2014",211.87,212.07,210.85,211.29,"1,771,300",210.48
"Jun 12, 2014",212.39,213.17,211.23,211.77,"1,554,500",210.96
"Jun 11, 2014",212.99,213.91,212.12,212.68,"1,689,500",211.87
"Jun 10, 2014",213.00,214.78,212.75,214.25,"1,708,900",213.43
"Jun 9, 2014",213.49,213.99,211.63,212.58,"1,379,100",211.77
"Jun 6, 2014",212.53,213.40,211.61,213.00,"2,500,600",212.19
"Jun 5, 2014",212.12,212.50,210.62,212.22,"1,649,400",211.41
"Jun 4, 2014",211.16,211.43,209.45,211.43,"3,147,400",210.62
"Jun 3, 2014",213.03,213.23,210.80,211.32,"2,252,900",210.51
"Jun 2, 2014",215.37,215.69,212.84,213.52,"1,591,000",212.70
"May 30, 2014",215.88,215.95,213.33,214.83,"1,534,100",214.01
"May 29, 2014",214.00,214.69,213.50,214.67,"1,315,100",213.85
"May 28, 2014",214.50,214.50,213.01,213.80,"1,805,800",212.98
"May 27, 2014",212.99,214.52,212.82,214.50,"2,419,200",213.68
"May 23, 2014",209.99,212.27,209.71,212.07,"2,779,400",211.26
"May 22, 2014",210.13,210.28,208.70,209.37,"4,217,500",208.57
"May 21, 2014",208.85,210.67,208.59,210.10,"2,274,100",209.30
"May 20, 2014",210.32,210.32,207.40,207.92,"2,185,000",207.13
"May 19, 2014",209.38,210.98,208.85,210.36,"1,759,900",209.56
"May 16, 2014",207.59,210.09,207.59,209.81,"3,069,900",209.01
"May 15, 2014",209.00,209.69,206.42,207.45,"3,171,300",206.66
"May 14, 2014",211.20,211.88,209.86,209.86,"1,709,500",209.06
"May 13, 2014",211.99,212.69,211.40,212.06,"1,784,400",210.85
"May 12, 2014",211.08,212.48,211.03,211.70,"2,183,200",210.49
"May 9, 2014",210.18,210.87,208.15,210.81,"2,948,900",209.61
"May 8, 2014",208.93,212.10,208.61,210.90,"3,653,400",209.70
"May 7, 2014",207.01,209.00,204.44,208.70,"3,683,000",207.51
"May 6, 2014",206.70,207.02,205.20,205.36,"2,718,300",204.19
"May 5, 2014",203.75,207.88,203.00,207.13,"3,448,200",205.95
"May 2, 2014",205.74,207.10,204.00,204.42,"2,727,200",203.25
"May 1, 2014",204.10,207.31,203.36,206.09,"3,568,300",204.92
"Apr 30, 2014",202.26,203.64,201.90,202.61,"3,036,400",201.46
"Apr 29, 2014",201.89,204.05,201.79,202.67,"3,190,000",201.51
"Apr 28, 2014",199.50,201.93,199.01,201.42,"6,065,800",200.27
"Apr 25, 2014",200.00,203.80,198.56,198.93,"9,559,800",197.80
"Apr 24, 2014",209.80,210.50,207.59,209.40,"3,386,800",208.21
"Apr 23, 2014",210.30,210.30,208.00,208.82,"2,204,900",207.63
"Apr 22, 2014",209.34,210.58,208.53,209.97,"2,460,000",208.77
"Apr 21, 2014",208.98,209.50,208.39,209.13,"2,503,100",207.94
"Apr 17, 2014",210.34,211.54,207.95,207.95,"3,341,000",206.76
"Apr 16, 2014",207.00,209.56,205.48,209.36,"3,958,200",208.17
"Apr 15, 2014",203.84,204.94,199.17,204.05,"4,803,500",202.89
"Apr 14, 2014",199.80,201.95,198.01,201.01,"5,231,400",199.86
"Apr 11, 2014",199.23,200.00,194.84,196.63,"7,484,900",195.51
"Apr 10, 2014",208.26,209.07,200.15,201.55,"5,100,900",200.40
"Apr 9, 2014",204.58,207.78,202.62,207.54,"4,785,700",206.36
"Apr 8, 2014",202.82,205.92,202.00,202.59,"5,436,400",201.44
"Apr 7, 2014",206.78,207.44,201.02,203.41,"10,031,000",202.25
"Apr 4, 2014",215.57,215.71,205.75,207.70,"6,112,300",206.52
"Apr 3, 2014",215.79,216.28,213.38,215.01,"3,552,600",213.78
"Apr 2, 2014",214.78,216.50,213.37,214.66,"2,336,200",213.44
"Apr 1, 2014",217.08,218.16,214.55,214.70,"2,272,600",213.48
"Mar 31, 2014",212.79,215.86,211.67,215.86,"2,909,800",214.63
"Mar 28, 2014",214.48,216.34,210.52,212.09,"3,737,500",210.88
"Mar 27, 2014",214.89,216.17,213.05,215.77,"2,622,400",214.54
"Mar 26, 2014",219.95,220.19,215.68,215.68,"2,664,300",214.45
"Mar 25, 2014",222.19,223.04,218.40,218.40,"2,918,800",217.16
"Mar 24, 2014",225.39,226.23,219.10,220.75,"4,557,100",219.49
"Mar 21, 2014",222.97,232.67,219.70,223.37,"9,523,100",222.10
"Mar 20, 2014",224.12,224.12,220.91,221.82,"2,972,500",220.56
"Mar 19, 2014",226.61,227.09,222.00,223.82,"1,972,200",222.54
"Mar 18, 2014",224.60,226.77,223.25,226.41,"2,076,200",225.12
"Mar 17, 2014",221.99,223.88,221.38,223.78,"2,200,000",222.50
"Mar 14, 2014",220.62,221.92,218.56,220.77,"3,423,000",219.51
"Mar 13, 2014",226.66,227.49,220.43,220.78,"2,999,100",219.52
"Mar 12, 2014",226.12,227.68,225.29,226.10,"2,348,700",224.81
"Mar 11, 2014",225.95,228.39,224.63,227.18,"2,765,700",225.89
"Mar 10, 2014",225.51,226.37,224.72,225.50,"1,837,600",224.21
"Mar 7, 2014",224.95,225.73,223.54,225.56,"2,242,800",224.27
"Mar 6, 2014",223.76,226.07,223.32,223.86,"2,280,100",222.58
"Mar 5, 2014",225.62,225.80,222.30,222.81,"2,832,100",221.54
"Mar 4, 2014",225.15,225.97,222.58,225.50,"3,721,200",224.21
"Mar 3, 2014",223.24,224.04,219.59,221.44,"4,105,700",220.18
"Feb 28, 2014",226.47,227.99,220.70,225.94,"3,501,000",224.65
"Feb 27, 2014",226.19,227.80,225.60,226.28,"2,024,400",224.99
"Feb 26, 2014",227.23,227.90,225.26,226.11,"2,603,400",224.82
"Feb 25, 2014",226.19,228.43,225.49,227.11,"2,834,900",225.82
"Feb 24, 2014",223.73,227.43,223.47,226.19,"2,704,300",224.90
"Feb 21, 2014",223.73,224.67,222.98,223.36,"2,284,000",222.09
"Feb 20, 2014",224.16,224.97,222.59,223.46,"2,202,500",222.19
"Feb 19, 2014",225.87,227.79,223.68,223.88,"2,330,500",222.60
"Feb 18, 2014",226.48,228.48,225.62,226.06,"3,356,800",224.77
"Feb 14, 2014",224.27,226.24,223.51,226.00,"3,170,500",224.71
"Feb 13, 2014",222.85,224.75,222.46,224.05,"3,289,700",222.77
"Feb 12, 2014",223.44,224.90,222.89,224.17,"3,662,700",222.89
"Feb 11, 2014",221.13,222.89,220.05,222.33,"2,452,400",220.67
"Feb 10, 2014",221.89,222.13,219.99,220.55,"2,579,200",218.90
"Feb 7, 2014",220.19,222.00,218.46,221.78,"3,134,300",220.12
"Feb 6, 2014",216.08,219.01,215.78,219.01,"3,180,400",217.37
"Feb 5, 2014",213.24,216.74,213.12,215.61,"3,380,200",214.00
"Feb 4, 2014",214.16,215.88,211.38,214.54,"3,728,400",212.93
"Feb 3, 2014",216.51,217.84,212.07,213.47,"5,415,600",211.87
"Jan 31, 2014",216.13,218.90,215.11,215.43,"6,114,300",213.82
"Jan 30, 2014",225.75,226.00,216.31,220.88,"5,010,100",219.23
"Jan 29, 2014",219.10,220.74,216.50,217.12,"4,200,000",215.49
"Jan 28, 2014",217.62,222.36,217.40,220.96,"4,463,100",219.31
"Jan 27, 2014",222.07,222.07,215.12,216.22,"4,867,700",214.60
"Jan 24, 2014",226.40,226.96,221.25,221.25,"4,010,800",219.59
"Jan 23, 2014",231.66,232.33,227.66,228.25,"3,415,600",226.54
"Jan 22, 2014",232.40,233.82,231.68,232.99,"1,813,600",231.25
"Jan 21, 2014",234.39,235.50,230.82,231.93,"4,938,100",230.19
"Jan 17, 2014",222.05,232.26,222.04,232.18,"9,586,100",230.44
"Jan 16, 2014",223.19,223.76,221.29,221.77,"3,378,500",220.11
"Jan 15, 2014",222.85,224.90,221.83,223.76,"2,822,000",222.08
"Jan 14, 2014",218.74,222.65,218.33,222.65,"2,712,900",220.98
"Jan 13, 2014",222.02,224.19,218.61,218.90,"3,388,600",217.26
"Jan 10, 2014",221.84,222.74,220.01,221.13,"1,607,400",219.47
"Jan 9, 2014",223.55,224.52,221.66,221.91,"2,096,600",220.25
"Jan 8, 2014",221.42,223.00,220.64,222.22,"2,121,800",220.56
"Jan 7, 2014",220.75,222.11,220.46,221.51,"2,044,500",219.85
"Jan 6, 2014",221.18,222.31,219.59,219.83,"2,144,400",218.18
"Jan 3, 2014",221.75,222.49,220.23,221.16,"1,952,400",219.50
"Jan 2, 2014",221.54,222.03,219.50,221.01,"2,663,500",219.35
"Dec 31, 2013",221.52,222.72,221.03,222.68,"1,612,100",221.01
"Dec 30, 2013",220.59,221.62,219.70,220.91,"1,485,000",219.26
"Dec 27, 2013",221.00,221.40,219.15,219.67,"1,310,500",218.03
"Dec 26, 2013",218.99,220.25,218.99,220.20,"1,224,700",218.55
"Dec 24, 2013",218.47,219.59,217.02,218.73,"1,301,900",217.09
"Dec 23, 2013",216.99,218.83,216.55,218.03,"1,998,700",216.40
"Dec 20, 2013",216.72,218.20,215.90,215.97,"5,815,900",214.35
"Dec 19, 2013",214.93,217.87,214.54,216.08,"3,348,700",214.46
"Dec 18, 2013",213.10,215.48,210.00,215.35,"4,035,500",213.74
"Dec 17, 2013",208.62,213.81,207.84,213.25,"5,161,800",211.65
"Dec 16, 2013",208.04,210.57,207.29,207.75,"3,694,900",206.19
"Dec 13, 2013",204.51,208.00,203.92,207.36,"4,418,600",205.81
"Dec 12, 2013",204.97,205.65,202.50,203.44,"2,867,300",201.92
"Dec 11, 2013",201.00,207.91,201.00,205.66,"10,082,000",204.12
"Dec 10, 2013",200.91,201.69,199.43,199.43,"3,911,800",197.94
"Dec 9, 2013",201.78,202.70,201.36,201.59,"3,166,800",200.08
"Dec 6, 2013",203.70,203.84,201.00,201.87,"2,276,700",200.36
"Dec 5, 2013",202.19,202.94,201.52,201.71,"3,315,000",200.20
"Dec 4, 2013",201.78,203.33,201.08,202.74,"2,934,800",201.22
"Dec 3, 2013",199.93,202.60,199.93,201.75,"4,258,200",200.24
"Dec 2, 2013",204.10,206.49,204.10,205.13,"2,190,500",203.59
"Nov 29, 2013",204.51,205.07,203.46,203.46,"1,034,800",201.94
"Nov 27, 2013",203.50,204.83,203.03,203.99,"1,484,900",202.46
"Nov 26, 2013",202.66,203.60,201.62,203.52,"2,811,500",202.00
"Nov 25, 2013",202.52,202.65,201.31,201.93,"1,685,500",200.42
"Nov 22, 2013",201.70,202.34,199.84,202.12,"2,037,700",200.61
"Nov 21, 2013",199.28,202.00,197.45,201.61,"3,194,100",200.10
"Nov 20, 2013",197.78,200.20,197.67,198.12,"2,549,300",196.64
"Nov 19, 2013",200.35,200.40,196.82,197.39,"3,615,700",195.91
"Nov 18, 2013",202.00,202.71,199.27,199.90,"4,095,200",198.40
"Nov 15, 2013",199.76,202.54,199.74,202.00,"3,097,900",200.49
"Nov 14, 2013",199.93,200.23,198.77,200.15,"2,727,400",198.65
"Nov 13, 2013",196.65,199.78,196.50,199.78,"2,045,400",198.28
"Nov 12, 2013",198.81,199.18,196.85,198.27,"2,254,100",196.39
"Nov 11, 2013",198.64,199.70,198.22,199.27,"2,096,300",197.38
"Nov 8, 2013",195.77,198.46,195.77,198.29,"2,865,600",196.41
"Nov 7, 2013",199.97,200.36,196.10,196.10,"2,708,100",194.24
"Nov 6, 2013",198.74,200.19,197.39,199.02,"2,219,700",197.13
"Nov 5, 2013",195.38,197.97,195.00,197.37,"2,764,500",195.50
"Nov 4, 2013",199.68,200.00,196.19,196.42,"2,772,300",194.56
"Nov 1, 2013",198.95,200.97,198.52,199.16,"3,308,400",197.27
"Oct 31, 2013",197.05,198.90,194.26,196.67,"6,008,800",194.80
"Oct 30, 2013",204.86,204.90,201.64,203.82,"2,986,600",201.89
"Oct 29, 2013",203.48,205.25,203.48,204.24,"2,149,900",202.30
"Oct 28, 2013",203.57,204.50,202.45,203.08,"1,713,600",201.15
"Oct 25, 2013",203.74,203.90,201.52,203.06,"2,753,600",201.13
"Oct 24, 2013",199.87,203.38,199.61,202.91,"2,221,400",200.98
"Oct 23, 2013",198.68,199.11,197.18,198.89,"1,869,100",197.00
"Oct 22, 2013",200.05,202.68,199.51,199.98,"3,050,700",198.08
"Oct 21, 2013",201.05,201.68,199.26,200.04,"2,881,500",198.14
"Oct 18, 2013",198.72,200.99,196.95,200.45,"3,596,800",198.55
"Oct 17, 2013",195.67,198.75,195.47,198.28,"3,151,300",196.40
"Oct 16, 2013",192.42,195.81,191.84,195.63,"2,595,700",193.77
"Oct 15, 2013",193.03,194.42,191.37,191.37,"2,641,900",189.55
"Oct 14, 2013",190.37,193.79,190.02,193.44,"2,230,600",191.60
"Oct 11, 2013",188.80,192.20,187.50,192.20,"2,978,800",190.38
"Oct 10, 2013",185.94,189.12,185.55,189.03,"2,716,400",187.24
"Oct 9, 2013",183.40,184.70,180.11,183.85,"3,362,000",182.11
"Oct 8, 2013",186.24,188.38,182.51,182.53,"4,009,900",180.80
"Oct 7, 2013",187.95,187.95,186.32,186.33,"2,946,300",184.56
"Oct 4, 2013",188.64,191.15,188.01,190.48,"2,341,400",188.67
"Oct 3, 2013",191.99,192.11,187.74,188.65,"4,911,500",186.86
"Oct 2, 2013",191.90,193.00,191.00,191.82,"2,178,100",190.00
"Oct 1, 2013",191.29,193.61,190.07,193.22,"2,346,200",191.39
"Sep 30, 2013",190.80,191.96,190.25,191.10,"2,390,400",189.29
"Sep 27, 2013",191.99,193.71,191.81,193.05,"1,814,600",191.22
"Sep 26, 2013",192.45,194.50,191.66,193.56,"2,331,600",191.72
"Sep 25, 2013",193.27,194.00,190.68,191.56,"2,648,700",189.74
"Sep 24, 2013",196.24,196.80,192.62,193.34,"3,824,100",191.51
"Sep 23, 2013",197.96,200.86,196.00,196.24,"4,887,900",194.38
"Sep 20, 2013",195.30,198.83,193.87,198.83,"14,426,800",196.94
"Sep 19, 2013",194.53,198.00,194.01,194.71,"3,741,600",192.86
"Sep 18, 2013",190.42,194.00,190.17,193.65,"2,618,700",191.81
"Sep 17, 2013",189.32,191.90,188.56,191.60,"2,600,200",189.78
"Sep 16, 2013",190.96,191.08,188.88,189.38,"2,845,200",187.58
"Sep 13, 2013",185.49,189.30,185.20,189.00,"4,100,900",187.21
"Sep 12, 2013",186.43,187.81,185.06,185.06,"3,553,000",183.30
"Sep 11, 2013",185.00,186.53,182.91,186.31,"2,751,500",184.54
"Sep 10, 2013",182.41,184.65,181.33,184.59,"4,876,800",182.84
"Sep 9, 2013",177.28,178.65,177.28,178.55,"2,700,400",176.86
"Sep 6, 2013",176.32,177.89,175.05,176.67,"1,674,300",174.99
"Sep 5, 2013",176.13,176.70,175.23,176.21,"1,851,700",174.54
"Sep 4, 2013",176.90,177.88,175.25,176.19,"2,438,300",174.52
"Sep 3, 2013",176.03,178.40,175.25,177.02,"3,137,600",175.34
"Aug 30, 2013",175.41,175.50,173.81,174.42,"2,471,600",172.76
"Aug 29, 2013",175.11,177.28,174.79,175.37,"2,351,200",173.71
"Aug 28, 2013",173.37,175.79,173.37,175.21,"3,918,000",173.55
"Aug 27, 2013",172.98,175.08,172.57,174.17,"3,190,600",172.52
"Aug 26, 2013",179.46,179.46,174.97,175.00,"3,447,300",173.34
"Aug 23, 2013",180.40,180.59,177.62,179.10,"2,451,800",177.40
"Aug 22, 2013",179.64,181.43,177.02,178.92,"2,646,600",177.22
"Aug 21, 2013",173.26,181.50,172.52,178.39,"7,732,700",176.70
"Aug 20, 2013",174.61,175.27,172.90,173.22,"3,533,800",171.58
"Aug 19, 2013",172.33,176.89,172.21,174.98,"2,995,500",173.32
"Aug 16, 2013",173.72,174.73,172.36,173.13,"3,153,100",171.49
"Aug 15, 2013",177.45,177.49,173.45,173.93,"4,322,100",172.28
"Aug 14, 2013",179.51,181.49,178.35,178.35,"3,834,700",176.66
"Aug 13, 2013",180.50,180.64,178.68,179.23,"2,851,800",177.20
"Aug 12, 2013",179.40,179.98,178.40,179.76,"3,405,600",177.73
"Aug 9, 2013",180.80,181.35,179.56,179.81,"2,507,100",177.78
"Aug 8, 2013",182.41,182.56,179.93,180.78,"2,406,700",178.73
"Aug 7, 2013",181.41,182.00,179.90,181.39,"3,889,100",179.34
"Aug 6, 2013",184.21,184.31,180.85,182.89,"4,996,700",180.82
"Aug 5, 2013",184.00,185.14,182.80,184.54,"2,869,900",182.45
"Aug 2, 2013",181.62,184.09,180.84,184.00,"5,424,600",181.92
"Aug 1, 2013",181.76,181.76,173.28,179.17,"18,571,800",177.14
"Jul 31, 2013",193.75,194.90,170.99,177.01,"22,518,400",175.01
"Jul 30, 2013",192.70,193.20,191.15,191.44,"3,477,800",189.27
"Jul 29, 2013",192.86,193.49,191.25,191.97,"1,444,100",189.80
"Jul 26, 2013",194.00,194.60,191.83,193.20,"2,177,300",191.01
"Jul 25, 2013",191.00,196.00,191.00,194.61,"5,480,800",192.41
"Jul 24, 2013",189.79,189.85,185.66,186.75,"3,498,400",184.64
"Jul 23, 2013",190.73,191.47,188.54,188.58,"2,927,700",186.45
"Jul 22, 2013",190.21,191.31,189.25,191.22,"1,982,600",189.06
"Jul 19, 2013",191.08,191.99,189.40,189.92,"2,262,100",187.77
"Jul 18, 2013",190.21,191.40,189.95,191.01,"1,484,600",188.85
"Jul 17, 2013",188.44,189.95,188.14,189.64,"2,779,500",187.49
"Jul 16, 2013",190.19,190.73,188.70,189.38,"1,878,800",187.24
"Jul 15, 2013",191.50,191.83,189.80,190.25,"3,632,300",188.10
"Jul 12, 2013",189.90,190.73,189.15,190.72,"1,945,700",188.56
"Jul 11, 2013",189.34,190.06,187.52,189.96,"3,558,800",187.81
"Jul 10, 2013",187.35,187.81,185.81,186.70,"3,880,800",184.59
"Jul 9, 2013",188.95,189.53,186.60,187.20,"5,832,600",185.08
"Jul 8, 2013",191.60,192.77,188.06,188.10,"4,897,000",185.97
"Jul 5, 2013",188.87,190.86,187.50,190.79,"2,123,900",188.63
"Jul 3, 2013",184.18,187.44,183.93,187.04,"1,133,300",184.92
"Jul 2, 2013",185.08,187.04,184.26,185.24,"2,187,300",183.14
"Jul 1, 2013",183.90,187.46,183.63,185.22,"2,904,000",183.12
"Jun 28, 2013",184.26,184.72,182.22,182.75,"3,164,100",180.68
"Jun 27, 2013",183.44,185.00,182.50,184.26,"2,775,600",182.18
"Jun 26, 2013",181.89,183.14,180.48,182.65,"2,598,200",180.58
"Jun 25, 2013",179.80,181.38,178.50,180.47,"3,180,400",178.43
"Jun 24, 2013",178.11,179.48,175.68,178.27,"3,881,900",176.25
"Jun 21, 2013",180.00,181.50,178.80,179.50,"4,480,800",177.47
"Jun 20, 2013",181.53,182.48,178.46,178.46,"3,883,500",176.44
"Jun 19, 2013",184.25,185.13,182.53,182.63,"3,055,200",180.56
"Jun 18, 2013",181.72,185.23,181.72,184.01,"1,894,800",181.93
"Jun 17, 2013",182.32,183.72,181.50,182.35,"3,694,800",180.29
"Jun 14, 2013",182.05,182.48,180.11,180.93,"1,856,800",178.88
"Jun 13, 2013",179.15,182.76,178.71,182.25,"2,440,100",180.19
"Jun 12, 2013",180.64,180.64,178.71,179.15,"2,498,700",177.12
"Jun 11, 2013",180.55,181.95,179.56,179.66,"1,964,100",177.63
"Jun 10, 2013",180.54,183.14,179.63,182.33,"3,444,800",180.27
"Jun 7, 2013",180.65,181.00,179.55,179.94,"3,474,800",177.90
"Jun 6, 2013",176.69,179.42,176.40,179.35,"3,666,200",177.32
"Jun 5, 2013",179.87,180.19,176.86,177.22,"3,044,200",175.21
"Jun 4, 2013",179.40,181.75,178.70,180.20,"3,382,100",178.16
"Jun 3, 2013",178.75,180.68,177.51,180.19,"3,808,100",178.15
"May 31, 2013",180.57,181.40,178.10,178.14,"3,128,600",176.12
"May 30, 2013",178.34,181.99,178.34,181.03,"2,407,000",178.98
"May 29, 2013",179.22,180.20,178.07,178.14,"1,872,600",176.12
"May 28, 2013",182.44,182.54,179.67,180.03,"2,484,300",177.99
"May 24, 2013",177.88,181.10,176.90,180.45,"3,076,600",178.41
"May 23, 2013",178.38,179.51,177.11,178.10,"4,226,500",176.08
"May 22, 2013",182.08,184.42,180.10,180.14,"4,890,800",178.10
"May 21, 2013",181.54,182.69,180.39,181.55,"3,355,700",179.50
"May 20, 2013",183.91,184.90,180.80,181.61,"5,298,000",179.56
"May 17, 2013",180.88,184.58,180.52,184.57,"3,312,200",182.48
"May 16, 2013",181.74,181.74,179.78,179.80,"2,478,400",177.77
"May 15, 2013",180.00,181.79,179.68,181.76,"3,406,100",179.70
"May 14, 2013",178.98,181.49,178.64,180.32,"4,018,700",177.95
"May 13, 2013",178.58,180.44,178.13,178.93,"3,120,000",176.58
"May 10, 2013",178.68,179.02,177.55,178.75,"3,459,400",176.40
"May 9, 2013",179.23,179.88,178.23,178.58,"2,875,300",176.24
"May 8, 2013",179.46,179.50,177.70,179.26,"3,612,300",176.91
"May 7, 2013",179.49,179.86,177.22,179.79,"2,969,100",177.43
"May 6, 2013",179.34,180.77,178.13,178.89,"3,271,000",176.54
"May 3, 2013",176.96,180.84,176.43,179.54,"3,756,600",177.18
"May 2, 2013",170.00,179.66,170.00,175.40,"7,669,300",173.10
"May 1, 2013",166.99,168.26,163.60,166.02,"3,063,100",163.84
"Apr 30, 2013",168.59,169.90,168.04,168.46,"3,040,400",166.25
"Apr 29, 2013",167.73,168.50,167.16,167.90,"2,673,600",165.70
"Apr 26, 2013",168.76,169.60,167.14,167.23,"1,531,800",165.04
"Apr 25, 2013",167.91,170.48,167.44,168.76,"2,330,700",166.55
"Apr 24, 2013",165.66,167.57,165.60,167.06,"1,861,800",164.87
"Apr 23, 2013",164.27,165.68,163.53,165.66,"1,581,000",163.49
"Apr 22, 2013",163.57,164.35,162.49,163.53,"1,350,900",161.38
"Apr 19, 2013",162.08,164.11,161.75,163.96,"1,905,100",161.81
"Apr 18, 2013",162.59,163.39,161.27,161.41,"5,252,700",159.29
"Apr 17, 2013",163.74,164.03,161.94,162.23,"2,385,900",160.10
"Apr 16, 2013",162.65,164.80,162.50,164.71,"2,523,000",162.55
"Apr 15, 2013",164.62,164.88,161.29,161.29,"2,693,500",159.17
"Apr 12, 2013",165.91,166.83,165.10,165.75,"1,769,200",163.57
"Apr 11, 2013",167.00,167.90,166.22,167.62,"1,647,500",165.42
"Apr 10, 2013",164.97,167.30,164.97,166.99,"2,249,100",164.80
"Apr 9, 2013",166.83,166.88,164.01,164.75,"1,501,100",162.59
"Apr 8, 2013",165.64,166.37,164.48,166.29,"1,531,400",164.11
"Apr 5, 2013",164.21,165.42,163.59,165.16,"1,990,600",162.99
"Apr 4, 2013",165.42,166.53,165.01,166.48,"2,225,900",164.30
"Apr 3, 2013",168.42,168.53,164.28,164.75,"4,156,200",162.59
"Apr 2, 2013",168.42,168.90,167.31,167.95,"2,395,500",165.75
"Apr 1, 2013",169.75,170.99,166.90,167.35,"3,308,800",165.15
"Mar 28, 2013",168.75,170.96,168.13,169.84,"3,114,100",167.61
"Mar 27, 2013",166.61,169.23,165.51,168.66,"3,342,800",166.45
"Mar 26, 2013",164.90,167.78,164.54,167.46,"4,316,200",165.26
"Mar 25, 2013",160.75,164.28,160.50,164.00,"4,834,200",161.85
"Mar 22, 2013",158.21,160.16,157.72,160.09,"4,697,600",157.99
"Mar 21, 2013",158.45,159.73,157.80,157.80,"3,720,800",155.73
"Mar 20, 2013",157.00,159.97,156.72,159.33,"4,017,600",157.24
"Mar 19, 2013",158.00,159.35,155.68,156.00,"4,413,100",153.95
"Mar 18, 2013",157.28,159.18,156.40,158.07,"3,790,700",156.00
"Mar 15, 2013",160.03,160.64,158.53,158.55,"4,399,900",156.47
"Mar 14, 2013",159.40,161.07,159.30,160.66,"3,713,400",158.55
"Mar 13, 2013",159.50,160.40,158.85,159.37,"2,755,400",157.28
"Mar 12, 2013",160.68,160.97,159.03,159.80,"2,085,200",157.70
"Mar 11, 2013",161.37,161.60,160.41,161.18,"1,685,500",159.06
"Mar 8, 2013",161.34,161.40,159.89,160.67,"2,392,900",158.56
"Mar 7, 2013",160.87,161.78,159.65,160.51,"2,171,800",158.40
"Mar 6, 2013",160.86,161.70,160.20,161.06,"1,879,000",158.95
"Mar 5, 2013",160.09,161.78,159.86,160.29,"2,566,900",158.19
"Mar 4, 2013",157.76,159.54,157.55,159.50,"1,642,500",157.41
"Mar 1, 2013",157.93,158.86,156.65,158.08,"3,303,000",156.01
"Feb 28, 2013",160.34,160.34,158.31,158.64,"2,807,000",156.56
"Feb 27, 2013",157.45,160.10,157.30,159.87,"2,079,500",157.77
"Feb 26, 2013",156.01,158.59,156.01,157.83,"2,838,500",155.76
"Feb 25, 2013",159.20,160.35,155.89,155.89,"2,795,800",153.84
"Feb 22, 2013",158.30,159.58,156.69,159.43,"2,934,500",157.34
"Feb 21, 2013",155.12,158.29,154.79,157.44,"3,555,200",155.37
"Feb 20, 2013",157.12,157.61,155.19,155.42,"3,922,200",153.38
"Feb 19, 2013",158.01,158.79,156.66,157.61,"3,302,500",155.54
"Feb 15, 2013",156.35,158.08,155.74,157.99,"4,471,100",155.92
"Feb 14, 2013",154.60,156.65,154.30,155.98,"3,190,000",153.93
"Feb 13, 2013",156.45,157.39,154.14,154.77,"3,479,400",152.74
"Feb 12, 2013",156.84,157.70,156.42,156.80,"2,451,400",154.42
"Feb 11, 2013",157.58,158.17,155.94,156.33,"2,758,100",153.95
"Feb 8, 2013",157.40,158.94,157.10,157.80,"3,228,500",155.40
"Feb 7, 2013",158.98,159.79,156.96,157.06,"5,045,700",154.67
"Feb 6, 2013",159.22,160.88,158.62,160.82,"3,764,200",158.38
"Feb 5, 2013",157.62,159.60,156.80,159.53,"2,776,300",157.11
"Feb 4, 2013",157.77,158.40,156.56,156.65,"2,633,000",154.27
"Feb 1, 2013",159.00,159.48,157.35,158.56,"3,184,600",156.15
"Jan 31, 2013",159.00,159.50,156.35,157.91,"4,171,400",155.51
"Jan 30, 2013",156.99,159.09,154.75,155.01,"4,677,000",152.65
"Jan 29, 2013",155.74,157.09,155.12,156.66,"2,916,000",154.28
"Jan 28, 2013",160.28,160.58,156.30,156.35,"3,383,000",153.97
"Jan 25, 2013",159.92,160.14,159.03,159.84,"1,675,400",157.41
"Jan 24, 2013",159.30,160.17,158.90,159.56,"1,698,500",157.13
"Jan 23, 2013",158.29,159.96,158.08,159.05,"1,777,200",156.63
"Jan 22, 2013",158.68,159.68,157.78,159.05,"1,729,500",156.63
"Jan 18, 2013",158.52,158.53,156.50,158.27,"3,453,100",155.86
"Jan 17, 2013",161.00,161.09,159.61,159.88,"1,958,400",157.45
"Jan 16, 2013",160.11,160.78,159.31,160.20,"1,366,100",157.76
"Jan 15, 2013",159.82,160.65,159.09,160.45,"1,674,000",158.01
"Jan 14, 2013",161.28,161.81,159.55,160.65,"2,219,400",158.21
"Jan 11, 2013",159.78,161.25,159.50,161.16,"2,394,500",158.71
"Jan 10, 2013",162.03,162.77,159.27,160.51,"4,078,400",158.07
"Jan 9, 2013",161.40,162.55,159.71,161.79,"4,388,200",159.33
"Jan 8, 2013",157.65,159.36,157.01,159.36,"2,950,100",156.94
"Jan 7, 2013",156.94,158.77,156.80,157.89,"2,560,600",155.49
"Jan 4, 2013",155.60,157.19,154.78,156.77,"2,594,000",154.39
"Jan 3, 2013",157.11,158.08,154.82,155.50,"3,734,300",153.14
"Jan 2, 2013",154.16,155.94,153.93,155.38,"3,956,600",153.02
"Dec 31, 2012",148.35,151.61,148.35,151.58,"3,217,000",149.28
"Dec 28, 2012",148.46,149.93,148.25,148.65,"1,743,400",146.39
"Dec 27, 2012",149.69,150.65,147.90,149.40,"2,994,200",147.13
"Dec 26, 2012",151.28,151.29,149.20,149.76,"1,903,600",147.48
"Dec 24, 2012",150.23,151.62,150.23,151.18,"818,000",148.88
"Dec 21, 2012",150.97,151.98,149.96,150.77,"3,482,600",148.48
"Dec 20, 2012",149.88,152.51,149.32,152.46,"2,715,800",150.14
"Dec 19, 2012",150.80,150.84,149.15,149.16,"2,160,100",146.89
"Dec 18, 2012",149.01,151.55,148.70,150.72,"2,967,400",148.43
"Dec 17, 2012",146.97,149.13,146.90,149.13,"3,475,800",146.86
"Dec 14, 2012",146.88,147.69,146.25,146.82,"2,394,800",144.59
"Dec 13, 2012",148.11,149.10,146.89,147.20,"3,260,700",144.96
"Dec 12, 2012",149.69,149.80,147.83,147.88,"4,579,900",145.63
"Dec 11, 2012",148.40,150.33,148.40,148.90,"3,623,200",146.64
"Dec 10, 2012",148.75,149.27,148.27,148.66,"2,322,200",146.40
"Dec 7, 2012",149.12,149.28,147.79,148.55,"1,889,300",146.29
"Dec 6, 2012",148.45,148.90,147.06,148.47,"2,281,000",146.21
"Dec 5, 2012",148.51,148.51,146.10,148.06,"2,992,800",145.81
"Dec 4, 2012",148.98,149.25,147.20,147.59,"2,275,200",145.35
"Dec 3, 2012",150.00,150.72,148.44,148.64,"2,934,200",146.38
"Nov 30, 2012",148.32,149.93,148.01,149.71,"3,512,000",147.43
"Nov 29, 2012",147.93,148.33,147.24,148.18,"3,143,200",145.93
"Nov 28, 2012",146.03,147.35,145.89,147.29,"2,589,600",145.05
"Nov 27, 2012",147.12,147.84,146.33,146.78,"2,495,400",144.55
"Nov 26, 2012",147.61,147.61,146.42,147.25,"2,155,900",145.01
"Nov 23, 2012",147.30,148.12,146.40,148.12,"1,113,600",145.87
"Nov 21, 2012",146.22,146.90,145.74,146.66,"1,641,300",144.43
"Nov 20, 2012",145.54,147.38,145.16,146.34,"2,391,600",144.12
"Nov 19, 2012",144.00,145.66,143.66,145.65,"3,780,100",143.44
"Nov 16, 2012",140.02,143.55,140.02,142.71,"4,158,100",140.54
"Nov 15, 2012",140.00,140.48,138.53,140.00,"3,429,400",137.87
"Nov 14, 2012",142.60,143.23,139.65,139.95,"3,402,000",137.82
"Nov 13, 2012",142.60,144.79,142.45,142.45,"2,537,300",139.96
"Nov 12, 2012",142.02,143.78,142.02,143.24,"2,235,900",140.74
"Nov 9, 2012",140.92,143.81,140.28,142.93,"2,949,900",140.43
"Nov 8, 2012",142.15,143.25,141.88,142.06,"2,533,300",139.58
"Nov 7, 2012",142.54,143.59,141.53,142.56,"2,607,900",140.07
"Nov 6, 2012",142.48,144.84,141.90,143.86,"2,272,300",141.35
"Nov 5, 2012",142.75,143.89,141.22,141.50,"3,466,000",139.03
"Nov 2, 2012",144.06,146.41,143.40,143.40,"4,624,500",140.89
"Nov 1, 2012",140.82,144.36,140.30,143.88,"5,327,500",141.36
"Oct 31, 2012",137.60,139.97,137.40,138.76,"3,567,800",136.33
"Oct 26, 2012",137.83,138.89,136.87,138.31,"3,037,200",135.89
"Oct 25, 2012",137.83,138.70,136.52,137.55,"3,968,900",135.15
"Oct 24, 2012",137.50,138.37,136.44,136.49,"2,869,500",134.10
"Oct 23, 2012",137.95,137.98,135.93,136.64,"2,980,800",134.25
"Oct 22, 2012",139.81,140.05,138.03,139.00,"2,445,700",136.57
"Oct 19, 2012",142.31,142.36,139.76,139.97,"2,533,600",137.52
"Oct 18, 2012",142.36,143.10,141.13,141.88,"2,810,400",139.40
"Oct 17, 2012",141.16,142.77,140.80,142.56,"2,531,500",140.07
"Oct 16, 2012",140.20,141.77,140.02,141.16,"2,081,100",138.69
"Oct 15, 2012",139.36,140.24,138.60,139.89,"2,423,600",137.44
"Oct 12, 2012",139.37,139.99,138.43,139.12,"2,029,000",136.69
"Oct 11, 2012",138.20,139.83,138.19,139.05,"3,514,400",136.62
"Oct 10, 2012",136.63,137.98,136.32,137.42,"2,012,600",135.02
"Oct 9, 2012",139.17,139.38,136.72,136.74,"2,494,500",134.35
"Oct 8, 2012",139.00,139.50,138.56,138.71,"1,700,900",136.29
"Oct 5, 2012",140.74,141.59,139.50,140.26,"2,820,200",137.81
"Oct 4, 2012",138.80,139.82,138.20,139.67,"2,118,900",137.23
"Oct 3, 2012",136.65,138.60,135.99,138.52,"2,929,400",136.10
"Oct 2, 2012",136.59,137.10,135.48,136.00,"2,510,400",133.62
"Oct 1, 2012",134.87,137.90,134.87,136.73,"3,675,200",134.34
"Sep 28, 2012",133.98,134.62,133.24,134.28,"2,357,900",131.93
"Sep 27, 2012",132.71,134.24,132.52,133.91,"2,108,200",131.57
"Sep 26, 2012",134.14,134.56,132.38,132.52,"2,659,300",130.20
"Sep 25, 2012",133.84,135.40,133.62,134.56,"3,849,600",132.21
"Sep 24, 2012",134.11,134.97,133.51,133.74,"2,632,500",131.40
"Sep 21, 2012",135.30,135.95,134.90,135.00,"7,306,400",132.64
"Sep 20, 2012",134.29,134.84,133.47,134.61,"3,194,900",132.26
"Sep 19, 2012",133.87,135.52,133.73,134.79,"2,994,200",132.43
"Sep 18, 2012",133.09,133.85,132.53,133.66,"3,298,100",131.32
"Sep 17, 2012",134.46,134.85,133.62,133.87,"2,662,300",131.53
"Sep 14, 2012",135.25,135.30,133.75,134.25,"3,322,400",131.90
"Sep 13, 2012",132.95,136.65,132.58,134.98,"3,936,300",132.62
"Sep 12, 2012",131.65,133.48,131.58,133.46,"3,664,000",131.13
"Sep 11, 2012",128.88,132.44,128.81,131.49,"3,972,600",129.19
"Sep 10, 2012",128.42,129.88,128.42,128.68,"2,908,400",126.43
"Sep 7, 2012",129.51,129.96,128.67,129.71,"2,697,300",127.44
"Sep 6, 2012",128.18,129.50,127.80,129.50,"3,924,600",127.24
"Sep 5, 2012",128.86,129.00,126.95,127.61,"3,174,700",125.38
"Sep 4, 2012",128.36,129.15,127.62,128.52,"2,550,200",126.27
"Aug 31, 2012",127.51,128.37,126.26,128.25,"3,446,000",126.01
"Aug 30, 2012",127.10,127.10,126.18,126.70,"2,143,400",124.48
"Aug 29, 2012",127.55,128.05,126.72,128.02,"2,145,900",125.78
"Aug 28, 2012",127.86,128.24,127.22,127.40,"1,965,700",125.17
"Aug 27, 2012",127.29,128.14,127.04,127.66,"2,205,100",125.43
"Aug 24, 2012",126.59,127.02,125.81,126.66,"2,662,700",124.45
"Aug 23, 2012",127.93,128.50,126.75,127.15,"1,750,000",124.93
"Aug 22, 2012",126.87,128.50,126.52,128.10,"2,216,500",125.86
"Aug 21, 2012",128.71,129.25,127.00,127.52,"1,901,300",125.29
"Aug 20, 2012",128.61,128.72,128.00,128.16,"2,168,600",125.92
"Aug 17, 2012",129.99,130.04,128.29,128.69,"2,395,600",126.44
"Aug 16, 2012",128.70,129.95,128.70,129.68,"2,280,300",127.41
"Aug 15, 2012",129.18,130.30,128.59,129.06,"1,933,900",126.80
"Aug 14, 2012",129.12,130.18,128.54,129.89,"2,183,100",127.40
"Aug 13, 2012",128.64,129.00,127.40,128.32,"1,613,500",125.86
"Aug 10, 2012",128.19,129.29,128.00,129.09,"1,496,200",126.62
"Aug 9, 2012",130.88,130.97,127.75,128.51,"3,550,900",126.05
"Aug 8, 2012",130.78,131.52,130.40,131.15,"1,990,700",128.64
"Aug 7, 2012",130.83,131.43,129.34,130.40,"3,294,800",127.90
"Aug 6, 2012",131.00,132.58,130.62,131.03,"2,306,900",128.52
"Aug 3, 2012",130.36,131.54,128.86,130.98,"3,233,600",128.47
"Aug 2, 2012",126.80,129.29,126.19,129.27,"2,778,100",126.79
"Aug 1, 2012",128.50,129.41,127.00,127.46,"2,903,000",125.02
"Jul 31, 2012",130.43,130.68,128.50,129.07,"2,240,400",126.60
"Jul 30, 2012",128.85,132.35,128.71,130.84,"3,163,200",128.33
"Jul 27, 2012",126.93,129.50,125.70,129.14,"3,484,400",126.67
"Jul 26, 2012",124.97,128.19,124.20,126.77,"5,259,000",124.34
"Jul 25, 2012",123.38,124.09,121.54,122.20,"3,826,300",119.86
"Jul 24, 2012",124.50,124.76,121.28,122.65,"3,376,000",120.30
"Jul 23, 2012",124.05,125.06,123.25,124.47,"2,847,800",122.09
"Jul 20, 2012",124.61,126.18,123.65,125.75,"2,954,200",123.34
"Jul 19, 2012",128.30,128.63,125.33,125.39,"3,458,100",122.99
"Jul 18, 2012",127.50,128.80,127.40,127.82,"2,975,900",125.37
"Jul 17, 2012",128.13,128.24,126.04,128.23,"2,691,700",125.77
"Jul 16, 2012",128.20,131.00,125.87,127.15,"7,651,900",124.72
"Jul 13, 2012",122.50,124.64,122.15,124.09,"3,028,200",121.71
"Jul 12, 2012",119.11,123.43,119.10,122.64,"3,766,900",120.29
"Jul 11, 2012",121.91,122.25,119.58,120.74,"2,911,000",118.43
"Jul 10, 2012",124.33,124.75,121.81,122.28,"4,551,000",119.94
"Jul 9, 2012",123.15,124.05,121.04,123.65,"4,421,000",121.28
"Jul 6, 2012",126.08,126.73,124.78,125.28,"2,407,800",122.88
"Jul 5, 2012",125.74,127.47,125.67,127.01,"2,824,500",124.58
"Jul 3, 2012",126.49,127.00,125.66,126.34,"1,591,100",123.92
"Jul 2, 2012",124.26,126.80,124.00,126.62,"4,260,600",124.20
"Jun 29, 2012",123.26,124.04,121.53,123.63,"3,982,800",121.26
"Jun 28, 2012",123.00,123.41,119.57,121.52,"2,878,700",119.19
"Jun 27, 2012",123.36,124.12,122.53,123.44,"3,442,100",121.08
"Jun 26, 2012",121.76,123.92,121.67,123.16,"3,282,200",120.80
"Jun 25, 2012",122.86,123.29,121.15,121.27,"4,041,000",118.95
"Jun 22, 2012",120.25,124.95,119.33,124.95,"9,304,000",122.56
"Jun 21, 2012",122.58,122.87,119.31,119.48,"3,265,300",117.19
"Jun 20, 2012",121.10,122.59,121.03,122.59,"3,175,700",120.24
"Jun 19, 2012",120.86,121.60,120.50,121.35,"2,567,600",119.03
"Jun 18, 2012",118.01,120.48,117.46,120.10,"2,732,900",117.80
"Jun 15, 2012",117.37,118.50,116.93,118.40,"3,137,900",116.13
"Jun 14, 2012",115.26,117.01,114.26,116.49,"3,288,200",114.26
"Jun 13, 2012",115.80,116.97,114.65,114.90,"3,722,800",112.70
"Jun 12, 2012",116.41,117.16,115.72,117.16,"2,599,700",114.92
"Jun 11, 2012",117.27,117.93,116.22,116.35,"2,735,700",114.12
"Jun 8, 2012",116.39,116.60,115.45,116.58,"2,594,200",114.35
"Jun 7, 2012",117.83,118.00,116.55,116.81,"2,289,500",114.57
"Jun 6, 2012",114.97,116.50,114.83,116.34,"3,096,000",114.11
"Jun 5, 2012",113.76,114.53,113.14,113.81,"2,843,700",111.63
"Jun 4, 2012",112.03,114.44,112.02,114.16,"4,161,600",111.97
"Jun 1, 2012",113.64,114.89,111.94,112.25,"4,662,600",110.10
"May 31, 2012",117.75,118.36,114.72,115.20,"5,251,000",112.99
"May 30, 2012",118.71,119.74,117.46,117.49,"4,586,600",115.24
"May 29, 2012",120.15,120.95,119.00,120.28,"4,501,600",117.98
"May 25, 2012",119.39,120.40,118.95,119.37,"2,945,000",117.08
"May 24, 2012",119.72,121.00,118.77,119.77,"3,187,400",117.48
"May 23, 2012",117.62,119.46,117.39,119.17,"4,139,500",116.89
"May 22, 2012",116.41,119.25,116.41,118.39,"4,648,600",116.12
"May 21, 2012",113.27,116.32,112.66,116.22,"3,318,000",113.99
"May 18, 2012",114.85,115.25,112.50,112.64,"6,483,700",110.48
"May 17, 2012",117.00,118.26,115.01,115.01,"4,453,700",112.81
"May 16, 2012",116.80,118.20,116.30,117.53,"4,334,900",115.28
"May 15, 2012",116.45,117.90,116.45,116.61,"3,147,300",114.16
"May 14, 2012",116.83,118.36,115.83,116.72,"4,061,600",114.27
"May 11, 2012",117.36,118.97,117.26,117.92,"2,034,900",115.44
"May 10, 2012",118.30,119.49,117.64,118.17,"3,367,000",115.69
"May 9, 2012",117.31,118.98,116.57,117.42,"4,418,200",114.95
"May 8, 2012",118.10,119.08,116.15,118.14,"3,649,200",115.66
"May 7, 2012",116.96,119.09,116.96,118.51,"3,369,200",116.02
"May 4, 2012",116.22,118.89,115.31,117.79,"5,850,900",115.32
"May 3, 2012",122.01,122.51,115.38,116.41,"11,959,500",113.97
"May 2, 2012",121.61,123.19,120.67,122.19,"6,341,700",119.62
"May 1, 2012",123.47,125.35,123.04,123.09,"4,294,500",120.51
"Apr 30, 2012",124.11,124.15,122.31,122.98,"2,343,800",120.40
"Apr 27, 2012",123.74,124.21,122.86,123.52,"2,446,800",120.93
"Apr 26, 2012",121.89,123.50,121.51,123.19,"2,776,900",120.60
"Apr 25, 2012",119.74,122.40,119.56,121.79,"3,037,700",119.23
"Apr 24, 2012",118.35,119.24,117.49,118.93,"2,357,700",116.43
"Apr 23, 2012",120.25,120.81,116.48,118.10,"4,336,800",115.62
"Apr 20, 2012",121.82,122.15,120.58,121.01,"1,960,300",118.47
"Apr 19, 2012",121.27,122.26,120.51,121.19,"2,130,600",118.65
"Apr 18, 2012",121.61,122.48,121.32,121.78,"2,120,000",119.22
"Apr 17, 2012",121.63,122.50,121.25,122.08,"2,582,200",119.52
"Apr 16, 2012",123.04,123.05,120.04,120.83,"4,577,100",118.29
"Apr 13, 2012",120.40,123.68,120.31,123.16,"5,374,300",120.57
"Apr 12, 2012",117.47,121.16,117.19,121.02,"4,291,000",118.48
"Apr 11, 2012",118.02,118.95,116.97,117.38,"3,542,800",114.92
"Apr 10, 2012",119.48,119.77,116.59,116.74,"2,669,800",114.29
"Apr 9, 2012",119.66,120.35,118.71,119.50,"3,323,900",116.99
"Apr 5, 2012",118.32,121.15,118.07,121.01,"3,348,900",118.47
"Apr 4, 2012",119.49,119.68,118.20,118.98,"2,577,200",116.48
"Apr 3, 2012",118.84,120.59,118.37,120.36,"3,922,900",117.83
"Apr 2, 2012",118.00,119.90,117.10,118.98,"2,944,400",116.48
"Mar 30, 2012",119.09,119.20,117.60,118.00,"3,000,500",115.52
"Mar 29, 2012",118.54,119.18,117.55,119.00,"2,172,800",116.50
"Mar 28, 2012",119.68,120.30,118.51,119.35,"2,248,000",116.84
"Mar 27, 2012",119.98,120.28,119.55,119.81,"2,665,500",117.29
"Mar 26, 2012",119.36,120.70,117.25,120.06,"4,090,900",117.54
"Mar 23, 2012",117.51,119.00,116.90,118.78,"2,537,800",116.29
"Mar 22, 2012",116.15,117.50,116.00,117.28,"2,342,000",114.82
"Mar 21, 2012",117.09,117.65,116.58,116.75,"2,106,800",114.30
"Mar 20, 2012",118.15,118.60,116.00,116.52,"2,647,000",114.07
"Mar 19, 2012",116.44,119.72,116.15,118.84,"3,979,600",116.34
"Mar 16, 2012",117.43,117.50,116.27,116.68,"4,001,600",114.23
"Mar 15, 2012",116.62,117.47,116.30,117.00,"3,323,300",114.54
"Mar 14, 2012",117.31,117.89,116.47,116.75,"3,749,000",114.30
"Mar 13, 2012",116.91,117.41,115.68,117.27,"3,196,400",114.81
"Mar 12, 2012",117.02,117.55,116.07,116.53,"1,927,300",114.08
"Mar 9, 2012",118.07,118.39,117.01,117.17,"2,114,400",114.71
"Mar 8, 2012",116.68,118.18,116.04,117.97,"2,380,100",115.49
"Mar 7, 2012",115.72,116.10,114.96,115.64,"2,673,500",113.21
"Mar 6, 2012",115.22,115.50,113.54,114.84,"3,325,500",112.43
"Mar 5, 2012",116.16,116.83,115.90,116.24,"2,538,400",113.80
"Mar 2, 2012",116.51,116.97,115.60,116.16,"3,053,400",113.72
"Mar 1, 2012",117.45,117.99,116.55,117.18,"2,793,500",114.72
"Feb 29, 2012",119.02,119.36,116.01,116.37,"3,804,400",113.93
"Feb 28, 2012",117.16,118.97,117.05,118.95,"2,984,300",116.45
"Feb 27, 2012",117.07,117.30,116.30,116.86,"3,953,200",114.41
"Feb 24, 2012",116.49,117.77,115.90,117.54,"2,773,500",115.07
"Feb 23, 2012",116.36,116.80,115.66,116.48,"2,722,700",114.03
"Feb 22, 2012",113.79,116.75,113.30,116.36,"3,595,300",113.92
"Feb 21, 2012",115.26,116.00,113.85,114.20,"2,704,900",111.80
"Feb 17, 2012",114.41,115.25,113.80,115.01,"3,878,200",112.60
"Feb 16, 2012",115.46,115.73,113.60,113.80,"3,992,900",111.41
"Feb 15, 2012",116.22,117.15,114.64,115.10,"5,425,300",112.68
"Feb 14, 2012",112.11,115.25,112.09,115.24,"4,490,200",112.60
"Feb 13, 2012",114.25,115.17,112.36,112.71,"5,519,600",110.13
"Feb 10, 2012",111.79,114.00,111.40,113.90,"5,472,200",111.30
"Feb 9, 2012",113.06,114.90,112.05,112.42,"9,900,300",109.85
"Feb 8, 2012",107.77,108.64,107.02,108.35,"5,685,500",105.87
"Feb 7, 2012",107.46,107.55,106.06,106.98,"3,261,400",104.53
"Feb 6, 2012",106.94,108.27,106.80,107.36,"3,337,400",104.91
"Feb 3, 2012",106.79,107.82,106.59,107.03,"4,133,300",104.58
"Feb 2, 2012",103.78,107.12,103.59,106.06,"8,435,100",103.63
"Feb 1, 2012",101.18,102.70,100.60,102.51,"3,844,200",100.17
"Jan 31, 2012",100.49,100.78,99.83,100.64,"3,310,100",98.34
"Jan 30, 2012",100.14,100.52,99.50,99.88,"3,119,000",97.60
"Jan 27, 2012",100.41,101.53,99.90,101.05,"2,840,700",98.74
"Jan 26, 2012",100.72,102.15,99.98,100.86,"3,484,800",98.55
"Jan 25, 2012",100.61,100.97,99.80,100.56,"3,772,100",98.26
"Jan 24, 2012",99.05,101.27,98.99,101.01,"3,035,200",98.70
"Jan 23, 2012",100.75,100.89,98.80,99.60,"4,041,600",97.32
"Jan 20, 2012",102.39,102.52,99.80,100.58,"5,008,200",98.28
"Jan 19, 2012",104.16,104.20,102.25,102.37,"3,641,900",100.03
"Jan 18, 2012",102.16,103.88,102.11,103.78,"2,938,100",101.41
"Jan 17, 2012",101.30,102.94,101.19,102.53,"4,254,700",100.19
"Jan 13, 2012",100.72,101.79,100.28,100.74,"4,155,800",98.44
"Jan 12, 2012",99.38,101.68,99.38,101.34,"4,177,200",99.02
"Jan 11, 2012",98.98,99.50,98.33,99.11,"4,754,000",96.84
"Jan 10, 2012",100.87,100.95,99.45,99.80,"4,677,900",97.52
"Jan 9, 2012",101.01,101.18,98.78,99.90,"4,500,600",97.62
"Jan 6, 2012",101.96,102.22,100.22,100.71,"3,272,300",98.41
"Jan 5, 2012",100.71,102.21,99.66,101.91,"3,024,100",99.58
"Jan 4, 2012",101.69,102.46,100.00,101.15,"4,130,500",98.84
"Jan 3, 2012",103.40,103.40,101.85,102.99,"4,207,300",100.64
"Dec 30, 2011",103.17,103.20,101.49,101.53,"2,146,700",99.21
"Dec 29, 2011",101.00,103.25,100.82,103.15,"2,159,400",100.79
"Dec 28, 2011",101.69,102.00,100.60,100.72,"2,492,400",98.42
"Dec 27, 2011",102.49,103.45,101.91,101.91,"2,179,800",99.58
"Dec 23, 2011",100.93,102.50,100.51,102.48,"1,950,800",100.14
"Dec 22, 2011",100.61,101.97,100.10,100.54,"3,359,800",98.24
"Dec 21, 2011",101.11,101.26,99.50,100.72,"3,811,000",98.42
"Dec 20, 2011",99.53,101.50,99.36,101.35,"6,863,600",99.03
"Dec 19, 2011",97.51,99.37,97.51,98.58,"5,885,300",96.33
"Dec 16, 2011",96.67,97.75,96.41,97.44,"4,389,200",95.21
"Dec 15, 2011",97.32,97.32,95.57,95.82,"5,255,000",93.63
"Dec 14, 2011",95.71,96.74,95.05,96.36,"4,787,700",94.16
"Dec 13, 2011",97.44,97.54,95.53,95.91,"3,391,000",93.72
"Dec 12, 2011",96.64,97.40,95.83,96.92,"3,411,100",94.70
"Dec 9, 2011",96.63,97.46,95.51,97.19,"2,993,500",94.97
"Dec 8, 2011",96.94,97.87,95.59,95.80,"3,559,500",93.61
"Dec 7, 2011",95.27,97.45,95.05,97.07,"4,013,800",94.85
"Dec 6, 2011",96.04,96.28,95.08,95.37,"3,533,800",93.19
"Dec 5, 2011",98.28,98.29,95.20,96.06,"4,182,900",93.86
"Dec 2, 2011",98.39,98.60,96.80,97.20,"3,232,000",94.98
"Dec 1, 2011",95.92,98.26,95.75,97.76,"4,760,600",95.52
"Nov 30, 2011",94.85,97.03,94.64,96.97,"5,376,000",94.75
"Nov 29, 2011",93.47,93.50,92.54,92.90,"3,628,400",90.78
"Nov 28, 2011",91.67,93.75,91.13,93.47,"3,698,100",91.33
"Nov 25, 2011",89.04,90.39,88.78,89.02,"1,733,400",86.98
"Nov 23, 2011",90.36,91.76,89.20,89.29,"5,266,100",87.25
"Nov 22, 2011",90.95,92.19,90.63,90.84,"3,367,400",88.76
"Nov 21, 2011",89.66,91.87,89.10,91.21,"3,961,100",89.12
"Nov 18, 2011",91.52,91.65,90.43,90.81,"3,226,500",88.73
"Nov 17, 2011",93.69,94.01,90.86,91.40,"4,306,800",89.31
"Nov 16, 2011",94.55,95.00,93.17,93.40,"3,249,900",91.26
"Nov 15, 2011",94.02,95.82,93.85,95.63,"3,538,300",93.23
"Nov 14, 2011",94.61,95.72,93.57,93.82,"2,608,000",91.46
"Nov 11, 2011",93.79,95.65,93.71,95.16,"3,412,100",92.77
"Nov 10, 2011",94.35,94.35,92.59,93.04,"2,812,200",90.70
"Nov 9, 2011",92.29,94.10,92.29,93.13,"4,898,700",90.79
"Nov 8, 2011",93.43,94.66,93.40,94.54,"4,900,500",92.17
"Nov 7, 2011",92.80,93.33,91.52,92.96,"2,411,800",90.63
"Nov 4, 2011",92.33,93.63,91.65,92.64,"3,402,100",90.31
"Nov 3, 2011",92.06,93.80,90.28,93.18,"4,602,700",90.84
"Nov 2, 2011",93.04,93.99,91.12,91.50,"6,141,300",89.20
"Nov 1, 2011",91.16,92.46,90.00,90.03,"7,632,100",87.77
"Oct 31, 2011",94.28,95.87,93.24,93.26,"4,456,500",90.92
"Oct 28, 2011",93.25,95.75,93.25,95.10,"5,824,900",92.71
"Oct 27, 2011",91.00,94.49,90.60,94.40,"10,392,000",92.03
"Oct 26, 2011",92.14,92.73,89.60,92.02,"6,686,600",89.71
"Oct 25, 2011",93.50,93.63,90.55,90.68,"4,206,000",88.40
"Oct 24, 2011",93.29,94.41,93.19,94.21,"3,034,600",91.84
"Oct 21, 2011",92.49,93.43,91.90,93.43,"3,532,200",91.08
"Oct 20, 2011",90.80,91.97,90.27,91.35,"4,411,600",89.06
"Oct 19, 2011",94.21,94.48,89.88,90.08,"5,415,600",87.82
"Oct 18, 2011",91.11,94.50,90.59,93.91,"3,600,000",91.55
"Oct 17, 2011",93.13,93.92,91.03,91.19,"3,460,700",88.90
"Oct 14, 2011",93.42,94.65,93.17,93.92,"3,950,100",91.56
"Oct 13, 2011",90.50,92.93,90.46,92.60,"3,298,400",90.27
"Oct 12, 2011",90.98,92.33,90.71,91.17,"4,766,300",88.88
"Oct 11, 2011",88.71,90.86,88.45,90.51,"4,406,700",88.24
"Oct 10, 2011",87.79,89.29,87.40,89.25,"3,330,600",87.01
"Oct 7, 2011",87.43,88.00,85.77,86.25,"4,388,300",84.08
"Oct 6, 2011",84.88,87.28,84.42,87.13,"4,871,500",84.94
"Oct 5, 2011",84.60,85.45,83.22,84.99,"6,278,500",82.86
"Oct 4, 2011",83.04,85.09,81.71,84.78,"7,900,000",82.65
"Oct 3, 2011",84.97,86.64,84.22,84.26,"6,555,900",82.14
"Sep 30, 2011",86.22,87.62,85.25,85.72,"4,488,100",83.57
"Sep 29, 2011",88.97,88.97,86.00,87.69,"3,888,000",85.49
"Sep 28, 2011",89.80,89.85,87.46,87.63,"4,272,600",85.43
"Sep 27, 2011",91.13,91.70,89.12,89.48,"5,016,700",87.23
"Sep 26, 2011",90.99,91.52,88.17,90.28,"4,773,900",88.01
"Sep 23, 2011",87.96,90.93,87.96,90.08,"5,381,500",87.82
"Sep 22, 2011",88.74,90.00,86.19,88.30,"8,922,300",86.08
"Sep 21, 2011",92.64,94.13,91.40,91.42,"7,017,600",89.12
"Sep 20, 2011",90.40,94.75,90.26,92.84,"9,016,000",90.51
"Sep 19, 2011",89.47,90.67,88.67,90.03,"5,522,000",87.77
"Sep 16, 2011",90.62,91.52,89.63,90.85,"12,568,800",88.57
"Sep 15, 2011",90.01,90.60,88.35,90.50,"5,369,600",88.23
"Sep 14, 2011",88.23,90.20,87.56,89.58,"6,536,800",87.33
"Sep 13, 2011",87.66,87.91,86.66,87.77,"4,367,400",85.57
"Sep 12, 2011",85.72,87.48,85.49,87.45,"4,902,100",85.25
"Sep 9, 2011",86.88,88.41,85.96,86.35,"6,623,100",84.18
"Sep 8, 2011",87.76,89.10,87.44,87.46,"4,596,600",85.26
"Sep 7, 2011",86.82,88.53,86.70,88.48,"4,138,200",86.26
"Sep 6, 2011",83.25,86.25,83.25,85.86,"3,952,300",83.70
"Sep 2, 2011",85.72,87.12,85.10,85.55,"3,951,800",83.40
"Sep 1, 2011",87.72,88.96,87.03,87.73,"5,200,200",85.53
"Aug 31, 2011",88.50,88.85,86.75,87.88,"6,023,200",85.67
"Aug 30, 2011",86.62,88.33,86.30,87.93,"4,155,700",85.72
"Aug 29, 2011",86.98,87.93,86.07,86.58,"4,642,200",84.41
"Aug 26, 2011",83.51,85.95,82.67,85.85,"5,374,700",83.69
"Aug 25, 2011",86.47,86.93,83.94,84.11,"6,068,300",82.00
"Aug 24, 2011",83.60,86.58,83.11,86.38,"7,287,700",84.21
"Aug 23, 2011",80.22,83.79,79.78,83.77,"5,019,000",81.67
"Aug 22, 2011",81.23,81.50,79.25,79.79,"4,835,300",77.79
"Aug 19, 2011",79.33,81.68,79.33,79.60,"7,792,500",77.60
"Aug 18, 2011",81.51,82.75,79.95,80.29,"8,249,900",78.27
"Aug 17, 2011",85.86,86.14,83.33,83.99,"4,772,500",81.88
"Aug 16, 2011",85.00,86.37,84.61,85.83,"5,090,000",83.53
"Aug 15, 2011",85.11,86.23,84.51,85.87,"4,582,200",83.57
"Aug 12, 2011",85.11,85.79,83.43,83.83,"4,149,700",81.58
"Aug 11, 2011",80.15,85.69,79.70,84.52,"9,339,900",82.25
"Aug 10, 2011",81.29,81.64,79.02,79.28,"9,607,400",77.15
"Aug 9, 2011",80.35,82.87,76.11,82.76,"14,675,500",80.54
"Aug 8, 2011",80.18,81.81,78.08,79.24,"14,632,300",77.11
"Aug 5, 2011",85.34,85.67,80.88,83.41,"8,406,700",81.17
"Aug 4, 2011",86.77,86.81,84.88,84.99,"9,706,800",82.71
"Aug 3, 2011",84.53,87.75,83.81,87.48,"8,827,200",85.13
"Aug 2, 2011",85.00,86.39,83.56,83.56,"4,331,800",81.32
"Aug 1, 2011",87.00,87.33,85.06,85.68,"3,378,200",83.38
"Jul 29, 2011",85.84,86.24,83.60,85.54,"4,177,100",83.25
"Jul 28, 2011",88.13,88.97,86.66,86.92,"4,806,200",84.59
"Jul 27, 2011",88.32,89.00,87.25,87.75,"6,023,700",85.40
"Jul 26, 2011",89.02,89.99,88.70,89.20,"2,676,000",86.81
"Jul 25, 2011",88.64,90.23,88.37,89.08,"3,339,300",86.69
"Jul 22, 2011",88.10,89.78,88.10,89.52,"2,258,800",87.12
"Jul 21, 2011",89.05,90.38,88.04,88.05,"5,265,100",85.69
"Jul 20, 2011",89.49,89.49,88.22,88.64,"2,368,600",86.26
"Jul 19, 2011",88.49,89.27,88.20,89.21,"5,398,700",86.82
"Jul 18, 2011",88.32,88.90,87.71,88.07,"3,378,800",85.71
"Jul 15, 2011",88.69,88.88,87.71,88.75,"3,999,500",86.37
"Jul 14, 2011",88.25,89.39,87.78,87.94,"4,302,900",85.58
"Jul 13, 2011",88.14,89.96,88.02,88.74,"4,713,900",86.36
"Jul 12, 2011",88.02,88.80,87.59,87.70,"4,605,300",85.35
"Jul 11, 2011",88.61,89.24,87.68,87.90,"6,433,400",85.54
"Jul 8, 2011",88.97,90.15,88.40,89.73,"5,204,700",87.32
"Jul 7, 2011",88.20,90.83,88.00,90.15,"12,131,000",87.73
"Jul 6, 2011",87.84,89.23,86.85,88.20,"8,403,800",85.83
"Jul 5, 2011",86.96,88.80,86.34,88.32,"8,272,400",85.95
"Jul 1, 2011",84.10,88.93,83.76,87.97,"15,435,600",85.61
"Jun 30, 2011",86.13,87.36,83.93,84.26,"29,970,100",82.00
"Jun 29, 2011",75.92,87.32,74.79,86.57,"33,027,300",84.25
"Jun 28, 2011",74.28,75.45,74.21,75.28,"5,824,400",73.26
"Jun 27, 2011",73.79,74.05,73.11,73.89,"5,220,000",71.91
"Jun 24, 2011",75.31,75.35,73.33,73.37,"9,925,200",71.40
"Jun 23, 2011",74.19,75.40,74.00,75.31,"5,101,400",73.29
"Jun 22, 2011",74.94,75.97,74.57,74.66,"4,430,500",72.66
"Jun 21, 2011",74.56,75.19,74.15,74.99,"6,323,800",72.98
"Jun 20, 2011",74.28,74.34,73.64,74.05,"5,636,700",72.06
"Jun 17, 2011",75.41,75.49,74.20,74.43,"6,464,800",72.43
"Jun 16, 2011",74.80,75.38,74.38,74.88,"5,260,400",72.87
"Jun 15, 2011",75.54,76.03,74.81,74.84,"5,693,900",72.83
"Jun 14, 2011",75.11,76.27,74.83,75.93,"7,508,400",73.89
"Jun 13, 2011",74.85,75.14,74.30,74.86,"5,205,000",72.85
"Jun 10, 2011",76.21,76.31,74.55,74.69,"7,364,200",72.69
"Jun 9, 2011",76.28,76.73,75.88,76.43,"8,018,500",74.38
"Jun 8, 2011",78.69,78.69,74.37,76.71,"20,196,300",74.65
"Jun 7, 2011",78.80,80.13,78.52,79.82,"6,941,200",77.68
"Jun 6, 2011",79.00,79.57,78.15,78.20,"4,407,000",76.10
"Jun 3, 2011",79.81,80.36,78.96,79.13,"4,738,600",77.01
"Jun 2, 2011",79.19,80.82,79.15,80.70,"4,866,600",78.54
"Jun 1, 2011",80.76,80.76,79.18,79.18,"4,433,200",77.06
"May 31, 2011",80.02,81.11,80.01,81.06,"3,818,600",78.89
"May 27, 2011",78.66,79.84,78.37,79.80,"3,836,200",77.66
"May 26, 2011",78.57,79.36,77.64,79.29,"5,277,700",77.16
"May 25, 2011",76.96,79.08,76.61,78.75,"4,500,700",76.64
"May 24, 2011",77.01,77.78,76.66,77.60,"3,707,100",75.52
"May 23, 2011",77.09,77.74,76.60,76.92,"4,564,600",74.86
"May 20, 2011",79.34,79.84,78.23,78.23,"4,304,000",76.13
"May 19, 2011",80.13,80.14,79.41,79.64,"3,735,300",77.50
"May 18, 2011",80.43,80.43,79.48,80.01,"5,031,800",77.86
"May 17, 2011",79.80,80.80,79.75,80.60,"5,528,000",78.29
"May 16, 2011",79.15,81.30,79.12,79.94,"4,690,800",77.65
"May 13, 2011",80.00,80.18,79.70,79.91,"5,368,500",77.62
"May 12, 2011",79.09,80.05,79.08,79.93,"6,269,600",77.64
"May 11, 2011",80.22,80.25,78.95,79.34,"4,416,900",77.07
"May 10, 2011",79.97,80.70,79.72,80.35,"4,926,600",78.05
"May 9, 2011",79.13,79.98,79.04,79.86,"4,773,300",77.57
"May 6, 2011",78.50,79.86,78.27,79.41,"7,438,600",77.14
"May 5, 2011",79.10,79.37,78.20,78.70,"5,247,900",76.45
"May 4, 2011",79.85,80.15,79.05,79.77,"4,333,600",77.49
"May 3, 2011",79.63,80.17,79.30,80.00,"4,736,200",77.71
"May 2, 2011",78.46,79.67,78.46,79.14,"3,375,900",76.87
"Apr 29, 2011",77.70,78.45,77.56,78.12,"2,719,400",75.88
"Apr 28, 2011",78.84,78.84,77.55,77.66,"2,854,000",75.44
"Apr 27, 2011",78.80,78.97,77.89,78.89,"2,245,600",76.63
"Apr 26, 2011",77.80,79.00,77.40,78.77,"3,800,000",76.51
"Apr 25, 2011",77.77,77.87,77.30,77.76,"1,781,600",75.53
"Apr 21, 2011",77.36,77.98,77.05,77.77,"2,747,400",75.54
"Apr 20, 2011",76.61,77.91,76.41,77.37,"3,709,600",75.16
"Apr 19, 2011",75.49,75.98,75.16,75.92,"3,565,300",73.75
"Apr 18, 2011",75.58,76.30,75.45,75.68,"3,833,000",73.51
"Apr 15, 2011",76.47,77.00,76.06,76.47,"5,064,000",74.28
"Apr 14, 2011",77.14,77.26,76.16,76.31,"4,652,300",74.13
"Apr 13, 2011",77.36,77.99,77.20,77.50,"4,564,600",75.28
"Apr 12, 2011",76.92,77.58,76.77,77.03,"5,128,000",74.82
"Apr 11, 2011",76.80,77.76,76.70,77.71,"4,751,100",75.49
"Apr 8, 2011",76.82,77.72,76.32,76.72,"5,994,300",74.52
"Apr 7, 2011",76.11,76.55,75.72,76.41,"5,519,800",74.22
"Apr 6, 2011",75.71,76.00,75.53,76.00,"4,533,000",73.82
"Apr 5, 2011",75.18,75.92,74.80,75.62,"4,519,700",73.46
"Apr 4, 2011",74.19,75.25,74.04,75.24,"3,882,300",73.09
"Apr 1, 2011",73.99,74.47,73.26,74.22,"4,317,500",72.10
"Mar 31, 2011",74.51,74.92,73.60,73.62,"4,638,800",71.51
"Mar 30, 2011",73.94,75.34,73.67,74.23,"14,918,300",72.10
"Mar 29, 2011",72.36,72.47,71.75,72.20,"5,889,600",70.13
"Mar 28, 2011",72.39,73.10,71.96,72.75,"5,793,700",70.67
"Mar 25, 2011",72.48,72.91,72.05,72.09,"7,366,700",70.03
"Mar 24, 2011",72.22,72.85,71.54,72.66,"5,139,700",70.58
"Mar 23, 2011",71.35,72.37,71.35,71.99,"4,395,000",69.93
"Mar 22, 2011",71.80,71.96,71.20,71.60,"3,838,600",69.55
"Mar 21, 2011",71.84,72.32,71.63,71.96,"3,701,900",69.90
"Mar 18, 2011",72.12,72.14,70.92,71.42,"6,317,100",69.38
"Mar 17, 2011",71.59,72.00,71.13,71.43,"3,447,600",69.39
"Mar 16, 2011",71.42,71.95,70.68,70.96,"6,014,200",68.93
"Mar 15, 2011",70.90,71.80,70.45,71.20,"6,045,100",69.16
"Mar 14, 2011",71.90,72.73,71.63,71.86,"3,492,900",69.80
"Mar 11, 2011",71.38,72.78,71.22,72.51,"4,333,900",70.43
"Mar 10, 2011",73.32,73.32,71.23,71.40,"7,139,400",69.36
"Mar 9, 2011",74.40,74.66,73.30,73.71,"4,465,400",71.60
"Mar 8, 2011",74.45,74.91,73.31,74.17,"8,374,400",72.05
"Mar 7, 2011",74.60,75.22,74.00,74.15,"4,659,300",72.03
"Mar 4, 2011",75.86,75.94,74.02,74.69,"4,880,000",72.55
"Mar 3, 2011",74.70,75.90,74.56,75.83,"5,097,000",73.66
"Mar 2, 2011",72.58,74.22,72.51,73.97,"5,386,000",71.85
"Mar 1, 2011",73.87,74.88,72.51,72.70,"6,748,400",70.62
"Feb 28, 2011",74.86,75.27,73.03,73.05,"6,214,300",70.96
"Feb 25, 2011",74.18,75.40,74.18,74.68,"6,217,400",72.54
"Feb 24, 2011",72.66,74.24,72.63,73.91,"4,903,300",71.79
"Feb 23, 2011",73.64,74.55,72.78,72.88,"7,178,700",70.79
"Feb 22, 2011",74.34,75.10,73.11,73.74,"7,897,200",71.63
"Feb 18, 2011",76.58,77.08,75.57,75.83,"6,502,400",73.66
"Feb 17, 2011",75.75,76.72,75.45,76.14,"5,868,900",73.96
"Feb 16, 2011",75.74,76.21,75.46,75.96,"5,036,800",73.79
"Feb 15, 2011",75.71,75.91,75.09,75.61,"3,963,800",73.45
"Feb 14, 2011",74.99,76.94,74.50,75.74,"7,242,700",73.57
"Feb 11, 2011",74.60,75.13,74.28,74.93,"4,320,100",72.78
"Feb 10, 2011",72.90,75.15,72.90,74.74,"6,188,100",72.60
"Feb 9, 2011",73.78,74.72,73.10,73.28,"4,668,600",71.18
"Feb 8, 2011",73.97,74.58,73.82,74.57,"3,844,000",72.29
"Feb 7, 2011",72.98,74.14,72.92,73.93,"5,560,100",71.67
"Feb 4, 2011",71.98,73.00,71.60,72.90,"7,208,400",70.67
"Feb 3, 2011",71.73,72.48,71.00,71.63,"8,365,700",69.44
"Feb 2, 2011",71.07,72.09,70.75,72.09,"6,790,600",69.89
"Feb 1, 2011",70.21,71.73,70.21,70.70,"6,362,200",68.54
"Jan 31, 2011",69.90,70.36,69.35,69.85,"6,150,700",67.71
"Jan 28, 2011",70.80,70.93,69.42,69.46,"6,262,100",67.34
"Jan 27, 2011",71.06,71.22,70.51,70.60,"4,854,300",68.44
"Jan 26, 2011",71.90,72.14,70.95,71.00,"4,459,900",68.83
"Jan 25, 2011",71.17,72.38,70.31,71.58,"7,569,900",69.39
"Jan 24, 2011",70.23,71.83,70.18,71.79,"5,730,500",69.59
"Jan 21, 2011",70.51,71.00,69.91,70.15,"6,195,900",68.00
"Jan 20, 2011",68.69,71.54,67.51,70.69,"20,341,300",68.53
"Jan 19, 2011",70.96,71.04,68.45,69.12,"10,713,200",67.01
"Jan 18, 2011",71.27,71.35,70.74,71.21,"4,835,400",69.03
"Jan 14, 2011",71.27,71.55,70.74,71.12,"6,291,400",68.94
"Jan 13, 2011",73.13,73.28,70.92,71.14,"7,027,400",68.96
"Jan 12, 2011",72.00,72.63,71.99,72.61,"4,636,300",70.39
"Jan 11, 2011",72.05,72.52,71.55,71.88,"5,148,400",69.68
"Jan 10, 2011",72.70,73.24,71.78,71.81,"4,550,600",69.61
"Jan 7, 2011",73.44,73.55,72.50,72.96,"7,062,100",70.73
"Jan 6, 2011",72.73,73.55,72.51,73.17,"7,089,700",70.93
"Jan 5, 2011",70.84,72.33,70.68,72.09,"9,628,200",69.89
"Jan 4, 2011",70.93,70.95,70.26,70.60,"4,534,500",68.44
"Jan 3, 2011",70.40,70.92,70.19,70.52,"6,427,500",68.36
"Dec 31, 2010",70.28,70.47,69.95,70.38,"2,775,500",68.23
"Dec 30, 2010",70.72,70.75,70.12,70.29,"2,754,800",68.14
"Dec 29, 2010",70.91,71.18,70.33,70.60,"3,249,500",68.44
"Dec 28, 2010",71.36,71.80,70.50,70.73,"4,782,400",68.57
"Dec 27, 2010",68.68,71.17,68.65,70.81,"7,759,400",68.64
"Dec 23, 2010",68.33,68.93,68.26,68.73,"4,150,200",66.63
"Dec 22, 2010",68.27,68.77,68.06,68.55,"5,821,700",66.45
"Dec 21, 2010",68.68,68.85,67.88,68.05,"10,867,100",65.97
"Dec 20, 2010",67.50,68.22,67.00,67.99,"16,047,700",65.91
"Dec 17, 2010",68.30,68.58,66.50,66.90,"41,972,700",64.85
"Dec 16, 2010",77.18,79.50,66.59,67.19,"50,557,700",65.14
"Dec 15, 2010",80.19,80.38,76.75,76.94,"11,450,500",74.59
"Dec 14, 2010",80.77,81.19,80.15,80.64,"6,196,900",78.17
"Dec 13, 2010",80.30,81.75,79.50,80.89,"10,247,100",78.42
"Dec 10, 2010",79.03,80.24,79.03,80.20,"5,933,700",77.75
"Dec 9, 2010",78.15,79.19,77.30,79.12,"3,714,600",76.70
"Dec 8, 2010",77.00,78.15,77.00,77.94,"3,577,200",75.56
"Dec 7, 2010",78.99,79.77,76.81,76.88,"6,343,700",74.53
"Dec 6, 2010",77.30,78.35,77.15,78.31,"4,587,800",75.92
"Dec 3, 2010",76.73,77.54,76.22,77.35,"5,169,600",74.98
"Dec 2, 2010",75.57,77.07,75.51,77.00,"6,689,700",74.65
"Dec 1, 2010",74.94,75.48,74.45,75.22,"5,585,800",72.92
"Nov 30, 2010",73.54,74.28,73.25,73.85,"4,635,500",71.59
"Nov 29, 2010",75.23,75.23,72.92,74.19,"5,394,100",71.92
"Nov 26, 2010",75.30,75.79,75.23,75.48,"1,087,400",73.17
"Nov 24, 2010",75.51,76.00,75.15,75.82,"4,338,700",73.50
"Nov 23, 2010",75.00,75.15,74.51,74.65,"3,656,400",72.37
"Nov 22, 2010",76.67,76.98,75.28,75.46,"4,988,900",73.15
"Nov 19, 2010",76.80,77.56,76.76,77.05,"2,578,000",74.69
"Nov 18, 2010",76.27,77.10,76.17,76.94,"4,300,200",74.59
"Nov 17, 2010",74.90,76.35,74.86,75.73,"3,720,000",73.41
"Nov 16, 2010",75.56,76.30,74.26,74.99,"5,089,800",72.55
"Nov 15, 2010",77.52,77.86,76.32,76.36,"3,327,500",73.88
"Nov 12, 2010",78.57,78.81,76.91,76.94,"3,329,000",74.44
"Nov 11, 2010",78.91,79.49,78.04,79.22,"2,301,300",76.64
"Nov 10, 2010",78.50,79.31,78.01,79.29,"2,977,700",76.71
"Nov 9, 2010",78.99,79.50,78.04,78.32,"2,701,600",75.77
"Nov 8, 2010",79.40,79.83,78.60,78.71,"3,056,200",76.15
"Nov 5, 2010",80.27,80.47,79.15,79.80,"5,941,600",77.20
"Nov 4, 2010",79.71,80.10,79.06,79.99,"5,050,500",77.39
"Nov 3, 2010",78.57,79.22,78.00,79.00,"3,531,100",76.43
"Nov 2, 2010",78.16,78.67,77.48,78.42,"3,845,400",75.87
"Nov 1, 2010",78.58,78.78,76.70,77.32,"3,419,300",74.81
"Oct 29, 2010",76.40,78.43,76.34,78.16,"5,716,300",75.62
"Oct 28, 2010",79.34,79.50,75.32,76.45,"11,115,200",73.96
"Oct 27, 2010",80.29,80.60,79.16,79.92,"5,166,400",77.32
"Oct 26, 2010",80.18,80.33,79.38,80.03,"3,907,600",77.43
"Oct 25, 2010",80.01,80.71,79.65,80.63,"4,128,900",78.01
"Oct 22, 2010",79.15,79.87,78.71,79.29,"3,703,900",76.71
"Oct 21, 2010",79.45,80.88,78.58,79.20,"4,876,600",76.62
"Oct 20, 2010",77.76,79.93,77.26,79.52,"4,956,000",76.93
"Oct 19, 2010",77.61,79.56,77.24,77.55,"7,242,600",75.03
"Oct 18, 2010",77.51,78.37,76.75,78.36,"5,042,200",75.81
"Oct 15, 2010",77.76,77.90,76.62,77.60,"3,587,000",75.08
"Oct 14, 2010",76.66,77.73,76.29,77.17,"5,325,800",74.66
"Oct 13, 2010",74.71,77.00,74.30,76.94,"7,462,000",74.44
"Oct 12, 2010",74.12,74.53,73.56,74.25,"3,474,800",71.84
"Oct 11, 2010",73.85,74.79,73.83,74.29,"2,599,800",71.87
"Oct 8, 2010",73.69,74.05,73.17,74.00,"2,345,400",71.59
"Oct 7, 2010",74.28,74.79,73.54,73.61,"2,493,800",71.22
"Oct 6, 2010",75.06,75.50,73.80,74.23,"3,780,200",71.82
"Oct 5, 2010",74.12,74.99,73.66,74.99,"5,164,500",72.55
"Oct 4, 2010",73.26,74.36,72.58,73.24,"5,788,000",70.86
"Oct 1, 2010",74.74,74.77,73.17,73.32,"4,530,400",70.94
"Sep 30, 2010",74.74,74.97,73.81,74.26,"5,786,000",71.84
"Sep 29, 2010",73.01,74.50,72.88,74.41,"6,970,500",71.99
"Sep 28, 2010",72.93,73.60,72.55,73.27,"7,303,200",70.89
"Sep 27, 2010",72.77,73.49,71.90,73.00,"5,024,600",70.63
"Sep 24, 2010",71.75,72.37,71.36,72.37,"5,257,200",70.02
"Sep 23, 2010",70.05,71.46,69.90,70.98,"6,746,000",68.67
"Sep 22, 2010",70.08,70.87,69.95,70.62,"6,456,600",68.32
"Sep 21, 2010",70.45,71.11,69.52,69.94,"6,325,000",67.67
"Sep 20, 2010",68.50,70.32,68.07,70.31,"7,346,700",68.02
"Sep 17, 2010",68.77,69.00,68.19,68.49,"10,490,400",66.26
"Sep 16, 2010",68.81,69.21,68.06,68.38,"7,450,100",66.16
"Sep 15, 2010",67.72,69.50,67.60,68.93,"10,769,100",66.69
"Sep 14, 2010",65.63,67.95,65.55,67.12,"9,904,000",64.94
"Sep 13, 2010",68.00,68.00,64.90,65.48,"15,137,300",63.35
"Sep 10, 2010",66.84,68.48,66.68,68.09,"7,848,000",65.88
"Sep 9, 2010",68.78,68.97,66.07,66.78,"13,266,000",64.61
"Sep 8, 2010",70.35,70.67,68.30,68.55,"11,253,000",66.32
"Sep 7, 2010",71.87,72.98,71.34,71.50,"3,604,800",69.17
"Sep 3, 2010",73.00,73.14,72.08,72.50,"3,518,000",70.14
"Sep 2, 2010",70.98,72.25,70.66,71.98,"4,194,200",69.64
"Sep 1, 2010",69.83,70.74,69.07,70.53,"4,322,600",68.24
"Aug 31, 2010",69.54,70.10,68.01,68.98,"5,804,300",66.74
"Aug 30, 2010",70.97,71.40,69.54,69.54,"3,500,000",67.28
"Aug 27, 2010",70.39,71.13,69.60,71.11,"3,913,500",68.80
"Aug 26, 2010",71.21,71.40,69.88,69.91,"3,524,800",67.64
"Aug 25, 2010",70.31,72.14,70.27,70.86,"5,599,700",68.56
"Aug 24, 2010",69.51,70.97,69.00,70.66,"6,686,900",68.36
"Aug 23, 2010",70.55,71.30,69.60,70.12,"4,597,400",67.84
"Aug 20, 2010",71.29,71.59,69.58,70.10,"7,884,600",67.82
"Aug 19, 2010",72.42,72.73,71.50,71.63,"4,610,600",69.30
"Aug 18, 2010",73.08,73.38,72.52,72.88,"3,058,000",70.51
"Aug 17, 2010",73.45,73.77,72.44,73.36,"3,333,500",70.97
"Aug 16, 2010",72.08,73.24,71.80,72.83,"2,675,200",70.46
"Aug 13, 2010",72.94,73.12,72.15,72.22,"3,641,700",69.87
"Aug 12, 2010",72.78,74.19,72.53,72.98,"6,169,300",70.61
"Aug 11, 2010",74.00,74.35,73.00,73.51,"5,778,400",71.12
"Aug 10, 2010",74.06,75.73,74.06,75.27,"7,767,100",72.70
"Aug 9, 2010",73.12,74.87,72.81,74.74,"7,153,100",72.19
"Aug 6, 2010",71.15,72.20,70.86,72.14,"4,840,700",69.68
"Aug 5, 2010",72.13,72.40,71.32,71.50,"7,696,900",69.06
"Aug 4, 2010",73.21,73.40,72.38,72.45,"5,124,800",69.98
"Aug 3, 2010",71.63,73.52,71.43,73.00,"8,541,200",70.51
"Aug 2, 2010",70.98,72.39,70.97,72.23,"13,461,700",69.76
"Jul 30, 2010",71.59,73.63,71.37,73.35,"7,696,200",70.85
"Jul 29, 2010",74.76,74.88,71.35,71.98,"14,716,700",69.52
"Jul 28, 2010",76.15,76.84,75.10,75.18,"6,301,300",72.61
"Jul 27, 2010",77.00,77.27,75.87,76.61,"4,338,100",74.00
"Jul 26, 2010",75.69,76.50,75.35,76.08,"3,948,200",73.48
"Jul 23, 2010",74.47,75.97,74.05,75.59,"3,165,200",73.01
"Jul 22, 2010",73.15,74.55,73.02,74.46,"4,873,300",71.92
"Jul 21, 2010",73.99,74.01,71.93,72.36,"3,976,900",69.89
"Jul 20, 2010",70.71,73.66,70.50,73.60,"4,776,600",71.09
"Jul 19, 2010",72.21,72.25,70.87,71.22,"5,004,800",68.79
"Jul 16, 2010",73.60,73.75,71.27,71.45,"9,765,000",69.01
"Jul 15, 2010",76.39,76.64,74.26,75.28,"4,122,300",72.71
"Jul 14, 2010",76.57,77.00,75.65,76.28,"3,203,700",73.68
"Jul 13, 2010",77.80,77.80,75.47,76.59,"4,982,900",73.98
"Jul 12, 2010",75.99,77.37,75.88,76.51,"3,958,200",73.90
"Jul 9, 2010",76.24,77.60,75.62,77.38,"5,619,900",74.74
"Jul 8, 2010",75.50,75.80,74.04,75.08,"4,057,900",72.52
"Jul 7, 2010",72.68,74.92,72.15,74.82,"5,218,400",72.27
"Jul 6, 2010",73.83,74.32,71.79,72.27,"5,931,500",69.80
"Jul 2, 2010",73.24,73.79,72.58,73.18,"4,700,300",70.68
"Jul 1, 2010",71.00,73.01,70.11,72.86,"7,590,000",70.37
"Jun 30, 2010",71.66,72.10,70.71,70.75,"6,179,100",68.34
"Jun 29, 2010",74.28,74.47,71.10,71.45,"9,962,900",69.01
"Jun 28, 2010",76.99,77.29,75.15,75.22,"5,130,900",72.65
"Jun 25, 2010",77.03,77.41,75.65,76.66,"6,032,600",74.04
"Jun 24, 2010",77.13,77.96,75.76,76.48,"6,569,400",73.87
"Jun 23, 2010",78.96,78.96,76.81,77.76,"6,983,400",75.11
"Jun 22, 2010",81.00,81.00,78.63,78.76,"11,717,700",76.07
"Jun 21, 2010",77.96,83.79,75.42,80.90,"28,965,700",78.14
"Jun 18, 2010",78.51,79.25,76.26,77.04,"7,433,200",74.41
"Jun 17, 2010",77.81,79.13,77.26,78.24,"7,283,300",75.57
"Jun 16, 2010",76.18,77.25,75.61,77.17,"7,035,500",74.54
"Jun 15, 2010",74.47,76.96,73.90,76.93,"7,806,600",74.30
"Jun 14, 2010",76.95,76.99,73.70,73.78,"9,364,200",71.26
"Jun 11, 2010",76.51,76.89,75.35,76.08,"7,544,300",73.48
"Jun 10, 2010",75.63,77.49,75.00,77.45,"9,095,000",74.81
"Jun 9, 2010",74.12,75.48,73.18,73.80,"8,896,700",71.28
"Jun 8, 2010",72.11,73.49,71.09,73.35,"7,625,700",70.85
"Jun 7, 2010",72.00,73.78,71.55,71.89,"7,653,800",69.44
"Jun 4, 2010",71.05,73.40,71.05,72.13,"10,534,600",69.67
"Jun 3, 2010",71.93,73.21,71.66,72.84,"9,781,400",70.35
"Jun 2, 2010",71.46,71.87,70.02,71.25,"9,402,200",68.82
"Jun 1, 2010",72.49,73.60,71.36,71.49,"6,270,500",69.05
"May 28, 2010",73.37,73.50,72.00,72.46,"6,645,300",69.99
"May 27, 2010",75.00,75.19,72.91,73.69,"9,773,700",71.18
"May 26, 2010",74.14,75.19,73.36,73.40,"11,101,500",70.89
"May 25, 2010",73.06,73.85,71.77,72.97,"11,362,000",70.48
"May 24, 2010",75.44,76.20,73.75,74.55,"10,287,000",72.01
"May 21, 2010",72.01,76.00,72.01,74.20,"19,900,300",71.67
"May 20, 2010",72.00,75.42,71.11,72.82,"25,403,200",70.33
"May 19, 2010",70.71,74.20,70.71,72.97,"32,907,800",70.48
"May 18, 2010",75.08,76.01,68.29,70.09,"47,332,800",67.70
"May 17, 2010",78.77,79.24,73.67,74.71,"22,638,000",72.16
"May 14, 2010",78.67,79.89,75.92,77.26,"42,457,300",74.62
"May 13, 2010",85.88,87.98,84.52,85.73,"7,958,900",82.80
"May 12, 2010",85.04,87.55,84.75,85.68,"9,282,900",82.76
"May 11, 2010",85.13,85.25,83.14,84.16,"11,811,000",81.17
"May 10, 2010",86.25,87.20,85.93,85.99,"8,776,700",82.93
"May 7, 2010",83.06,84.17,80.75,82.29,"11,379,800",79.36
"May 6, 2010",85.85,86.56,75.91,82.92,"15,984,500",79.97
"May 5, 2010",86.76,87.95,84.00,86.43,"9,293,600",83.36
"May 4, 2010",89.34,90.95,88.12,88.37,"7,655,700",85.23
"May 3, 2010",90.55,91.27,88.42,89.27,"7,755,000",86.10
"Apr 30, 2010",93.28,93.37,90.02,90.23,"6,264,900",87.02
"Apr 29, 2010",93.77,94.60,92.10,92.82,"7,352,000",89.52
"Apr 28, 2010",93.72,94.06,92.30,93.61,"5,098,800",90.28
"Apr 27, 2010",95.95,96.23,92.89,92.95,"4,467,100",89.64
"Apr 26, 2010",97.03,97.19,95.54,96.00,"4,568,700",92.59
"Apr 23, 2010",96.20,96.82,95.23,96.59,"3,124,700",93.15
"Apr 22, 2010",92.82,95.20,92.46,95.14,"3,664,600",91.76
"Apr 21, 2010",94.35,94.38,92.86,93.13,"2,841,400",89.82
"Apr 20, 2010",93.65,94.09,92.50,94.05,"2,272,600",90.71
"Apr 19, 2010",93.20,94.18,92.08,93.12,"3,146,600",89.81
"Apr 16, 2010",94.08,94.91,92.80,93.85,"4,691,600",90.51
"Apr 15, 2010",94.36,95.26,93.93,94.45,"5,159,800",91.09
"Apr 14, 2010",93.16,94.44,92.86,94.26,"4,332,300",90.91
"Apr 13, 2010",93.41,93.79,92.16,92.79,"2,859,000",89.49
"Apr 12, 2010",93.05,93.49,92.50,93.19,"2,330,800",89.88
"Apr 9, 2010",91.94,92.61,91.65,92.52,"2,391,800",89.23
"Apr 8, 2010",90.66,92.08,90.50,91.49,"2,692,500",88.24
"Apr 7, 2010",92.50,92.50,90.63,90.71,"3,687,600",87.48
"Apr 6, 2010",92.03,93.33,91.81,92.40,"3,453,400",89.11
"Apr 5, 2010",93.05,93.20,92.10,92.47,"3,840,800",89.18
"Apr 1, 2010",91.68,92.58,91.31,92.55,"4,366,100",89.26
"Mar 31, 2010",90.70,92.20,90.52,91.03,"3,126,100",87.79
"Mar 30, 2010",90.47,91.84,90.34,91.00,"4,082,700",87.76
"Mar 29, 2010",90.57,91.16,90.14,90.24,"2,783,600",87.03
"Mar 26, 2010",90.73,91.25,89.65,90.25,"3,384,000",87.04
"Mar 25, 2010",89.68,91.78,89.49,90.41,"5,088,400",87.19
"Mar 24, 2010",89.60,89.94,88.59,88.75,"3,902,900",85.59
"Mar 23, 2010",89.50,90.30,89.25,89.98,"3,379,100",86.78
"Mar 22, 2010",88.39,89.75,88.18,89.24,"4,168,600",86.07
"Mar 19, 2010",88.84,90.75,88.69,88.84,"6,056,000",85.68
"Mar 18, 2010",91.50,91.82,90.08,90.13,"4,691,500",86.92
"Mar 17, 2010",92.12,92.41,91.24,91.51,"3,696,300",88.26
"Mar 16, 2010",92.68,92.91,91.35,91.65,"4,767,000",88.39
"Mar 15, 2010",92.87,93.15,91.12,92.41,"5,183,500",89.12
"Mar 12, 2010",93.17,93.63,92.65,93.25,"7,160,300",89.93
"Mar 11, 2010",90.97,93.28,90.80,92.74,"13,781,300",89.44
"Mar 10, 2010",89.74,91.81,89.55,91.52,"7,109,700",88.27
"Mar 9, 2010",90.25,91.67,89.86,90.15,"9,172,700",86.94
"Mar 8, 2010",88.45,90.93,88.09,90.63,"7,814,600",87.41
"Mar 5, 2010",87.40,88.56,87.10,88.51,"4,875,900",85.36
"Mar 4, 2010",87.00,87.45,86.13,87.04,"3,644,200",83.94
"Mar 3, 2010",86.60,87.21,86.24,86.80,"3,414,500",83.71
"Mar 2, 2010",86.82,86.98,86.25,86.45,"3,225,300",83.38
"Mar 1, 2010",85.50,86.94,85.28,86.82,"3,373,800",83.73
"Feb 26, 2010",85.58,85.72,85.02,85.28,"3,119,100",82.25
"Feb 25, 2010",84.75,85.44,83.74,85.23,"3,535,200",82.20
"Feb 24, 2010",86.22,86.61,84.75,85.63,"4,052,500",82.58
"Feb 23, 2010",87.02,87.59,86.06,86.12,"4,782,300",83.06
"Feb 22, 2010",87.05,87.76,86.81,86.91,"2,893,200",83.82
"Feb 19, 2010",86.00,86.98,85.49,86.81,"3,418,000",83.72
"Feb 18, 2010",86.00,87.45,86.00,86.96,"3,822,300",83.87
"Feb 17, 2010",86.01,86.54,85.76,86.42,"3,744,200",83.35
"Feb 16, 2010",85.23,85.94,85.20,85.88,"4,016,400",82.83
"Feb 12, 2010",84.50,84.94,83.65,84.78,"5,528,700",81.76
"Feb 11, 2010",83.79,85.21,83.25,85.14,"4,511,200",82.11
"Feb 10, 2010",83.49,83.91,82.89,83.64,"3,643,200",80.67
"Feb 9, 2010",83.69,84.13,82.70,83.27,"4,492,000",80.19
"Feb 8, 2010",82.90,84.38,82.56,83.05,"5,991,700",79.98
"Feb 5, 2010",83.32,83.86,80.54,82.56,"9,671,800",79.50
"Feb 4, 2010",85.25,86.18,82.80,83.05,"16,621,700",79.98
"Feb 3, 2010",84.24,84.49,82.10,83.52,"8,049,400",80.43
"Feb 2, 2010",84.26,84.47,83.50,84.01,"3,610,400",80.90
"Feb 1, 2010",82.29,84.75,82.20,83.66,"4,024,500",80.56
"Jan 29, 2010",82.60,84.98,81.87,82.03,"5,070,400",78.99
"Jan 28, 2010",84.36,84.48,81.41,82.65,"3,267,700",79.59
"Jan 27, 2010",80.88,84.13,80.61,83.91,"4,833,800",80.80
"Jan 26, 2010",81.35,82.54,80.99,81.15,"3,109,400",78.15
"Jan 25, 2010",83.40,83.81,81.41,82.03,"4,036,800",78.99
"Jan 22, 2010",84.03,84.39,81.64,82.73,"7,444,100",79.67
"Jan 21, 2010",87.45,87.90,84.12,84.45,"7,035,200",81.32
"Jan 20, 2010",87.68,87.74,86.31,87.42,"3,192,800",84.18
"Jan 19, 2010",86.17,88.41,85.70,87.85,"3,809,900",84.60
"Jan 15, 2010",87.48,87.54,85.92,86.14,"5,323,800",82.95
"Jan 14, 2010",86.97,87.53,86.50,87.44,"4,594,900",84.20
"Jan 13, 2010",86.46,87.20,85.95,87.14,"3,357,200",83.91
"Jan 12, 2010",86.58,87.05,85.85,86.34,"3,210,500",83.14
"Jan 11, 2010",87.51,87.94,86.17,86.75,"3,228,000",83.54
"Jan 8, 2010",86.82,87.39,86.23,87.00,"2,976,800",83.78
"Jan 7, 2010",85.97,87.00,85.55,86.76,"6,960,300",83.55
"Jan 6, 2010",87.01,87.08,85.90,85.96,"4,063,500",82.78
"Jan 5, 2010",87.30,87.53,86.00,87.13,"6,458,400",83.91
"Jan 4, 2010",88.00,88.77,87.46,88.14,"5,045,000",84.88
"Dec 31, 2009",87.98,88.18,87.17,87.46,"3,160,900",84.22
"Dec 30, 2009",87.47,88.28,87.47,88.14,"3,087,700",84.88
"Dec 29, 2009",86.65,88.28,86.65,88.02,"4,685,800",84.76
"Dec 28, 2009",86.43,87.00,86.09,86.76,"3,359,900",83.55
"Dec 24, 2009",86.59,86.80,85.80,86.29,"1,728,100",83.10
"Dec 23, 2009",86.46,87.00,85.65,86.15,"5,777,900",82.96
"Dec 22, 2009",87.66,87.97,85.86,86.30,"7,204,200",83.11
"Dec 21, 2009",88.96,89.07,86.63,87.51,"11,140,200",84.27
"Dec 18, 2009",87.40,89.69,87.39,88.97,"84,383,400",85.68
"Dec 17, 2009",86.49,87.40,85.50,87.03,"9,560,000",83.81
"Dec 16, 2009",86.24,87.48,85.86,87.03,"8,444,700",83.81
"Dec 15, 2009",84.23,86.20,83.90,86.14,"9,510,000",82.95
"Dec 14, 2009",84.96,85.91,83.49,84.77,"17,624,700",81.63
"Dec 11, 2009",82.29,82.40,81.14,81.34,"2,879,700",78.33
"Dec 10, 2009",81.88,82.76,81.38,82.32,"3,636,700",79.27
"Dec 9, 2009",79.62,81.93,79.50,81.75,"4,185,900",78.72
"Dec 8, 2009",79.62,80.41,79.55,79.99,"2,604,700",77.03
"Dec 7, 2009",80.26,80.64,79.84,79.93,"2,415,200",76.97
"Dec 4, 2009",81.09,81.59,78.71,80.27,"5,466,400",77.30
"Dec 3, 2009",82.35,82.63,79.93,80.03,"4,780,700",77.07
"Dec 2, 2009",83.05,83.40,82.08,82.22,"3,213,200",79.18
"Dec 1, 2009",81.44,83.40,81.00,82.97,"6,102,500",79.90
"Nov 30, 2009",80.33,81.38,80.20,81.00,"3,926,200",78.00
"Nov 27, 2009",80.08,80.84,79.60,80.33,"2,323,800",77.36
"Nov 25, 2009",80.80,81.90,80.37,81.79,"2,873,700",78.76
"Nov 24, 2009",80.35,80.64,79.60,80.62,"3,038,300",77.64
"Nov 23, 2009",80.78,80.80,79.91,80.44,"4,365,900",77.46
"Nov 20, 2009",79.72,80.44,79.63,80.00,"3,134,600",77.04
"Nov 19, 2009",79.97,81.55,78.23,80.18,"9,133,400",77.21
"Nov 18, 2009",80.19,80.87,79.66,80.39,"2,867,700",77.41
"Nov 17, 2009",79.56,80.68,79.29,80.55,"3,933,500",77.57
"Nov 16, 2009",80.10,80.39,79.22,79.55,"5,757,600",76.61
"Nov 13, 2009",79.93,80.19,78.75,80.00,"3,424,400",77.04
"Nov 12, 2009",80.68,81.09,79.33,79.92,"3,242,300",76.96
"Nov 11, 2009",81.62,81.97,80.38,80.82,"3,665,700",77.71
"Nov 10, 2009",80.90,81.49,80.56,81.10,"4,915,000",77.98
"Nov 9, 2009",79.86,81.64,79.70,81.16,"6,579,700",78.04
"Nov 6, 2009",79.00,79.90,78.65,79.67,"3,940,900",76.60
"Nov 5, 2009",78.52,79.75,78.27,79.59,"4,087,600",76.53
"Nov 4, 2009",78.30,79.50,78.12,78.31,"6,091,000",75.30
"Nov 3, 2009",76.77,77.67,75.80,77.65,"6,522,700",74.66
"Nov 2, 2009",76.09,78.17,75.83,77.29,"6,330,700",74.31
"Oct 30, 2009",76.96,77.50,75.16,75.76,"6,827,200",72.84
"Oct 29, 2009",77.01,78.20,75.83,77.28,"10,374,600",74.30
"Oct 28, 2009",74.94,78.02,74.76,76.57,"19,482,600",73.62
"Oct 27, 2009",73.61,74.45,72.51,73.90,"10,047,400",71.05
"Oct 26, 2009",74.97,75.83,72.46,72.78,"8,709,100",69.98
"Oct 23, 2009",75.93,76.09,73.63,74.12,"6,374,800",71.27
"Oct 22, 2009",75.60,75.88,74.26,75.69,"5,439,400",72.78
"Oct 21, 2009",74.82,76.99,74.82,75.19,"4,068,900",72.30
"Oct 20, 2009",75.45,75.90,74.46,75.05,"4,125,700",72.16
"Oct 19, 2009",74.27,75.00,73.19,74.95,"3,645,700",72.06
"Oct 16, 2009",74.73,75.08,74.00,74.29,"3,735,500",71.43
"Oct 15, 2009",74.19,75.84,74.02,75.08,"5,568,100",72.19
"Oct 14, 2009",74.83,75.25,73.79,74.80,"6,783,200",71.92
"Oct 13, 2009",73.74,74.98,73.23,74.67,"5,901,500",71.80
"Oct 12, 2009",74.33,74.94,73.35,73.70,"4,820,600",70.86
"Oct 9, 2009",71.55,73.29,71.34,72.94,"5,184,200",70.13
"Oct 8, 2009",71.10,72.03,70.67,71.73,"6,026,300",68.97
"Oct 7, 2009",69.15,71.34,68.91,70.86,"12,264,200",68.13
"Oct 6, 2009",68.69,68.70,67.40,68.26,"9,107,800",65.63
"Oct 5, 2009",67.87,69.00,67.68,68.16,"4,975,600",65.54
"Oct 2, 2009",68.44,69.10,66.54,67.79,"8,854,100",65.18
"Oct 1, 2009",68.77,70.16,68.77,69.12,"7,054,300",66.46
"Sep 30, 2009",69.75,70.00,68.61,69.11,"7,616,800",66.45
"Sep 29, 2009",71.19,72.14,69.21,69.57,"10,473,100",66.89
"Sep 28, 2009",71.10,71.85,70.51,71.14,"4,592,400",68.40
"Sep 25, 2009",73.17,73.25,69.23,70.66,"12,043,800",67.94
"Sep 24, 2009",73.39,73.91,72.25,73.53,"4,012,600",70.70
"Sep 23, 2009",74.41,74.99,73.76,73.92,"3,744,100",71.07
"Sep 22, 2009",73.60,74.73,73.32,74.41,"3,812,100",71.55
"Sep 21, 2009",73.07,74.30,73.01,73.39,"3,235,100",70.56
"Sep 18, 2009",73.92,74.27,73.16,73.79,"3,802,500",70.95
"Sep 17, 2009",73.95,74.86,73.30,73.82,"3,559,100",70.98
"Sep 16, 2009",73.25,74.60,72.66,74.09,"4,150,400",71.24
"Sep 15, 2009",73.00,73.45,72.38,73.20,"3,837,800",70.38
"Sep 14, 2009",71.51,73.00,71.50,72.87,"3,274,800",70.06
"Sep 11, 2009",72.50,72.50,71.75,72.29,"3,848,500",69.51
"Sep 10, 2009",70.38,72.49,70.27,72.31,"4,250,400",69.53
"Sep 9, 2009",71.26,71.30,70.18,70.48,"4,097,000",67.77
"Sep 8, 2009",70.70,71.25,70.16,70.95,"3,055,100",68.22
"Sep 4, 2009",70.65,70.95,70.05,70.36,"2,473,600",67.65
"Sep 3, 2009",70.41,71.05,69.80,70.91,"4,266,600",68.18
"Sep 2, 2009",69.77,70.86,69.43,70.10,"3,333,800",67.40
"Sep 1, 2009",70.78,72.00,70.14,70.18,"5,572,100",67.48
"Aug 31, 2009",69.70,71.32,69.60,71.10,"5,380,300",68.36
"Aug 28, 2009",70.05,70.50,69.28,70.50,"3,505,400",67.79
"Aug 27, 2009",69.68,70.25,69.28,69.71,"5,151,000",67.03
"Aug 26, 2009",68.60,70.43,68.45,70.20,"4,741,100",67.50
"Aug 25, 2009",68.15,69.00,67.90,68.98,"4,393,600",66.32
"Aug 24, 2009",69.25,69.50,67.76,67.95,"4,994,600",65.33
"Aug 21, 2009",68.34,69.05,67.85,69.00,"6,862,700",66.34
"Aug 20, 2009",67.09,67.99,66.75,67.81,"3,037,300",65.20
"Aug 19, 2009",66.33,67.24,66.15,67.20,"3,862,900",64.61
"Aug 18, 2009",66.65,67.34,66.55,67.01,"4,269,200",64.43
"Aug 17, 2009",66.84,66.98,66.04,66.43,"4,942,800",63.87
"Aug 14, 2009",68.30,68.68,67.50,67.80,"3,051,900",65.19
"Aug 13, 2009",68.50,68.88,67.94,68.68,"3,742,100",66.04
"Aug 12, 2009",68.29,69.05,67.88,68.45,"3,607,600",65.81
"Aug 11, 2009",68.54,69.25,68.53,68.61,"3,634,400",65.87
"Aug 10, 2009",69.04,69.49,68.60,68.88,"2,509,700",66.13
"Aug 7, 2009",69.24,69.65,68.73,69.17,"3,845,100",66.41
"Aug 6, 2009",68.52,69.69,67.95,68.65,"5,223,200",65.91
"Aug 5, 2009",69.19,69.19,67.86,68.38,"4,968,600",65.65
"Aug 4, 2009",68.33,69.11,67.90,69.10,"4,671,600",66.34
"Aug 3, 2009",66.19,69.11,65.90,69.11,"7,583,600",66.35
"Jul 31, 2009",66.94,67.17,65.35,65.46,"8,261,700",62.84
"Jul 30, 2009",67.69,69.68,66.83,67.21,"14,444,000",64.52
"Jul 29, 2009",66.60,66.89,65.72,66.78,"5,508,100",64.11
"Jul 28, 2009",67.71,68.30,66.13,66.30,"5,661,200",63.65
"Jul 27, 2009",67.25,68.31,67.11,68.19,"3,561,300",65.46
"Jul 24, 2009",66.27,67.65,66.25,67.29,"3,298,700",64.60
"Jul 23, 2009",67.20,67.84,66.62,67.19,"4,849,000",64.50
"Jul 22, 2009",66.62,67.56,66.32,66.85,"6,332,100",64.18
"Jul 21, 2009",67.12,67.20,65.79,67.15,"4,435,700",64.47
"Jul 20, 2009",64.36,67.28,64.30,67.12,"8,055,100",64.44
"Jul 17, 2009",64.25,65.00,64.00,64.10,"4,518,900",61.54
"Jul 16, 2009",62.45,64.72,62.20,64.41,"12,521,500",61.84
"Jul 15, 2009",61.00,62.75,60.67,62.65,"9,123,100",60.15
"Jul 14, 2009",60.50,60.51,59.64,60.29,"3,322,800",57.88
"Jul 13, 2009",60.11,60.42,59.10,60.35,"7,660,000",57.94
"Jul 10, 2009",59.87,60.33,59.41,59.86,"4,163,700",57.47
"Jul 9, 2009",60.14,60.65,59.75,60.44,"6,654,100",58.02
"Jul 8, 2009",59.72,60.32,58.00,59.49,"16,020,100",57.11
"Jul 7, 2009",61.33,61.33,59.40,59.71,"7,590,400",57.32
"Jul 6, 2009",60.07,61.10,59.90,60.67,"5,845,600",58.24
"Jul 2, 2009",60.80,61.70,60.08,60.08,"5,378,700",57.68
"Jul 1, 2009",62.28,62.57,60.78,60.80,"6,541,900",58.37
"Jun 30, 2009",62.75,63.93,62.02,62.26,"12,313,400",59.77
"Jun 29, 2009",63.89,63.89,62.50,62.98,"5,670,200",60.46
"Jun 26, 2009",61.82,63.82,61.56,63.82,"4,937,900",61.27
"Jun 25, 2009",60.89,62.28,60.27,61.95,"5,220,700",59.47
"Jun 24, 2009",63.00,63.15,60.90,61.09,"5,699,700",58.65
"Jun 23, 2009",61.33,62.87,61.32,62.67,"4,997,400",60.16
"Jun 22, 2009",60.74,62.96,60.70,61.24,"7,542,000",58.79
"Jun 19, 2009",61.70,62.10,60.86,61.37,"6,367,300",58.92
"Jun 18, 2009",61.46,62.11,60.63,61.41,"8,042,100",58.96
"Jun 17, 2009",62.46,63.10,60.80,61.35,"8,015,900",58.90
"Jun 16, 2009",65.10,65.10,62.12,62.46,"7,447,100",59.96
"Jun 15, 2009",63.98,65.88,63.07,64.43,"6,391,100",61.85
"Jun 12, 2009",66.89,67.20,64.31,64.36,"20,240,800",61.79
"Jun 11, 2009",69.35,69.60,66.66,66.72,"10,987,200",64.05
"Jun 10, 2009",69.03,69.92,67.96,69.27,"8,449,300",66.50
"Jun 9, 2009",70.07,70.37,68.47,68.63,"5,443,300",65.89
"Jun 8, 2009",68.66,70.60,68.55,69.80,"5,159,000",67.01
"Jun 5, 2009",70.01,70.84,68.80,69.28,"18,565,200",66.51
"Jun 4, 2009",68.45,71.24,68.32,69.52,"14,055,300",66.74
"Jun 3, 2009",66.69,68.76,65.87,68.23,"8,840,700",65.50
"Jun 2, 2009",66.40,67.00,65.50,66.81,"7,760,900",64.14
"Jun 1, 2009",68.50,68.95,65.82,66.66,"10,907,000",64.00
"May 29, 2009",66.63,67.90,65.80,67.71,"8,049,600",65.00
"May 28, 2009",66.29,66.99,65.75,66.50,"5,046,000",63.84
"May 27, 2009",66.33,68.14,65.25,65.92,"6,789,200",63.29
"May 26, 2009",65.79,66.89,65.28,66.77,"5,139,200",64.10
"May 22, 2009",66.91,67.50,65.23,65.75,"5,433,800",63.12
"May 21, 2009",64.51,66.32,64.47,66.28,"13,930,900",63.63
"May 20, 2009",65.26,66.96,64.61,64.96,"8,464,500",62.36
"May 19, 2009",66.03,66.31,64.29,64.80,"11,446,100",62.21
"May 18, 2009",65.32,66.55,64.26,66.41,"14,826,100",63.76
"May 15, 2009",64.45,65.50,64.02,65.07,"6,170,500",62.47
"May 14, 2009",63.98,65.10,63.51,64.52,"8,215,400",61.94
"May 13, 2009",64.32,65.47,63.51,64.47,"11,888,900",61.89
"May 12, 2009",66.84,67.25,64.71,65.22,"9,093,400",62.51
"May 11, 2009",66.80,67.95,65.93,65.93,"6,495,000",63.19
"May 8, 2009",65.97,68.47,65.50,68.43,"9,458,700",65.59
"May 7, 2009",66.63,67.00,65.35,65.53,"8,682,800",62.81
"May 6, 2009",68.07,68.22,65.75,66.19,"10,457,600",63.44
"May 5, 2009",67.82,68.50,66.97,67.39,"14,196,500",64.59
"May 4, 2009",66.08,68.56,64.72,68.20,"19,733,800",65.37
"May 1, 2009",64.15,66.30,62.64,65.01,"15,154,200",62.31
"Apr 30, 2009",64.14,68.00,63.92,64.96,"25,438,400",62.26
"Apr 29, 2009",61.89,63.74,61.51,63.51,"14,810,100",60.87
"Apr 28, 2009",58.15,62.04,58.10,60.71,"10,571,900",58.19
"Apr 27, 2009",58.78,59.72,58.63,58.87,"7,374,200",56.43
"Apr 24, 2009",59.31,60.75,58.04,60.38,"9,921,500",57.87
"Apr 23, 2009",58.25,58.97,57.10,58.23,"8,972,700",55.81
"Apr 22, 2009",57.80,59.94,57.21,57.51,"8,670,000",55.12
"Apr 21, 2009",54.84,58.70,54.25,58.63,"9,436,500",56.20
"Apr 20, 2009",57.00,57.68,54.96,55.00,"10,644,300",52.72
"Apr 17, 2009",58.18,59.13,57.26,58.00,"9,453,600",55.59
"Apr 16, 2009",58.10,59.37,57.50,58.07,"9,028,500",55.66
"Apr 15, 2009",58.03,59.28,57.25,59.11,"7,421,900",56.66
"Apr 14, 2009",60.11,60.92,58.13,58.33,"8,928,000",55.91
"Apr 13, 2009",58.16,61.40,58.00,61.11,"9,531,100",58.57
"Apr 9, 2009",58.85,59.53,57.63,58.79,"11,446,400",56.35
"Apr 8, 2009",57.80,57.87,56.41,57.82,"5,953,900",55.42
"Apr 7, 2009",58.38,58.76,57.07,57.15,"6,780,600",54.78
"Apr 6, 2009",58.70,60.04,57.75,59.13,"11,231,900",56.68
"Apr 3, 2009",55.27,60.16,55.27,60.08,"14,423,700",57.59
"Apr 2, 2009",55.46,57.11,55.12,55.59,"11,849,200",53.28
"Apr 1, 2009",54.75,56.00,53.63,54.29,"11,036,100",52.04
"Mar 31, 2009",54.40,56.23,53.84,55.60,"11,861,600",53.29
"Mar 30, 2009",53.30,54.85,53.01,53.50,"9,649,100",51.28
"Mar 27, 2009",54.28,56.31,54.21,54.25,"8,171,800",52.00
"Mar 26, 2009",53.38,55.79,52.52,55.50,"14,866,600",53.20
"Mar 25, 2009",53.95,54.75,51.28,52.75,"14,656,200",50.56
"Mar 24, 2009",54.28,54.79,53.27,53.60,"10,888,900",51.37
"Mar 23, 2009",53.87,55.58,52.90,55.54,"11,164,200",53.23
"Mar 20, 2009",53.20,54.36,52.50,52.53,"8,369,000",50.35
"Mar 19, 2009",56.38,56.70,52.43,52.69,"10,435,900",50.50
"Mar 18, 2009",54.45,56.50,53.46,56.31,"11,324,100",53.97
"Mar 17, 2009",52.00,55.38,51.33,55.29,"6,432,600",52.99
"Mar 16, 2009",52.98,53.73,51.86,52.17,"8,368,600",50.00
"Mar 13, 2009",54.26,55.35,51.70,52.05,"12,391,100",49.89
"Mar 12, 2009",51.30,54.09,50.27,54.09,"10,819,000",51.84
"Mar 11, 2009",53.66,53.66,50.52,51.37,"9,031,100",49.24
"Mar 10, 2009",50.99,52.87,50.59,52.87,"9,661,100",50.67
"Mar 9, 2009",49.67,51.08,48.74,49.80,"8,388,600",47.73
"Mar 6, 2009",53.76,54.15,49.21,50.19,"15,175,400",48.11
"Mar 5, 2009",54.55,55.49,52.68,53.42,"11,036,200",51.20
"Mar 4, 2009",55.00,55.87,53.90,55.29,"8,943,800",52.99
"Mar 3, 2009",54.73,55.63,53.21,54.36,"10,548,900",52.10
"Mar 2, 2009",55.93,56.97,53.87,54.16,"9,765,000",51.91
"Feb 27, 2009",55.00,57.90,55.00,56.71,"11,809,300",54.36
"Feb 26, 2009",56.25,56.66,54.79,56.06,"8,975,600",53.73
"Feb 25, 2009",56.11,56.55,55.14,55.42,"8,598,700",53.12
"Feb 24, 2009",54.34,56.98,53.61,56.35,"10,897,700",54.01
"Feb 23, 2009",56.04,56.84,53.99,54.25,"7,991,800",52.00
"Feb 20, 2009",54.65,56.09,54.50,55.66,"10,727,000",53.35
"Feb 19, 2009",56.95,57.90,55.49,55.63,"8,775,600",53.32
"Feb 18, 2009",54.57,56.89,54.25,56.15,"9,082,300",53.82
"Feb 17, 2009",54.69,55.20,53.67,54.25,"8,895,400",52.00
"Feb 13, 2009",56.93,57.95,55.26,55.95,"10,197,000",53.63
"Feb 12, 2009",54.28,56.60,53.10,56.40,"8,706,900",54.06
"Feb 11, 2009",54.10,55.23,53.50,54.96,"5,917,000",52.68
"Feb 10, 2009",55.13,56.00,53.61,53.85,"9,517,900",51.51
"Feb 9, 2009",55.52,56.35,54.60,55.32,"7,968,600",52.92
"Feb 6, 2009",53.95,56.00,53.68,55.41,"11,476,900",53.01
"Feb 5, 2009",52.24,55.10,51.50,53.74,"24,182,100",51.41
"Feb 4, 2009",48.86,50.24,48.56,49.13,"8,291,600",47.00
"Feb 3, 2009",50.21,50.95,48.19,48.39,"7,238,400",46.29
"Feb 2, 2009",48.26,49.99,47.54,49.97,"7,136,000",47.80
"Jan 30, 2009",47.05,49.35,46.86,49.35,"7,578,800",47.21
"Jan 29, 2009",45.94,48.11,45.25,46.27,"6,524,400",44.26
"Jan 28, 2009",45.91,47.48,45.25,47.22,"8,022,400",45.17
"Jan 27, 2009",43.49,44.19,42.64,44.15,"6,609,000",42.23
"Jan 26, 2009",44.30,45.24,42.52,42.59,"6,002,300",40.74
"Jan 23, 2009",42.69,44.45,41.78,44.32,"5,654,300",42.40
"Jan 22, 2009",43.78,45.68,43.23,44.18,"7,981,900",42.26
"Jan 21, 2009",43.20,45.15,42.70,44.18,"12,625,800",42.26
"Jan 20, 2009",46.05,46.41,42.06,42.42,"14,941,500",40.58
"Jan 16, 2009",49.03,49.45,45.21,47.41,"17,301,200",45.35
"Jan 15, 2009",50.38,50.85,47.50,49.38,"11,861,600",47.24
"Jan 14, 2009",52.01,52.61,50.22,50.97,"6,311,700",48.76
"Jan 13, 2009",52.75,53.34,51.51,53.14,"5,783,300",50.83
"Jan 12, 2009",55.29,56.15,52.56,52.96,"7,880,100",50.66
"Jan 9, 2009",56.02,56.31,54.78,55.62,"4,175,600",53.21
"Jan 8, 2009",56.01,56.30,53.27,55.76,"8,670,900",53.34
"Jan 7, 2009",56.69,57.95,55.99,56.36,"7,110,400",53.91
"Jan 6, 2009",54.50,57.98,54.50,57.61,"8,126,600",55.11
"Jan 5, 2009",53.00,55.30,53.00,53.82,"4,150,000",51.48
"Jan 2, 2009",52.92,53.71,52.24,53.44,"3,299,800",51.12
"Dec 31, 2008",50.61,52.77,50.60,52.45,"4,092,900",50.17
"Dec 30, 2008",52.20,52.20,50.27,50.99,"4,273,800",48.78
"Dec 29, 2008",53.05,53.59,51.93,52.17,"3,450,400",49.91
"Dec 26, 2008",52.78,53.46,51.93,53.25,"1,619,100",50.94
"Dec 24, 2008",53.44,53.75,52.65,52.89,"1,632,400",50.60
"Dec 23, 2008",53.52,54.40,53.12,53.65,"2,667,600",51.32
"Dec 22, 2008",54.86,55.24,52.98,53.75,"3,520,900",51.42
"Dec 19, 2008",54.51,56.23,53.78,54.97,"8,896,300",52.59
"Dec 18, 2008",55.37,56.19,54.07,54.70,"7,593,700",52.33
"Dec 17, 2008",54.29,56.00,54.06,55.36,"6,171,900",52.96
"Dec 16, 2008",53.30,54.78,52.74,54.77,"7,678,600",52.39
"Dec 15, 2008",52.81,53.77,51.77,52.75,"5,464,700",50.46
"Dec 12, 2008",50.51,53.91,50.50,52.95,"6,275,000",50.65
"Dec 11, 2008",52.40,54.59,51.72,52.09,"7,482,100",49.83
"Dec 10, 2008",53.15,53.85,50.95,53.16,"7,546,700",50.85
"Dec 9, 2008",55.50,56.44,53.10,53.53,"8,031,800",51.21
"Dec 8, 2008",54.40,57.67,53.97,56.16,"13,273,400",53.72
"Dec 5, 2008",49.75,53.47,48.50,53.18,"10,247,900",50.87
"Dec 4, 2008",51.93,52.75,50.22,50.81,"7,621,100",48.61
"Dec 3, 2008",48.12,52.75,48.11,52.44,"9,099,900",50.16
"Dec 2, 2008",48.69,49.76,47.53,49.68,"6,643,300",47.52
"Dec 1, 2008",51.00,51.14,47.67,48.05,"7,737,900",45.97
"Nov 28, 2008",51.71,52.74,51.17,52.56,"2,652,500",50.28
"Nov 26, 2008",48.81,52.00,48.20,52.00,"6,917,500",49.74
"Nov 25, 2008",50.36,50.97,49.00,49.53,"11,239,900",47.38
"Nov 24, 2008",47.61,50.00,45.78,49.72,"11,213,400",47.56
"Nov 21, 2008",49.60,49.60,43.54,46.38,"21,192,800",44.37
"Nov 20, 2008",50.21,51.30,48.00,48.14,"12,747,500",46.05
"Nov 19, 2008",54.00,55.84,51.24,51.58,"8,737,000",49.34
"Nov 18, 2008",52.79,55.08,52.61,54.64,"7,870,700",52.27
"Nov 17, 2008",53.11,54.23,51.66,52.76,"7,325,800",50.47
"Nov 14, 2008",53.11,57.00,52.45,54.24,"9,352,600",51.89
"Nov 13, 2008",51.88,54.58,49.89,54.44,"9,683,400",52.08
"Nov 12, 2008",52.45,55.65,51.18,51.75,"10,686,500",49.50
"Nov 11, 2008",50.99,54.99,50.36,53.79,"8,098,200",51.36
"Nov 10, 2008",55.30,55.30,51.20,51.99,"6,629,200",49.64
"Nov 7, 2008",52.45,54.80,51.31,53.50,"7,726,600",51.08
"Nov 6, 2008",55.04,56.00,50.74,51.53,"13,023,200",49.20
"Nov 5, 2008",58.29,59.20,56.43,56.47,"11,248,000",53.91
"Nov 4, 2008",54.38,60.45,53.88,59.81,"18,400,900",57.10
"Nov 3, 2008",55.92,56.10,51.91,52.49,"7,106,300",50.11
"Oct 31, 2008",53.89,56.08,53.00,55.35,"10,093,200",52.85
"Oct 30, 2008",50.59,56.16,50.58,54.25,"18,728,300",51.80
"Oct 29, 2008",50.40,53.51,49.51,50.69,"13,998,600",48.40
"Oct 28, 2008",47.90,51.58,47.05,49.97,"14,609,000",47.71
"Oct 27, 2008",47.01,49.20,46.44,46.59,"10,475,400",44.48
"Oct 24, 2008",43.80,48.50,43.74,47.98,"10,199,700",45.81
"Oct 23, 2008",48.76,49.55,45.74,48.32,"11,992,500",46.13
"Oct 22, 2008",49.97,52.00,48.00,48.51,"10,060,900",46.31
"Oct 21, 2008",51.35,53.07,50.29,50.70,"7,248,900",48.41
"Oct 20, 2008",53.31,53.82,51.12,52.01,"8,991,400",49.66
"Oct 17, 2008",51.50,55.07,51.50,52.22,"8,774,600",49.86
"Oct 16, 2008",50.15,53.33,48.04,53.07,"14,015,700",50.67
"Oct 15, 2008",55.52,56.00,48.53,49.75,"19,174,800",47.50
"Oct 14, 2008",62.00,62.11,55.25,57.61,"13,285,600",55.00
"Oct 13, 2008",54.99,59.00,53.59,58.87,"12,358,300",56.21
"Oct 10, 2008",47.00,53.95,47.00,52.00,"18,135,400",49.65
"Oct 9, 2008",53.79,55.94,49.41,49.85,"10,634,400",47.59
"Oct 8, 2008",49.01,54.43,47.75,52.63,"18,802,600",50.25
"Oct 7, 2008",56.00,56.44,50.62,51.15,"18,961,400",48.84
"Oct 6, 2008",53.42,56.02,50.25,55.38,"21,840,200",52.87
"Oct 3, 2008",59.07,60.17,56.31,56.84,"14,588,900",54.27
"Oct 2, 2008",61.49,61.49,57.31,57.59,"8,804,000",54.98
"Oct 1, 2008",60.75,62.10,59.21,61.31,"6,763,500",58.54
"Sep 30, 2008",56.38,61.43,56.38,61.39,"9,680,100",58.61
"Sep 29, 2008",60.30,60.48,55.89,57.80,"19,609,800",55.18
"Sep 26, 2008",62.73,63.40,60.80,62.04,"12,792,800",59.23
"Sep 25, 2008",65.75,66.47,64.54,64.60,"5,973,800",61.68
"Sep 24, 2008",67.05,67.72,65.50,65.68,"6,133,100",62.71
"Sep 23, 2008",65.85,67.47,64.11,66.90,"10,950,900",63.87
"Sep 22, 2008",68.92,68.99,64.90,65.18,"11,566,600",62.23
"Sep 19, 2008",71.01,71.16,67.04,69.57,"17,235,400",66.42
"Sep 18, 2008",64.20,67.24,58.38,66.90,"21,047,300",63.87
"Sep 17, 2008",65.81,67.95,64.01,64.09,"16,884,200",61.19
"Sep 16, 2008",66.62,68.96,65.00,66.35,"20,899,100",63.35
"Sep 15, 2008",68.66,70.98,68.26,69.38,"9,683,600",66.24
"Sep 12, 2008",69.93,71.66,69.25,71.65,"7,060,100",68.41
"Sep 11, 2008",67.41,71.36,67.05,70.95,"11,783,000",67.74
"Sep 10, 2008",67.27,69.90,66.63,69.04,"10,984,200",65.92
"Sep 9, 2008",70.35,70.35,67.18,67.49,"12,470,500",64.44
"Sep 8, 2008",73.51,74.29,68.68,70.10,"14,167,400",66.93
"Sep 5, 2008",69.97,71.98,69.25,71.76,"10,154,200",68.51
"Sep 4, 2008",72.52,72.63,69.75,70.50,"9,417,500",67.31
"Sep 3, 2008",74.56,75.34,72.07,73.05,"8,850,200",69.74
"Sep 2, 2008",76.83,77.50,74.39,74.99,"7,474,600",71.60
"Aug 29, 2008",74.96,76.00,74.70,75.90,"4,831,600",72.47
"Aug 28, 2008",74.75,75.81,74.17,75.65,"6,685,300",72.23
"Aug 27, 2008",73.03,74.50,72.85,74.45,"4,785,400",71.08
"Aug 26, 2008",73.67,74.30,72.87,73.34,"4,666,800",70.02
"Aug 25, 2008",73.52,74.89,73.13,73.32,"4,509,900",70.00
"Aug 22, 2008",75.36,75.79,73.84,74.09,"5,238,900",70.74
"Aug 21, 2008",73.96,74.64,73.19,74.38,"3,886,200",71.01
"Aug 20, 2008",74.10,74.71,73.66,74.57,"4,529,700",71.20
"Aug 19, 2008",74.45,75.24,73.61,73.74,"5,276,200",70.40
"Aug 18, 2008",75.62,76.25,74.14,74.94,"6,462,600",71.55
"Aug 15, 2008",75.99,76.53,74.83,75.79,"6,500,800",72.36
"Aug 14, 2008",73.87,75.79,73.60,75.78,"6,459,800",72.35
"Aug 13, 2008",72.75,74.17,72.48,73.93,"7,481,200",70.58
"Aug 12, 2008",74.20,74.80,72.60,72.80,"8,433,600",69.41
"Aug 11, 2008",72.44,76.50,71.95,74.79,"13,822,300",71.30
"Aug 8, 2008",69.77,72.85,69.11,72.60,"9,088,600",69.21
"Aug 7, 2008",70.78,71.25,69.34,69.50,"10,961,800",66.26
"Aug 6, 2008",72.80,72.81,71.07,71.48,"10,231,000",68.15
"Aug 5, 2008",73.20,74.23,72.32,73.60,"8,588,700",70.17
"Aug 4, 2008",71.76,73.60,71.50,72.50,"10,671,500",69.12
"Aug 1, 2008",73.30,74.10,70.35,71.73,"15,428,900",68.39
"Jul 31, 2008",76.22,78.15,71.49,73.06,"37,222,200",69.65
"Jul 30, 2008",77.25,78.90,74.27,78.45,"19,022,300",74.79
"Jul 29, 2008",71.03,75.97,71.01,75.97,"12,260,100",72.43
"Jul 28, 2008",72.41,73.60,70.25,70.55,"8,924,800",67.26
"Jul 25, 2008",70.54,72.35,69.07,71.96,"9,672,700",68.60
"Jul 24, 2008",72.92,73.73,69.96,70.08,"9,156,400",66.81
"Jul 23, 2008",73.50,75.00,72.60,73.25,"12,485,700",69.83
"Jul 22, 2008",69.60,74.23,67.90,74.05,"16,352,000",70.60
"Jul 21, 2008",73.91,74.94,71.57,71.90,"13,234,300",68.55
"Jul 18, 2008",74.24,74.49,72.12,73.40,"11,658,000",69.98
"Jul 17, 2008",73.70,75.06,71.35,75.06,"16,817,200",71.56
"Jul 16, 2008",68.33,72.56,66.51,72.23,"23,112,200",68.86
"Jul 15, 2008",71.26,71.31,67.29,68.42,"21,067,200",65.23
"Jul 14, 2008",76.09,76.18,72.50,72.58,"10,669,900",69.20
"Jul 11, 2008",75.60,77.45,74.00,74.55,"13,661,300",71.07
"Jul 10, 2008",75.76,77.62,73.89,77.25,"13,203,000",73.65
"Jul 9, 2008",79.00,79.10,75.40,75.87,"13,830,500",72.33
"Jul 8, 2008",74.89,79.50,72.25,79.06,"23,949,100",75.37
"Jul 7, 2008",78.50,79.94,74.00,75.62,"19,986,100",72.09
"Jul 3, 2008",79.36,79.81,77.25,78.07,"7,184,700",74.43
"Jul 2, 2008",81.90,82.40,79.30,79.42,"8,451,000",75.72
"Jul 1, 2008",79.64,81.41,79.20,81.41,"11,230,400",77.61
"Jun 30, 2008",82.01,82.84,80.30,81.31,"12,325,300",77.52
"Jun 27, 2008",78.80,82.87,78.55,82.60,"44,005,700",78.75
"Jun 26, 2008",80.60,80.74,78.02,79.10,"19,140,700",75.41
"Jun 25, 2008",83.36,84.42,81.86,82.06,"12,677,900",78.23
"Jun 24, 2008",80.06,82.94,78.51,82.66,"12,472,800",78.81
"Jun 23, 2008",83.85,84.35,81.02,81.06,"7,535,300",77.28
"Jun 20, 2008",82.97,84.50,82.75,83.57,"10,636,700",79.67
"Jun 19, 2008",83.48,84.40,81.62,84.27,"9,231,300",80.34
"Jun 18, 2008",83.72,84.70,83.44,83.86,"8,431,000",79.95
"Jun 17, 2008",84.10,84.98,83.68,84.67,"8,319,400",80.72
"Jun 16, 2008",81.48,83.50,81.10,83.27,"8,596,000",79.39
"Jun 13, 2008",80.26,81.81,80.15,81.53,"7,672,300",77.73
"Jun 12, 2008",78.95,80.77,78.55,79.56,"11,151,400",75.85
"Jun 11, 2008",81.00,81.00,77.60,77.74,"14,249,100",74.11
"Jun 10, 2008",80.30,82.87,79.61,80.31,"9,012,100",76.57
"Jun 9, 2008",84.00,84.95,80.56,82.14,"11,310,000",78.31
"Jun 6, 2008",85.90,85.99,83.55,83.65,"10,437,000",79.75
"Jun 5, 2008",86.46,87.24,85.59,87.24,"6,764,900",83.17
"Jun 4, 2008",87.08,88.10,85.28,85.48,"10,171,100",81.49
"Jun 3, 2008",87.01,87.95,86.03,87.56,"12,102,900",83.48
"Jun 2, 2008",86.21,86.95,84.60,86.07,"9,214,000",82.06
"May 30, 2008",86.02,87.56,85.81,86.36,"18,004,000",82.33
"May 29, 2008",83.43,86.95,83.01,85.25,"25,153,300",81.27
"May 28, 2008",80.29,81.95,79.55,81.92,"13,249,000",78.10
"May 27, 2008",76.92,78.94,74.36,78.74,"15,694,100",75.07
"May 23, 2008",75.84,77.31,75.12,76.35,"10,549,100",72.79
"May 22, 2008",80.57,80.60,76.16,77.31,"21,320,900",73.70
"May 21, 2008",82.68,83.43,80.52,80.85,"10,457,900",77.08
"May 20, 2008",82.88,83.84,81.91,82.74,"10,175,500",78.88
"May 19, 2008",82.27,84.74,82.15,83.32,"11,368,300",79.43
"May 16, 2008",82.71,82.85,81.26,82.37,"8,516,700",78.53
"May 15, 2008",82.53,82.93,81.11,82.25,"9,172,200",78.41
"May 14, 2008",83.30,84.35,81.45,82.23,"12,850,100",78.40
"May 13, 2008",81.83,83.50,80.79,82.38,"13,312,400",78.54
"May 12, 2008",83.65,84.48,78.10,81.90,"36,867,900",78.08
"May 9, 2008",85.81,86.67,82.52,82.86,"23,578,000",79.00
"May 8, 2008",89.50,89.75,85.94,87.30,"23,209,100",83.23
"May 7, 2008",88.83,89.84,87.66,88.50,"25,116,200",84.37
"May 6, 2008",85.47,88.15,84.75,87.53,"18,978,300",83.45
"May 5, 2008",82.85,85.50,80.82,85.06,"17,594,300",81.09
"May 2, 2008",87.29,87.50,81.00,82.75,"34,162,200",78.89
"May 1, 2008",84.39,87.64,83.90,85.40,"29,098,900",81.42
"Apr 30, 2008",81.40,84.81,81.07,83.45,"36,885,900",79.56
"Apr 29, 2008",74.15,80.88,71.00,80.88,"49,327,100",77.11
"Apr 28, 2008",76.50,77.29,74.90,75.63,"33,129,300",72.10
"Apr 25, 2008",76.00,76.08,73.91,75.10,"25,365,000",71.60
"Apr 24, 2008",71.20,72.99,70.04,72.30,"9,521,700",68.93
"Apr 23, 2008",70.95,71.70,69.69,70.08,"9,329,900",66.81
"Apr 22, 2008",71.92,72.40,70.00,70.28,"11,839,400",67.00
"Apr 21, 2008",69.48,72.50,68.85,70.97,"14,712,000",67.66
"Apr 18, 2008",68.01,70.45,67.20,69.00,"26,024,900",65.78
"Apr 17, 2008",66.26,67.75,66.01,67.04,"5,614,900",63.91
"Apr 16, 2008",64.56,66.95,64.56,66.14,"6,284,200",63.06
"Apr 15, 2008",66.29,66.55,64.00,64.35,"5,972,000",61.35
"Apr 14, 2008",66.70,67.24,65.53,65.68,"7,110,900",62.62
"Apr 11, 2008",65.25,66.77,65.25,66.11,"6,605,400",63.03
"Apr 10, 2008",66.16,66.73,65.11,66.11,"5,593,000",63.03
"Apr 9, 2008",68.44,68.72,65.61,65.79,"12,081,100",62.72
"Apr 8, 2008",64.90,68.24,64.81,68.09,"13,481,400",64.91
"Apr 7, 2008",65.10,65.80,64.02,65.04,"7,075,400",62.01
"Apr 4, 2008",64.90,65.32,63.75,64.48,"9,098,600",61.47
"Apr 3, 2008",61.95,66.29,61.82,65.50,"25,217,000",62.45
"Apr 2, 2008",61.72,62.32,60.50,62.32,"10,959,100",59.41
"Apr 1, 2008",63.06,63.68,60.31,61.61,"15,102,700",58.74
"Mar 31, 2008",62.60,63.48,62.05,62.36,"5,539,300",59.45
"Mar 28, 2008",63.37,63.44,62.16,62.76,"6,168,800",59.83
"Mar 27, 2008",64.05,64.74,62.65,62.91,"9,957,400",59.98
"Mar 26, 2008",62.73,64.48,61.57,63.96,"10,777,900",60.98
"Mar 25, 2008",60.58,64.25,59.82,63.25,"21,773,000",60.30
"Mar 24, 2008",67.24,67.70,59.00,59.73,"37,391,600",56.94
"Mar 20, 2008",58.40,65.00,57.50,64.35,"49,746,300",61.35
"Mar 19, 2008",59.50,69.00,55.00,56.50,"177,121,500",53.87
"Jun 19, 2008",83.48,84.40,81.62,84.27,"9,231,300",80.34
"Jun 18, 2008",83.72,84.70,83.44,83.86,"8,431,000",79.95
"Jun 17, 2008",84.10,84.98,83.68,84.67,"8,319,400",80.72
"Jun 16, 2008",81.48,83.50,81.10,83.27,"8,596,000",79.39
"Jun 13, 2008",80.26,81.81,80.15,81.53,"7,672,300",77.73
"Jun 12, 2008",78.95,80.77,78.55,79.56,"11,151,400",75.85
"Jun 11, 2008",81.00,81.00,77.60,77.74,"14,249,100",74.11
"Jun 10, 2008",80.30,82.87,79.61,80.31,"9,012,100",76.57
"Jun 9, 2008",84.00,84.95,80.56,82.14,"11,310,000",78.31
"Jun 6, 2008",85.90,85.99,83.55,83.65,"10,437,000",79.75
"Jun 5, 2008",86.46,87.24,85.59,87.24,"6,764,900",83.17
"Jun 4, 2008",87.08,88.10,85.28,85.48,"10,171,100",81.49
"Jun 3, 2008",87.01,87.95,86.03,87.56,"12,102,900",83.48
"Jun 2, 2008",86.21,86.95,84.60,86.07,"9,214,000",82.06
"May 30, 2008",86.02,87.56,85.81,86.36,"18,004,000",82.33
"May 29, 2008",83.43,86.95,83.01,85.25,"25,153,300",81.27
"May 28, 2008",80.29,81.95,79.55,81.92,"13,249,000",78.10
"May 27, 2008",76.92,78.94,74.36,78.74,"15,694,100",75.07
"May 23, 2008",75.84,77.31,75.12,76.35,"10,549,100",72.79
"May 22, 2008",80.57,80.60,76.16,77.31,"21,320,900",73.70
"May 21, 2008",82.68,83.43,80.52,80.85,"10,457,900",77.08
"May 20, 2008",82.88,83.84,81.91,82.74,"10,175,500",78.88
"May 19, 2008",82.27,84.74,82.15,83.32,"11,368,300",79.43
"May 16, 2008",82.71,82.85,81.26,82.37,"8,516,700",78.53
"May 15, 2008",82.53,82.93,81.11,82.25,"9,172,200",78.41
"May 14, 2008",83.30,84.35,81.45,82.23,"12,850,100",78.40
"May 13, 2008",81.83,83.50,80.79,82.38,"13,312,400",78.54
"May 12, 2008",83.65,84.48,78.10,81.90,"36,867,900",78.08
"May 9, 2008",85.81,86.67,82.52,82.86,"23,578,000",79.00
"May 8, 2008",89.50,89.75,85.94,87.30,"23,209,100",83.23
"May 7, 2008",88.83,89.84,87.66,88.50,"25,116,200",84.37
"May 6, 2008",85.47,88.15,84.75,87.53,"18,978,300",83.45
"May 5, 2008",82.85,85.50,80.82,85.06,"17,594,300",81.09
"May 2, 2008",87.29,87.50,81.00,82.75,"34,162,200",78.89
"May 1, 2008",84.39,87.64,83.90,85.40,"29,098,900",81.42
"Apr 30, 2008",81.40,84.81,81.07,83.45,"36,885,900",79.56
"Apr 29, 2008",74.15,80.88,71.00,80.88,"49,327,100",77.11
"Apr 28, 2008",76.50,77.29,74.90,75.63,"33,129,300",72.10
"Apr 25, 2008",76.00,76.08,73.91,75.10,"25,365,000",71.60
"Apr 24, 2008",71.20,72.99,70.04,72.30,"9,521,700",68.93
"Apr 23, 2008",70.95,71.70,69.69,70.08,"9,329,900",66.81
"Apr 22, 2008",71.92,72.40,70.00,70.28,"11,839,400",67.00
"Apr 21, 2008",69.48,72.50,68.85,70.97,"14,712,000",67.66
"Apr 18, 2008",68.01,70.45,67.20,69.00,"26,024,900",65.78
"Apr 17, 2008",66.26,67.75,66.01,67.04,"5,614,900",63.91
"Apr 16, 2008",64.56,66.95,64.56,66.14,"6,284,200",63.06
"Apr 15, 2008",66.29,66.55,64.00,64.35,"5,972,000",61.35
"Apr 14, 2008",66.70,67.24,65.53,65.68,"7,110,900",62.62
"Apr 11, 2008",65.25,66.77,65.25,66.11,"6,605,400",63.03
"Apr 10, 2008",66.16,66.73,65.11,66.11,"5,593,000",63.03
"Apr 9, 2008",68.44,68.72,65.61,65.79,"12,081,100",62.72
"Apr 8, 2008",64.90,68.24,64.81,68.09,"13,481,400",64.91
"Apr 7, 2008",65.10,65.80,64.02,65.04,"7,075,400",62.01
"Apr 4, 2008",64.90,65.32,63.75,64.48,"9,098,600",61.47
"Apr 3, 2008",61.95,66.29,61.82,65.50,"25,217,000",62.45
"Apr 2, 2008",61.72,62.32,60.50,62.32,"10,959,100",59.41
"Apr 1, 2008",63.06,63.68,60.31,61.61,"15,102,700",58.74
"Mar 31, 2008",62.60,63.48,62.05,62.36,"5,539,300",59.45
"Mar 28, 2008",63.37,63.44,62.16,62.76,"6,168,800",59.83
"Mar 27, 2008",64.05,64.74,62.65,62.91,"9,957,400",59.98
"Mar 26, 2008",62.73,64.48,61.57,63.96,"10,777,900",60.98
"Mar 25, 2008",60.58,64.25,59.82,63.25,"21,773,000",60.30
"Mar 24, 2008",67.24,67.70,59.00,59.73,"37,391,600",56.94
"Mar 20, 2008",58.40,65.00,57.50,64.35,"49,746,300",61.35
"Mar 19, 2008",59.50,69.00,55.00,56.50,"177,121,500",53.87
